[INFO] [launch]: All log files can be found below /home/brookz/.ros/log/2026-06-20-17-16-03-117590-brookz-Lenovo-Legion-R9000P2021H-3887
[INFO] [launch]: Default logging verbosity is set to INFO
[INFO] [gazebo-1]: process started with pid [3894]
[INFO] [parameter_bridge-2]: process started with pid [3895]
[INFO] [robot_state_publisher-3]: process started with pid [3896]
[INFO] [joint_state_publisher-4]: process started with pid [3898]
[INFO] [robot_state_publisher-5]: process started with pid [3899]
[INFO] [static_transform_publisher-6]: process started with pid [3900]
[INFO] [create-7]: process started with pid [3901]
[INFO] [create-8]: process started with pid [3902]
[INFO] [parameter_bridge-9]: process started with pid [3903]
[INFO] [parameter_bridge-10]: process started with pid [3904]
[INFO] [parameter_bridge-11]: process started with pid [3905]
[INFO] [parameter_bridge-12]: process started with pid [3906]
[INFO] [parameter_bridge-13]: process started with pid [3907]
[INFO] [parameter_bridge-14]: process started with pid [3908]
[INFO] [parameter_bridge-15]: process started with pid [3909]
[INFO] [parameter_bridge-16]: process started with pid [3910]
[INFO] [parameter_bridge-17]: process started with pid [3911]
[INFO] [parameter_bridge-18]: process started with pid [3912]
[INFO] [parameter_bridge-19]: process started with pid [3913]
[INFO] [parameter_bridge-20]: process started with pid [3914]
[INFO] [parameter_bridge-21]: process started with pid [3915]
[INFO] [parameter_bridge-22]: process started with pid [3916]
[INFO] [parameter_bridge-23]: process started with pid [3917]
[INFO] [parameter_bridge-24]: process started with pid [3918]
[INFO] [parameter_bridge-25]: process started with pid [3919]
[INFO] [parameter_bridge-26]: process started with pid [3920]
[INFO] [parameter_bridge-27]: process started with pid [3921]
[INFO] [parameter_bridge-28]: process started with pid [3922]
[INFO] [parameter_bridge-29]: process started with pid [3923]
[INFO] [turtlebot4_node-30]: process started with pid [3924]
[INFO] [turtlebot4_gz_hmi_node-31]: process started with pid [3927]
[INFO] [spawner-32]: process started with pid [3928]
[INFO] [hazards_vector_publisher-33]: process started with pid [3929]
[INFO] [ir_intensity_vector_publisher-34]: process started with pid [3932]
[INFO] [motion_control-35]: process started with pid [3933]
[INFO] [wheel_status_publisher-36]: process started with pid [3934]
[INFO] [mock_publisher-37]: process started with pid [3937]
[INFO] [robot_state-38]: process started with pid [3938]
[INFO] [kidnap_estimator_publisher-39]: process started with pid [3939]
[INFO] [ui_mgr-40]: process started with pid [3946]
[INFO] [pose_republisher_node-41]: process started with pid [3951]
[INFO] [sensors_node-42]: process started with pid [3952]
[INFO] [interface_buttons_node-43]: process started with pid [3953]
[INFO] [static_transform_publisher-44]: process started with pid [3957]
[INFO] [static_transform_publisher-45]: process started with pid [3959]
[static_transform_publisher-6] [WARN] [1781972164.066861436] []: Old-style arguments are deprecated; see --help for new-style arguments
[static_transform_publisher-44] [WARN] [1781972164.111492979] []: Old-style arguments are deprecated; see --help for new-style arguments
[static_transform_publisher-45] [WARN] [1781972164.127046934] []: Old-style arguments are deprecated; see --help for new-style arguments
[robot_state_publisher-3] [WARN] [1781972164.163335467] [kdl_parser]: The root link base_link has an inertia specified in the URDF, but KDL does not support a root link with an inertia.  As a workaround, you can add an extra dummy link to your URDF.
[robot_state_publisher-3] [INFO] [1781972164.164458735] [robot_state_publisher]: Robot initialized
[kidnap_estimator_publisher-39] [INFO] [1781972164.177078601] [kidnap_estimator_publisher]: Advertised topic: kidnap_status
[robot_state_publisher-5] [WARN] [1781972164.181641232] [kdl_parser]: The root link std_dock_link has an inertia specified in the URDF, but KDL does not support a root link with an inertia.  As a workaround, you can add an extra dummy link to your URDF.
[robot_state_publisher-5] [INFO] [1781972164.181776717] [dock_state_publisher]: Robot initialized
[kidnap_estimator_publisher-39] [INFO] [1781972164.184923391] [kidnap_estimator_publisher]: Subscription to topic: hazard_detection
[turtlebot4_node-30] [INFO] [1781972164.198304697] [turtlebot4_node]: Init Turtlebot4 Node Main
[create-7] [INFO] [1781972164.217844354] [ros_gz_sim]: Requesting list of world names.
[wheel_status_publisher-36] [INFO] [1781972164.248971119] [wheel_status_publisher]: Advertised topic: wheel_vels
[wheel_status_publisher-36] [INFO] [1781972164.254791036] [wheel_status_publisher]: Advertised topic: wheel_ticks
[create-8] [INFO] [1781972164.305213445] [ros_gz_sim]: Requesting list of world names.
[hazards_vector_publisher-33] [INFO] [1781972164.337128048] [hazards_vector_publisher]: Advertised topic: hazard_detection
[static_transform_publisher-6] [INFO] [1781972164.348122933] [tf_odom_std_dock_link_publisher]: Spinning until stopped - publishing transform
[static_transform_publisher-6] translation: ('0.157000', '0.000000', '0.000000')
[static_transform_publisher-6] rotation: ('0.000000', '0.000000', '1.000000', '0.000000')
[static_transform_publisher-6] from 'odom' to 'std_dock_link'
[hazards_vector_publisher-33] [INFO] [1781972164.355160540] [hazards_vector_publisher]: Subscription to topic: _internal/bumper/event
[hazards_vector_publisher-33] [INFO] [1781972164.356047757] [hazards_vector_publisher]: Subscription to topic: _internal/cliff_front_left/event
[hazards_vector_publisher-33] [INFO] [1781972164.357642289] [hazards_vector_publisher]: Subscription to topic: _internal/cliff_front_right/event
[hazards_vector_publisher-33] [INFO] [1781972164.358574063] [hazards_vector_publisher]: Subscription to topic: _internal/cliff_side_left/event
[hazards_vector_publisher-33] [INFO] [1781972164.359454785] [hazards_vector_publisher]: Subscription to topic: _internal/cliff_side_right/event
[hazards_vector_publisher-33] [INFO] [1781972164.360327825] [hazards_vector_publisher]: Subscription to topic: _internal/wheel_drop/left_wheel/event
[hazards_vector_publisher-33] [INFO] [1781972164.362898617] [hazards_vector_publisher]: Subscription to topic: _internal/wheel_drop/right_wheel/event
[hazards_vector_publisher-33] [INFO] [1781972164.365321284] [hazards_vector_publisher]: Subscription to topic: _internal/backup_limit
[parameter_bridge-2] [INFO] [1781972164.366748765] [clock_bridge]: Creating GZ->ROS Bridge: [/clock (gz.msgs.Clock) -> /clock (rosgraph_msgs/msg/Clock)] (Lazy 0)
[gazebo-1] [1;32m[Msg] [0m[1;32mGazebo Sim GUI    v[0m[1;32m8.11.0[0m[1;32m[0m
[gazebo-1] [1;36m[Dbg] [gz.cc:166] [0m[1;36mSubscribing to [[0m[1;36m/gazebo/starting_world[0m[1;36m].[0m[1;36m[0m
[gazebo-1] [1;36m[Dbg] [gz.cc:168] [0m[1;36mWaiting for a world to be set from the GUI...[0m[1;36m[0m
[gazebo-1] [1;36m[Dbg] [Gui.cc:275] [0m[1;36mWaiting for subscribers to [[0m[1;36m/gazebo/starting_world[0m[1;36m]...[0m[1;36m[0m
[parameter_bridge-21] [INFO] [1781972164.386930579] [ir_intensity_left_bridge]: Creating GZ->ROS Bridge: [/world/warehouse/model/turtlebot4/link/ir_intensity_left/sensor/ir_intensity_left/scan (gz.msgs.LaserScan) -> /world/warehouse/model/turtlebot4/link/ir_intensity_left/sensor/ir_intensity_left/scan (sensor_msgs/msg/LaserScan)] (Lazy 0)
[ir_intensity_vector_publisher-34] [INFO] [1781972164.405531548] [ir_intensity_vector_publisher]: Advertised topic: ir_intensity
[ir_intensity_vector_publisher-34] [INFO] [1781972164.410815183] [ir_intensity_vector_publisher]: Subscription to topic: _internal/ir_intensity_front_center_left
[ir_intensity_vector_publisher-34] [INFO] [1781972164.412651912] [ir_intensity_vector_publisher]: Subscription to topic: _internal/ir_intensity_front_center_right
[ir_intensity_vector_publisher-34] [INFO] [1781972164.413553655] [ir_intensity_vector_publisher]: Subscription to topic: _internal/ir_intensity_front_left
[ir_intensity_vector_publisher-34] [INFO] [1781972164.414352039] [ir_intensity_vector_publisher]: Subscription to topic: _internal/ir_intensity_front_right
[ir_intensity_vector_publisher-34] [INFO] [1781972164.422595671] [ir_intensity_vector_publisher]: Subscription to topic: _internal/ir_intensity_left
[ir_intensity_vector_publisher-34] [INFO] [1781972164.430724700] [ir_intensity_vector_publisher]: Subscription to topic: _internal/ir_intensity_right
[ui_mgr-40] [INFO] [1781972164.444421951] [ui_mgr]: Subscription to topic: cmd_lightring
[ir_intensity_vector_publisher-34] [INFO] [1781972164.451044582] [ir_intensity_vector_publisher]: Subscription to topic: _internal/ir_intensity_side_left
[ui_mgr-40] [INFO] [1781972164.460327258] [ui_mgr]: Subscription to topic: cmd_audio
[robot_state-38] [INFO] [1781972164.470875672] [robot_state]: Advertised topic: battery_state
[robot_state-38] [INFO] [1781972164.477290536] [robot_state]: Subscription to topic: dock_status
[parameter_bridge-12] [INFO] [1781972164.484118979] [bumper_contact_bridge]: Creating GZ->ROS Bridge: [/bumper_contact (gz.msgs.Contacts) -> /bumper_contact (ros_gz_interfaces/msg/Contacts)] (Lazy 0)
[gazebo-1] [1;32m[Msg] [0m[1;32mReceived world [[0m[1;32mwarehouse.sdf[0m[1;32m] from the GUI.[0m[1;32m[0m
[gazebo-1] [1;36m[Dbg] [gz.cc:172] [0m[1;36mUnsubscribing from [[0m[1;36m/gazebo/starting_world[0m[1;36m].[0m[1;36m[0m
[gazebo-1] [1;32m[Msg] [0m[1;32mGazebo Sim Server v[0m[1;32m8.11.0[0m[1;32m[0m
[robot_state-38] [INFO] [1781972164.487010186] [robot_state]: Advertised topic: stop_status
[robot_state-38] [INFO] [1781972164.492743365] [robot_state]: Subscription to topic: odom
[gazebo-1] [1;32m[Msg] [0m[1;32mLoading SDF world file[[0m[1;32m/opt/ros/jazzy/share/turtlebot4_gz_bringup/worlds/warehouse.sdf[0m[1;32m].[0m
[parameter_bridge-19] [INFO] [1781972164.496077762] [ir_intensity_front_left_bridge]: Creating GZ->ROS Bridge: [/world/warehouse/model/turtlebot4/link/ir_intensity_front_left/sensor/ir_intensity_front_left/scan (gz.msgs.LaserScan) -> /world/warehouse/model/turtlebot4/link/ir_intensity_front_left/sensor/ir_intensity_front_left/scan (sensor_msgs/msg/LaserScan)] (Lazy 0)
[mock_publisher-37] [INFO] [1781972164.580537279] [mock_publisher]: Advertised mocked topic: slip_status
[static_transform_publisher-45] [INFO] [1781972164.589027159] [camera_stf]: Spinning until stopped - publishing transform
[static_transform_publisher-45] translation: ('0.000000', '0.000000', '0.000000')
[static_transform_publisher-45] rotation: ('0.499952', '-0.500000', '0.500000', '0.500048')
[static_transform_publisher-45] from 'oakd_rgb_camera_optical_frame' to 'turtlebot4/oakd_rgb_camera_frame/rgbd_camera'
[gazebo-1] [1;36m[Dbg] [Application.cc:96] [0m[1;36mInitializing application.[0m[1;36m[0m
[gazebo-1] [1;36m[Dbg] [Application.cc:170] [0m[1;36mQt using OpenGL graphics interface[0m[1;36m[0m
[gazebo-1] [1;36m[GUI] [Dbg] [Application.cc:657] [0m[1;36mCreate main window[0m[1;36m[0m
[parameter_bridge-23] [INFO] [1781972164.666618495] [ir_intensity_side_left_bridge]: Creating GZ->ROS Bridge: [/world/warehouse/model/turtlebot4/link/ir_intensity_side_left/sensor/ir_intensity_side_left/scan (gz.msgs.LaserScan) -> /world/warehouse/model/turtlebot4/link/ir_intensity_side_left/sensor/ir_intensity_side_left/scan (sensor_msgs/msg/LaserScan)] (Lazy 0)
[parameter_bridge-14] [INFO] [1781972164.672219681] [cliff_front_right_bridge]: Creating GZ->ROS Bridge: [/world/warehouse/model/turtlebot4/link/base_link/sensor/cliff_front_right/scan (gz.msgs.LaserScan) -> /world/warehouse/model/turtlebot4/link/base_link/sensor/cliff_front_right/scan (sensor_msgs/msg/LaserScan)] (Lazy 0)
[static_transform_publisher-44] [INFO] [1781972164.674681178] [rplidar_stf]: Spinning until stopped - publishing transform
[static_transform_publisher-44] translation: ('0.000000', '0.000000', '0.000000')
[static_transform_publisher-44] rotation: ('0.000000', '0.000000', '0.000000', '1.000000')
[static_transform_publisher-44] from 'rplidar_link' to 'turtlebot4/rplidar_link/rplidar'
[parameter_bridge-16] [INFO] [1781972164.695515065] [cliff_side_right_bridge]: Creating GZ->ROS Bridge: [/world/warehouse/model/turtlebot4/link/base_link/sensor/cliff_side_right/scan (gz.msgs.LaserScan) -> /world/warehouse/model/turtlebot4/link/base_link/sensor/cliff_side_right/scan (sensor_msgs/msg/LaserScan)] (Lazy 0)
[parameter_bridge-13] [INFO] [1781972164.699147180] [cliff_front_left_bridge]: Creating GZ->ROS Bridge: [/world/warehouse/model/turtlebot4/link/base_link/sensor/cliff_front_left/scan (gz.msgs.LaserScan) -> /world/warehouse/model/turtlebot4/link/base_link/sensor/cliff_front_left/scan (sensor_msgs/msg/LaserScan)] (Lazy 0)
[parameter_bridge-10] [INFO] [1781972164.706337521] [pose_bridge]: Creating GZ->ROS Bridge: [/model/turtlebot4/pose (gz.msgs.Pose_V) -> /model/turtlebot4/pose (tf2_msgs/msg/TFMessage)] (Lazy 0)
[parameter_bridge-10] [INFO] [1781972164.717647374] [pose_bridge]: Creating GZ->ROS Bridge: [/model/standard_dock/pose (gz.msgs.Pose_V) -> /model/standard_dock/pose (tf2_msgs/msg/TFMessage)] (Lazy 0)
[parameter_bridge-9] [INFO] [1781972164.728726972] [cmd_vel_bridge]: Creating GZ->ROS Bridge: [/cmd_vel (gz.msgs.Twist) -> /cmd_vel (geometry_msgs/msg/TwistStamped)] (Lazy 0)
[parameter_bridge-18] [INFO] [1781972164.740825082] [ir_intensity_front_center_right_bridge]: Creating GZ->ROS Bridge: [/world/warehouse/model/turtlebot4/link/ir_intensity_front_center_right/sensor/ir_intensity_front_center_right/scan (gz.msgs.LaserScan) -> /world/warehouse/model/turtlebot4/link/ir_intensity_front_center_right/sensor/ir_intensity_front_center_right/scan (sensor_msgs/msg/LaserScan)] (Lazy 0)
[parameter_bridge-9] [INFO] [1781972164.757912530] [cmd_vel_bridge]: Creating ROS->GZ Bridge: [/model/turtlebot4/cmd_vel (geometry_msgs/msg/TwistStamped) -> /model/turtlebot4/cmd_vel (gz.msgs.Twist)] (Lazy 0)
[parameter_bridge-26] [INFO] [1781972164.767247724] [hmi_buttons_msg_bridge]: Creating GZ->ROS Bridge: [/hmi/buttons (gz.msgs.Int32) -> /hmi/buttons (std_msgs/msg/Int32)] (Lazy 0)
[turtlebot4_node-30] [INFO] [1781972164.772418082] [turtlebot4_node]: Buttons Init
[parameter_bridge-27] [INFO] [1781972164.773976718] [hmi_led_msg_bridge]: Creating ROS->GZ Bridge: [/hmi/led/power (std_msgs/msg/Int32) -> /hmi/led/power (gz.msgs.Int32)] (Lazy 0)
[parameter_bridge-28] [INFO] [1781972164.774517192] [lidar_bridge]: Creating GZ->ROS Bridge: [/world/warehouse/model/turtlebot4/link/rplidar_link/sensor/rplidar/scan (gz.msgs.LaserScan) -> /world/warehouse/model/turtlebot4/link/rplidar_link/sensor/rplidar/scan (sensor_msgs/msg/LaserScan)] (Lazy 0)
[parameter_bridge-27] [INFO] [1781972164.788865190] [hmi_led_msg_bridge]: Creating ROS->GZ Bridge: [/hmi/led/motors (std_msgs/msg/Int32) -> /hmi/led/motors (gz.msgs.Int32)] (Lazy 0)
[parameter_bridge-27] [INFO] [1781972164.792572590] [hmi_led_msg_bridge]: Creating ROS->GZ Bridge: [/hmi/led/comms (std_msgs/msg/Int32) -> /hmi/led/comms (gz.msgs.Int32)] (Lazy 0)
[parameter_bridge-27] [INFO] [1781972164.796197232] [hmi_led_msg_bridge]: Creating ROS->GZ Bridge: [/hmi/led/wifi (std_msgs/msg/Int32) -> /hmi/led/wifi (gz.msgs.Int32)] (Lazy 0)
[parameter_bridge-27] [INFO] [1781972164.797950645] [hmi_led_msg_bridge]: Creating ROS->GZ Bridge: [/hmi/led/battery (std_msgs/msg/Int32) -> /hmi/led/battery (gz.msgs.Int32)] (Lazy 0)
[parameter_bridge-27] [INFO] [1781972164.799551183] [hmi_led_msg_bridge]: Creating ROS->GZ Bridge: [/hmi/led/user1 (std_msgs/msg/Int32) -> /hmi/led/user1 (gz.msgs.Int32)] (Lazy 0)
[parameter_bridge-27] [INFO] [1781972164.801789409] [hmi_led_msg_bridge]: Creating ROS->GZ Bridge: [/hmi/led/user2 (std_msgs/msg/Int32) -> /hmi/led/user2 (gz.msgs.Int32)] (Lazy 0)
[parameter_bridge-15] [INFO] [1781972164.806034279] [cliff_side_left_bridge]: Creating GZ->ROS Bridge: [/world/warehouse/model/turtlebot4/link/base_link/sensor/cliff_side_left/scan (gz.msgs.LaserScan) -> /world/warehouse/model/turtlebot4/link/base_link/sensor/cliff_side_left/scan (sensor_msgs/msg/LaserScan)] (Lazy 0)
[parameter_bridge-17] [INFO] [1781972164.850446393] [ir_intensity_front_center_left_bridge]: Creating GZ->ROS Bridge: [/world/warehouse/model/turtlebot4/link/ir_intensity_front_center_left/sensor/ir_intensity_front_center_left/scan (gz.msgs.LaserScan) -> /world/warehouse/model/turtlebot4/link/ir_intensity_front_center_left/sensor/ir_intensity_front_center_left/scan (sensor_msgs/msg/LaserScan)] (Lazy 0)
[turtlebot4_node-30] [INFO] [1781972164.856724725] [turtlebot4_node]: Init Display
[parameter_bridge-29] [INFO] [1781972164.868163986] [camera_bridge]: Creating GZ->ROS Bridge: [/world/warehouse/model/turtlebot4/link/oakd_rgb_camera_frame/sensor/rgbd_camera/image (gz.msgs.Image) -> /world/warehouse/model/turtlebot4/link/oakd_rgb_camera_frame/sensor/rgbd_camera/image (sensor_msgs/msg/Image)] (Lazy 0)
[parameter_bridge-20] [INFO] [1781972164.869829823] [ir_intensity_front_right_bridge]: Creating GZ->ROS Bridge: [/world/warehouse/model/turtlebot4/link/ir_intensity_front_right/sensor/ir_intensity_front_right/scan (gz.msgs.LaserScan) -> /world/warehouse/model/turtlebot4/link/ir_intensity_front_right/sensor/ir_intensity_front_right/scan (sensor_msgs/msg/LaserScan)] (Lazy 0)
[turtlebot4_node-30] [INFO] [1781972164.870191652] [turtlebot4_node]: Leds Init
[parameter_bridge-29] [INFO] [1781972164.880756686] [camera_bridge]: Creating GZ->ROS Bridge: [/world/warehouse/model/turtlebot4/link/oakd_rgb_camera_frame/sensor/rgbd_camera/depth_image (gz.msgs.Image) -> /world/warehouse/model/turtlebot4/link/oakd_rgb_camera_frame/sensor/rgbd_camera/depth_image (sensor_msgs/msg/Image)] (Lazy 0)
[parameter_bridge-29] [INFO] [1781972164.886813563] [camera_bridge]: Creating GZ->ROS Bridge: [/world/warehouse/model/turtlebot4/link/oakd_rgb_camera_frame/sensor/rgbd_camera/points (gz.msgs.PointCloudPacked) -> /world/warehouse/model/turtlebot4/link/oakd_rgb_camera_frame/sensor/rgbd_camera/points (sensor_msgs/msg/PointCloud2)] (Lazy 0)
[parameter_bridge-29] [INFO] [1781972164.892528235] [camera_bridge]: Creating GZ->ROS Bridge: [/world/warehouse/model/turtlebot4/link/oakd_rgb_camera_frame/sensor/rgbd_camera/camera_info (gz.msgs.CameraInfo) -> /world/warehouse/model/turtlebot4/link/oakd_rgb_camera_frame/sensor/rgbd_camera/camera_info (sensor_msgs/msg/CameraInfo)] (Lazy 0)
[parameter_bridge-22] [INFO] [1781972164.896299536] [ir_intensity_right_bridge]: Creating GZ->ROS Bridge: [/world/warehouse/model/turtlebot4/link/ir_intensity_right/sensor/ir_intensity_right/scan (gz.msgs.LaserScan) -> /world/warehouse/model/turtlebot4/link/ir_intensity_right/sensor/ir_intensity_right/scan (sensor_msgs/msg/LaserScan)] (Lazy 0)
[parameter_bridge-25] [INFO] [1781972164.916793384] [hmi_display_msg_bridge]: Creating ROS->GZ Bridge: [/hmi/display/raw (std_msgs/msg/String) -> /hmi/display/raw (gz.msgs.StringMsg)] (Lazy 0)
[parameter_bridge-25] [INFO] [1781972164.931798555] [hmi_display_msg_bridge]: Creating ROS->GZ Bridge: [/hmi/display/selected (std_msgs/msg/Int32) -> /hmi/display/selected (gz.msgs.Int32)] (Lazy 0)
[parameter_bridge-11] [INFO] [1781972164.937729654] [odom_base_tf_bridge]: Creating GZ->ROS Bridge: [/model/turtlebot4/tf (gz.msgs.Pose_V) -> /model/turtlebot4/tf (tf2_msgs/msg/TFMessage)] (Lazy 0)
[turtlebot4_node-30] [INFO] [1781972164.971537485] [turtlebot4_node]: Turtlebot4 standard running.
[motion_control-35] [INFO] [1781972165.012093725] [motion_control]: Enabling REFLEX_BUMP
[motion_control-35] [INFO] [1781972165.013827373] [motion_control]: Enabling REFLEX_CLIFF
[parameter_bridge-24] [INFO] [1781972165.015512904] [buttons_msg_bridge]: Creating GZ->ROS Bridge: [/create3_buttons (gz.msgs.Int32) -> /create3_buttons (std_msgs/msg/Int32)] (Lazy 0)
[motion_control-35] [INFO] [1781972165.024209294] [motion_control]: Enabling REFLEX_STUCK
[motion_control-35] [INFO] [1781972165.026818078] [motion_control]: Enabling REFLEX_WHEEL_DROP
[parameter_bridge-25] [INFO] [1781972165.027616392] [hmi_display_msg_bridge]: Passing message from ROS std_msgs/msg/Int32 to Gazebo gz.msgs.Int32 (showing msg only once per type)
[parameter_bridge-25] [INFO] [1781972165.028244371] [hmi_display_msg_bridge]: Passing message from ROS std_msgs/msg/String to Gazebo gz.msgs.StringMsg (showing msg only once per type)
[joint_state_publisher-4] [INFO] [1781972165.065438000] [joint_state_publisher]: Waiting for robot_description to be published on the robot_description topic...
[spawner-32] [INFO] [1781972165.065446939] [spawner_joint_state_broadcaster]: waiting for service /controller_manager/list_controllers to become available...
[joint_state_publisher-4] [INFO] [1781972165.087079141] [joint_state_publisher]: Got description, configuring robot
[gazebo-1] [1;33m[GUI] [Wrn] [Application.cc:908] [0m[1;33m[QT] file:///usr/lib/x86_64-linux-gnu/qt5/qml/QtQuick/Dialogs/DefaultFileDialog.qml:413:17: QML ToolButton: Binding loop detected for property "implicitHeight"[0m[1;33m[0m
[gazebo-1] [1;33m[GUI] [Wrn] [Application.cc:908] [0m[1;33m[QT] file:///usr/lib/x86_64-linux-gnu/qt5/qml/QtQuick/Dialogs/DefaultFileDialog.qml:309:21: QML Button: Binding loop detected for property "implicitHeight"[0m[1;33m[0m
[gazebo-1] [1;33m[GUI] [Wrn] [Application.cc:908] [0m[1;33m[QT] file:///usr/lib/x86_64-linux-gnu/qt5/qml/QtQuick/Dialogs/DefaultFileDialog.qml:309:21: QML Button: Binding loop detected for property "implicitHeight"[0m[1;33m[0m
[gazebo-1] [1;33m[GUI] [Wrn] [Application.cc:908] [0m[1;33m[QT] file:///usr/lib/x86_64-linux-gnu/qt5/qml/QtQuick/Dialogs/DefaultFileDialog.qml:413:17: QML ToolButton: Binding loop detected for property "implicitHeight"[0m[1;33m[0m
[gazebo-1] [1;33m[GUI] [Wrn] [Application.cc:908] [0m[1;33m[QT] file:///usr/lib/x86_64-linux-gnu/qt5/qml/QtQuick/Dialogs/DefaultFileDialog.qml:309:21: QML Button: Binding loop detected for property "implicitHeight"[0m[1;33m[0m
[gazebo-1] [1;33m[GUI] [Wrn] [Application.cc:908] [0m[1;33m[QT] file:///usr/lib/x86_64-linux-gnu/qt5/qml/QtQuick/Dialogs/DefaultFileDialog.qml:309:21: QML Button: Binding loop detected for property "implicitHeight"[0m[1;33m[0m
[gazebo-1] [1;36m[GUI] [Dbg] [PathManager.cc:68] [0m[1;36mRequesting resource paths through [[0m[1;36m/gazebo/resource_paths/get[0m[1;36m][0m[1;36m[0m
[gazebo-1] [1;33m[GUI] [Wrn] [Application.cc:908] [0m[1;33m[QT] file:///usr/lib/x86_64-linux-gnu/qt5/qml/QtQuick/Dialogs/DefaultFileDialog.qml:413:17: QML ToolButton: Binding loop detected for property "implicitHeight"[0m[1;33m[0m
[gazebo-1] [1;33m[GUI] [Wrn] [Application.cc:908] [0m[1;33m[QT] file:///usr/lib/x86_64-linux-gnu/qt5/qml/QtQuick/Dialogs/DefaultFileDialog.qml:309:21: QML Button: Binding loop detected for property "implicitHeight"[0m[1;33m[0m
[gazebo-1] [1;33m[GUI] [Wrn] [Application.cc:908] [0m[1;33m[QT] file:///usr/lib/x86_64-linux-gnu/qt5/qml/QtQuick/Dialogs/DefaultFileDialog.qml:309:21: QML Button: Binding loop detected for property "implicitHeight"[0m[1;33m[0m
[gazebo-1] [1;36m[GUI] [Dbg] [Gui.cc:355] [0m[1;36mGUI requesting list of world names. The server may be busy [0m[1;36mdownloading resources. Please be patient.[0m[1;36m[0m
[parameter_bridge-27] [INFO] [1781972165.423844154] [hmi_led_msg_bridge]: Passing message from ROS std_msgs/msg/Int32 to Gazebo gz.msgs.Int32 (showing msg only once per type)
[gazebo-1] [1;32m[Msg] [0m[1;32mServing entity system service on [[0m[1;32m/[0m[1;32mentity/system/add[0m[1;32m][0m[1;32m[0m
[gazebo-1] [1;36m[Dbg] [Physics.cc:906] [0m[1;36mLoaded [[0m[1;36mgz::physics::dartsim::Plugin[0m[1;36m] from library [[0m[1;36m/opt/ros/jazzy/opt/gz_physics_vendor/lib/gz-physics-7/engine-plugins/libgz-physics-dartsim-plugin.so[0m[1;36m][0m[1;36m[0m
[gazebo-1] [1;36m[Dbg] [SystemManager.cc:80] [0m[1;36mLoaded system [[0m[1;36mgz::sim::systems::Physics[0m[1;36m] for entity [[0m[1;36m1[0m[1;36m][0m[1;36m[0m
[gazebo-1] [1;32m[Msg] [0m[1;32mCreate[0m[1;32m service on [[0m[1;32m/world/warehouse/create_multiple[0m[1;32m] (async)[0m[1;32m[0m
[gazebo-1] [1;32m[Msg] [0m[1;32mCreate[0m[1;32m service on [[0m[1;32m/world/warehouse/create_multiple/blocking[0m[1;32m] (blocking)[0m[1;32m[0m
[gazebo-1] [1;32m[Msg] [0m[1;32mRemove[0m[1;32m service on [[0m[1;32m/world/warehouse/remove[0m[1;32m] (async)[0m[1;32m[0m
[gazebo-1] [1;32m[Msg] [0m[1;32mRemove[0m[1;32m service on [[0m[1;32m/world/warehouse/remove/blocking[0m[1;32m] (blocking)[0m[1;32m[0m
[gazebo-1] [1;32m[Msg] [0m[1;32mPose[0m[1;32m service on [[0m[1;32m/world/warehouse/set_pose[0m[1;32m] (async)[0m[1;32m[0m
[gazebo-1] [1;32m[Msg] [0m[1;32mPose[0m[1;32m service on [[0m[1;32m/world/warehouse/set_pose/blocking[0m[1;32m] (blocking)[0m[1;32m[0m
[gazebo-1] [1;32m[Msg] [0m[1;32mPose[0m[1;32m service on [[0m[1;32m/world/warehouse/set_pose_vector[0m[1;32m] (async)[0m[1;32m[0m
[gazebo-1] [1;32m[Msg] [0m[1;32mPose[0m[1;32m service on [[0m[1;32m/world/warehouse/set_pose_vector/blocking[0m[1;32m] (blocking)[0m[1;32m[0m
[gazebo-1] [1;32m[Msg] [0m[1;32mLight configuration[0m[1;32m service on [[0m[1;32m/world/warehouse/light_config[0m[1;32m] (async)[0m[1;32m[0m
[gazebo-1] [1;32m[Msg] [0m[1;32mLight configuration[0m[1;32m service on [[0m[1;32m/world/warehouse/light_config/blocking[0m[1;32m] (blocking)[0m[1;32m[0m
[gazebo-1] [1;32m[Msg] [0m[1;32mPhysics[0m[1;32m service on [[0m[1;32m/world/warehouse/set_physics[0m[1;32m] (async)[0m[1;32m[0m
[gazebo-1] [1;32m[Msg] [0m[1;32mPhysics[0m[1;32m service on [[0m[1;32m/world/warehouse/set_physics/blocking[0m[1;32m] (blocking)[0m[1;32m[0m
[gazebo-1] [1;32m[Msg] [0m[1;32mSphericalCoordinates[0m[1;32m service on [[0m[1;32m/world/warehouse/set_spherical_coordinates[0m[1;32m] (async)[0m[1;32m[0m
[gazebo-1] [1;32m[Msg] [0m[1;32mSphericalCoordinates[0m[1;32m service on [[0m[1;32m/world/warehouse/set_spherical_coordinates/blocking[0m[1;32m] (blocking)[0m[1;32m[0m
[gazebo-1] [1;32m[Msg] [0m[1;32mEnable collision[0m[1;32m service on [[0m[1;32m/world/warehouse/enable_collision[0m[1;32m] (async)[0m[1;32m[0m
[gazebo-1] [1;32m[Msg] [0m[1;32mEnable collision[0m[1;32m service on [[0m[1;32m/world/warehouse/enable_collision/blocking[0m[1;32m] (blocking)[0m[1;32m[0m
[gazebo-1] [1;32m[Msg] [0m[1;32mDisable collision[0m[1;32m service on [[0m[1;32m/world/warehouse/disable_collision[0m[1;32m] (async)[0m[1;32m[0m
[gazebo-1] [1;32m[Msg] [0m[1;32mDisable collision[0m[1;32m service on [[0m[1;32m/world/warehouse/disable_collision/blocking[0m[1;32m] (blocking)[0m[1;32m[0m
[gazebo-1] [1;32m[Msg] [0m[1;32mMaterial[0m[1;32m service on [[0m[1;32m/world/warehouse/visual_config[0m[1;32m] (async)[0m[1;32m[0m
[gazebo-1] [1;32m[Msg] [0m[1;32mMaterial[0m[1;32m service on [[0m[1;32m/world/warehouse/visual_config/blocking[0m[1;32m] (blocking)[0m[1;32m[0m
[gazebo-1] [1;32m[Msg] [0m[1;32mMaterial[0m[1;32m service on [[0m[1;32m/world/warehouse/wheel_slip[0m[1;32m] (async)[0m[1;32m[0m
[gazebo-1] [1;32m[Msg] [0m[1;32mMaterial[0m[1;32m service on [[0m[1;32m/world/warehouse/wheel_slip/blocking[0m[1;32m] (blocking)[0m[1;32m[0m
[gazebo-1] [1;36m[Dbg] [SystemManager.cc:80] [0m[1;36mLoaded system [[0m[1;36mgz::sim::systems::UserCommands[0m[1;36m] for entity [[0m[1;36m1[0m[1;36m][0m[1;36m[0m
[gazebo-1] [1;36m[Dbg] [SystemManager.cc:80] [0m[1;36mLoaded system [[0m[1;36mgz::sim::systems::SceneBroadcaster[0m[1;36m] for entity [[0m[1;36m1[0m[1;36m][0m[1;36m[0m
[gazebo-1] [1;36m[Dbg] [SystemManager.cc:80] [0m[1;36mLoaded system [[0m[1;36mgz::sim::systems::Contact[0m[1;36m] for entity [[0m[1;36m1[0m[1;36m][0m[1;36m[0m
[gazebo-1] [1;32m[Msg] [0m[1;32mLoaded level [[0m[1;32mdefault[0m[1;32m][0m[1;32m[0m
[gazebo-1] [1;32m[Msg] [0m[1;32mServing world controls on [[0m[1;32m/world/warehouse[0m[1;32m/control], [[0m[1;32m/world/warehouse[0m[1;32m/control/state] and [[0m[1;32m/world/warehouse[0m[1;32m/playback/control][0m[1;32m[0m
[gazebo-1] [1;32m[Msg] [0m[1;32mServing GUI information on [[0m[1;32m/world/warehouse[0m[1;32m/[0m[1;32mgui/info[0m[1;32m][0m[1;32m[0m
[gazebo-1] [1;32m[Msg] [0m[1;32mWorld [[0m[1;32mwarehouse[0m[1;32m] initialized with [[0m[1;32mdefault_physics[0m[1;32m] physics profile.[0m[1;32m[0m
[gazebo-1] [1;32m[Msg] [0m[1;32mServing world SDF generation service on [[0m[1;32m/world/warehouse[0m[1;32m/[0m[1;32mgenerate_world_sdf[0m[1;32m][0m[1;32m[0m
[gazebo-1] [1;32m[Msg] [0m[1;32mServing world names on [[0m[1;32m/gazebo/worlds[0m[1;32m][0m[1;32m[0m
[gazebo-1] [1;32m[Msg] [0m[1;32mResource path add service on [[0m[1;32m/gazebo/resource_paths/add[0m[1;32m].[0m[1;32m[0m
[gazebo-1] [1;32m[Msg] [0m[1;32mResource path get service on [[0m[1;32m/gazebo/resource_paths/get[0m[1;32m].[0m[1;32m[0m
[gazebo-1] [1;32m[Msg] [0m[1;32mResource path resolve service on [[0m[1;32m/gazebo/resource_paths/resolve[0m[1;32m].[0m[1;32m[0m
[create-8] [INFO] [1781972165.756419260] [ros_gz_sim]: Waiting messages on topic [standard_dock_description].
[gazebo-1] [1;36m[GUI] [Dbg] [GuiRunner.cc:149] [0m[1;36mRequesting initial state from [[0m[1;36m/world/warehouse/state[0m[1;36m]...[0m[1;36m[0m
[create-8] [INFO] [1781972165.954923114] [ros_gz_sim]: Entity creation successful.
[gazebo-1] [1;32m[Msg] [0m[1;32mResource paths published on [[0m[1;32m/gazebo/resource_paths[0m[1;32m].[0m[1;32m[0m
[gazebo-1] [1;32m[Msg] [0m[1;32mServer control service on [[0m[1;32m/server_control[0m[1;32m].[0m[1;32m[0m
[create-7] [INFO] [1781972165.958236909] [ros_gz_sim]: Waiting messages on topic [robot_description].
[gazebo-1] [1;36m[GUI] [Dbg] [PathManager.cc:57] [0m[1;36mReceived resource paths.[0m[1;36m[0m
[gazebo-1] [1;32m[GUI] [0m[1;32m[Msg] [0m[1;32mLoading config [[0m[1;32m/opt/ros/jazzy/share/turtlebot4_gz_bringup/gui/standard/gui.config[0m[1;32m][0m[1;32m[0m
[gazebo-1] [1;36m[GUI] [Dbg] [Application.cc:528] [0m[1;36mLoading plugin [[0m[1;36mMinimalScene[0m[1;36m][0m[1;36m[0m
[gazebo-1] [1;36m[GUI] [Dbg] [MinimalScene.cc:802] [0m[1;36mCreating gz-rendering interface for OpenGL[0m[1;36m[0m
[gazebo-1] [1;36m[GUI] [Dbg] [MinimalScene.cc:802] [0m[1;36mCreating gz-rendering interface for OpenGL[0m[1;36m[0m
[gazebo-1] [1;36m[GUI] [Dbg] [MinimalScene.cc:986] [0m[1;36mCreating render thread interface for OpenGL[0m[1;36m[0m
[gazebo-1] [1;36m[GUI] [Dbg] [MinimalScene.cc:802] [0m[1;36mCreating gz-rendering interface for OpenGL[0m[1;36m[0m
[gazebo-1] [1;36m[GUI] [Dbg] [MinimalScene.cc:986] [0m[1;36mCreating render thread interface for OpenGL[0m[1;36m[0m
[gazebo-1] [1;32m[GUI] [0m[1;32m[Msg] [0m[1;32mAdded plugin [[0m[1;32m3D View[0m[1;32m] to main window[0m[1;32m[0m
[gazebo-1] [1;32m[GUI] [0m[1;32m[Msg] [0m[1;32mLoaded plugin [[0m[1;32mMinimalScene[0m[1;32m] from path [[0m[1;32m/opt/ros/jazzy/opt/gz_gui_vendor/lib/gz-gui-8/plugins/libMinimalScene.so[0m[1;32m][0m[1;32m[0m
[gazebo-1] [1;36m[GUI] [Dbg] [Application.cc:528] [0m[1;36mLoading plugin [[0m[1;36mGzSceneManager[0m[1;36m][0m[1;36m[0m
[create-7] [INFO] [1781972166.062713423] [ros_gz_sim]: Entity creation successful.
[gazebo-1] [1;32m[GUI] [0m[1;32m[Msg] [0m[1;32mAdded plugin [[0m[1;32mScene Manager[0m[1;32m] to main window[0m[1;32m[0m
[gazebo-1] [1;32m[GUI] [0m[1;32m[Msg] [0m[1;32mLoaded plugin [[0m[1;32mGzSceneManager[0m[1;32m] from path [[0m[1;32m/opt/ros/jazzy/opt/gz_sim_vendor/lib/gz-sim-8/plugins/gui/libGzSceneManager.so[0m[1;32m][0m[1;32m[0m
[gazebo-1] [1;36m[GUI] [Dbg] [Application.cc:528] [0m[1;36mLoading plugin [[0m[1;36mInteractiveViewControl[0m[1;36m][0m[1;36m[0m
[INFO] [create-8]: process has finished cleanly [pid 3902]
[gazebo-1] [1;32m[GUI] [0m[1;32m[Msg] [0m[1;32mCamera view controller topic advertised on [[0m[1;32m/gui/camera/view_control[0m[1;32m][0m[1;32m[0m
[gazebo-1] [1;32m[GUI] [0m[1;32m[Msg] [0m[1;32mCamera reference visual topic advertised on [[0m[1;32m/gui/camera/view_control/reference_visual[0m[1;32m][0m[1;32m[0m
[gazebo-1] [1;32m[GUI] [0m[1;32m[Msg] [0m[1;32mCamera view control sensitivity advertised on [[0m[1;32m/gui/camera/view_control/sensitivity[0m[1;32m][0m[1;32m[0m
[gazebo-1] [1;32m[GUI] [0m[1;32m[Msg] [0m[1;32mAdded plugin [[0m[1;32mInteractive view control[0m[1;32m] to main window[0m[1;32m[0m
[gazebo-1] [1;32m[GUI] [0m[1;32m[Msg] [0m[1;32mLoaded plugin [[0m[1;32mInteractiveViewControl[0m[1;32m] from path [[0m[1;32m/opt/ros/jazzy/opt/gz_gui_vendor/lib/gz-gui-8/plugins/libInteractiveViewControl.so[0m[1;32m][0m[1;32m[0m
[gazebo-1] [1;36m[GUI] [Dbg] [Application.cc:528] [0m[1;36mLoading plugin [[0m[1;36mWorldControl[0m[1;36m][0m[1;36m[0m
[gazebo-1] [1;32m[GUI] [0m[1;32m[Msg] [0m[1;32mUsing world control service [[0m[1;32m/world/warehouse/control[0m[1;32m][0m[1;32m[0m
[gazebo-1] [1;32m[GUI] [0m[1;32m[Msg] [0m[1;32mListening to stats on [[0m[1;32m/world/warehouse/stats[0m[1;32m][0m[1;32m[0m
[gazebo-1] [1;36m[GUI] [Dbg] [WorldControl.cc:237] [0m[1;36mUsing an event to share WorldControl msgs with the server[0m
[gazebo-1] [1;32m[GUI] [0m[1;32m[Msg] [0m[1;32mAdded plugin [[0m[1;32mWorld control[0m[1;32m] to main window[0m[1;32m[0m
[gazebo-1] [1;32m[GUI] [0m[1;32m[Msg] [0m[1;32mLoaded plugin [[0m[1;32mWorldControl[0m[1;32m] from path [[0m[1;32m/opt/ros/jazzy/opt/gz_gui_vendor/lib/gz-gui-8/plugins/libWorldControl.so[0m[1;32m][0m[1;32m[0m
[gazebo-1] [1;36m[GUI] [Dbg] [Application.cc:528] [0m[1;36mLoading plugin [[0m[1;36mWorldStats[0m[1;36m][0m[1;36m[0m
[gazebo-1] [1;32m[GUI] [0m[1;32m[Msg] [0m[1;32mListening to stats on [[0m[1;32m/world/warehouse/stats[0m[1;32m][0m[1;32m[0m
[gazebo-1] [1;32m[GUI] [0m[1;32m[Msg] [0m[1;32mAdded plugin [[0m[1;32mWorld stats[0m[1;32m] to main window[0m[1;32m[0m
[gazebo-1] [1;32m[GUI] [0m[1;32m[Msg] [0m[1;32mLoaded plugin [[0m[1;32mWorldStats[0m[1;32m] from path [[0m[1;32m/opt/ros/jazzy/opt/gz_gui_vendor/lib/gz-gui-8/plugins/libWorldStats.so[0m[1;32m][0m[1;32m[0m
[gazebo-1] [1;36m[GUI] [Dbg] [Application.cc:528] [0m[1;36mLoading plugin [[0m[1;36mTransformControl[0m[1;36m][0m[1;36m[0m
[INFO] [create-7]: process has finished cleanly [pid 3901]
[gazebo-1] [1;32m[GUI] [0m[1;32m[Msg] [0m[1;32mAdded plugin [[0m[1;32mTransform control[0m[1;32m] to main window[0m[1;32m[0m
[gazebo-1] [1;32m[GUI] [0m[1;32m[Msg] [0m[1;32mLoaded plugin [[0m[1;32mTransformControl[0m[1;32m] from path [[0m[1;32m/opt/ros/jazzy/opt/gz_sim_vendor/lib/gz-sim-8/plugins/gui/libTransformControl.so[0m[1;32m][0m[1;32m[0m
[gazebo-1] [1;36m[GUI] [Dbg] [Application.cc:528] [0m[1;36mLoading plugin [[0m[1;36mShapes[0m[1;36m][0m[1;36m[0m
[gazebo-1] [1;32m[GUI] [0m[1;32m[Msg] [0m[1;32mAdded plugin [[0m[1;32mShapes[0m[1;32m] to main window[0m[1;32m[0m
[gazebo-1] [1;32m[GUI] [0m[1;32m[Msg] [0m[1;32mLoaded plugin [[0m[1;32mShapes[0m[1;32m] from path [[0m[1;32m/opt/ros/jazzy/opt/gz_sim_vendor/lib/gz-sim-8/plugins/gui/libShapes.so[0m[1;32m][0m[1;32m[0m
[gazebo-1] [1;36m[GUI] [Dbg] [Application.cc:528] [0m[1;36mLoading plugin [[0m[1;36mTurtlebot4Hmi[0m[1;36m][0m[1;36m[0m
[gazebo-1] [1;33m[GUI] [Wrn] [Application.cc:908] [0m[1;33m[QT] file::/Turtlebot4Hmi/Turtlebot4Hmi.qml:102:7: Unable to assign [undefined] to QString[0m[1;33m[0m
[gazebo-1] [1;32m[GUI] [0m[1;32m[Msg] [0m[1;32mAdded plugin [[0m[1;32mTurtlebot4 HMI[0m[1;32m] to main window[0m[1;32m[0m
[gazebo-1] [1;32m[GUI] [0m[1;32m[Msg] [0m[1;32mLoaded plugin [[0m[1;32mTurtlebot4Hmi[0m[1;32m] from path [[0m[1;32m/opt/ros/jazzy/share/turtlebot4_gz_gui_plugins/lib/libTurtlebot4Hmi.so[0m[1;32m][0m[1;32m[0m
[gazebo-1] [1;36m[GUI] [Dbg] [Application.cc:528] [0m[1;36mLoading plugin [[0m[1;36mTeleop[0m[1;36m][0m[1;36m[0m
[gazebo-1] [1;32m[GUI] [0m[1;32m[Msg] [0m[1;32mA new topic has been entered: '[0m[1;32m/cmd_vel[0m[1;32m ' [0m[1;32m[0m
[gazebo-1] [1;32m[GUI] [0m[1;32m[Msg] [0m[1;32mAdded plugin [[0m[1;32mTeleop[0m[1;32m] to main window[0m[1;32m[0m
[gazebo-1] [1;32m[GUI] [0m[1;32m[Msg] [0m[1;32mLoaded plugin [[0m[1;32mTeleop[0m[1;32m] from path [[0m[1;32m/opt/ros/jazzy/opt/gz_gui_vendor/lib/gz-gui-8/plugins/libTeleop.so[0m[1;32m][0m[1;32m[0m
[gazebo-1] [1;36m[GUI] [Dbg] [Application.cc:671] [0m[1;36mApplying config[0m[1;36m[0m
[gazebo-1] [1;33m[GUI] [Wrn] [Application.cc:908] [0m[1;33m[QT] file::/WorldStats/WorldStats.qml:53:3: QML RowLayout: Binding loop detected for property "x"[0m[1;33m[0m
[gazebo-1] [1;32m[Msg] [0m[1;32mFound no publishers on /stats, adding root stats topic[0m[1;32m[0m
[gazebo-1] [1;32m[Msg] [0m[1;32mFound no publishers on /clock, adding root clock topic[0m[1;32m[0m
[gazebo-1] [1;36m[Dbg] [SimulationRunner.cc:551] [0m[1;36mCreating PostUpdate worker threads: [0m[1;36m3[0m[1;36m[0m
[gazebo-1] [1;36m[Dbg] [SimulationRunner.cc:562] [0m[1;36mCreating postupdate worker thread ([0m[1;36m0[0m[1;36m)[0m[1;36m[0m
[gazebo-1] [1;36m[Dbg] [SimulationRunner.cc:562] [0m[1;36mCreating postupdate worker thread ([0m[1;36m1[0m[1;36m)[0m[1;36m[0m
[gazebo-1] [1;36m[GUI] [Dbg] [MinimalScene.cc:802] [0m[1;36mCreating gz-rendering interface for OpenGL[0m[1;36m[0m
[gazebo-1] [1;36m[GUI] [Dbg] [MinimalScene.cc:986] [0m[1;36mCreating render thread interface for OpenGL[0m[1;36m[0m
[gazebo-1] [1;36m[Dbg] [SystemManager.cc:80] [0m[1;36mLoaded system [[0m[1;36mgz::sim::systems::PosePublisher[0m[1;36m] for entity [[0m[1;36m132[0m[1;36m][0m[1;36m[0m
[gazebo-1] [1;36m[Dbg] [UserCommands.cc:1094] [0m[1;36mCreated entity [[0m[1;36m132[0m[1;36m] named [[0m[1;36mstandard_dock[0m[1;36m][0m[1;36m[0m
[gazebo-1] [1;33mWarning [Utils.cc:132][0m [/sdf/model[@name="turtlebot4"]/joint[@name="wheel_drop_left_joint"]/physics/ode/provide_feedback:<urdf-string>:L0]: XML Element[provide_feedback], child of element[ode], not defined in SDF. Copying[provide_feedback] as children of [ode].
[gazebo-1] [1;33mWarning [Utils.cc:132][0m [/sdf/model[@name="turtlebot4"]/joint[@name="wheel_drop_right_joint"]/physics/ode/provide_feedback:<urdf-string>:L0]: XML Element[provide_feedback], child of element[ode], not defined in SDF. Copying[provide_feedback] as children of [ode].
[gazebo-1] [1;32m[GUI] [0m[1;32m[Msg] [0m[1;32mLoading plugin [[0m[1;32mgz-rendering-ogre2[0m[1;32m][0m[1;32m[0m
[gazebo-1] [1;33m[Wrn] [SdfEntityCreator.cc:933] [0m[1;33mGazebo does not support Ogre material scripts. See [0m[1;33mhttps://gazebosim.org/api/sim/8/migrationsdf.html#:~:text=Materials [0m[1;33mfor details.[0m[1;33m[0m
[gazebo-1] [1;33m[Wrn] [SdfEntityCreator.cc:949] [0m[1;33mUsing an internal gazebo.material to parse [0m[1;33mGazebo/DarkGrey[0m[1;33m[0m
[gazebo-1] [1;33m[Wrn] [SdfEntityCreator.cc:933] [0m[1;33mGazebo does not support Ogre material scripts. See [0m[1;33mhttps://gazebosim.org/api/sim/8/migrationsdf.html#:~:text=Materials [0m[1;33mfor details.[0m[1;33m[0m
[gazebo-1] [1;33m[Wrn] [SdfEntityCreator.cc:949] [0m[1;33mUsing an internal gazebo.material to parse [0m[1;33mGazebo/DarkGrey[0m[1;33m[0m
[gazebo-1] [1;33m[Wrn] [SdfEntityCreator.cc:933] [0m[1;33mGazebo does not support Ogre material scripts. See [0m[1;33mhttps://gazebosim.org/api/sim/8/migrationsdf.html#:~:text=Materials [0m[1;33mfor details.[0m[1;33m[0m
[gazebo-1] [1;33m[Wrn] [SdfEntityCreator.cc:949] [0m[1;33mUsing an internal gazebo.material to parse [0m[1;33mGazebo/DarkGrey[0m[1;33m[0m
[gazebo-1] [1;33m[Wrn] [SdfEntityCreator.cc:933] [0m[1;33mGazebo does not support Ogre material scripts. See [0m[1;33mhttps://gazebosim.org/api/sim/8/migrationsdf.html#:~:text=Materials [0m[1;33mfor details.[0m[1;33m[0m
[gazebo-1] [1;33m[Wrn] [SdfEntityCreator.cc:949] [0m[1;33mUsing an internal gazebo.material to parse [0m[1;33mGazebo/DarkGrey[0m[1;33m[0m
[gazebo-1] [INFO] [1781972166.673045299] [gz_ros_control]: [gz_ros2_control] Fixed joint [bumper_joint] (Entity=231)] is skipped
[gazebo-1] [INFO] [1781972166.673155364] [gz_ros_control]: [gz_ros2_control] Fixed joint [front_caster_joint] (Entity=232)] is skipped
[gazebo-1] [INFO] [1781972166.673166887] [gz_ros_control]: [gz_ros2_control] Fixed joint [front_left_bottom_weight_block_joint] (Entity=233)] is skipped
[gazebo-1] [INFO] [1781972166.673176385] [gz_ros_control]: [gz_ros2_control] Fixed joint [front_left_top_weight_block_joint] (Entity=234)] is skipped
[gazebo-1] [INFO] [1781972166.673185883] [gz_ros_control]: [gz_ros2_control] Fixed joint [front_right_bottom_weight_block_joint] (Entity=235)] is skipped
[gazebo-1] [INFO] [1781972166.673193635] [gz_ros_control]: [gz_ros2_control] Fixed joint [front_right_top_weight_block_joint] (Entity=236)] is skipped
[gazebo-1] [INFO] [1781972166.673202574] [gz_ros_control]: [gz_ros2_control] Fixed joint [imu_joint] (Entity=237)] is skipped
[gazebo-1] [INFO] [1781972166.673211653] [gz_ros_control]: [gz_ros2_control] Fixed joint [ir_intensity_front_center_left_joint] (Entity=238)] is skipped
[gazebo-1] [INFO] [1781972166.673220243] [gz_ros_control]: [gz_ros2_control] Fixed joint [ir_intensity_front_center_right_joint] (Entity=239)] is skipped
[gazebo-1] [INFO] [1781972166.673230369] [gz_ros_control]: [gz_ros2_control] Fixed joint [ir_intensity_front_left_joint] (Entity=240)] is skipped
[gazebo-1] [INFO] [1781972166.673239727] [gz_ros_control]: [gz_ros2_control] Fixed joint [ir_intensity_front_right_joint] (Entity=241)] is skipped
[gazebo-1] [INFO] [1781972166.673248806] [gz_ros_control]: [gz_ros2_control] Fixed joint [ir_intensity_left_joint] (Entity=242)] is skipped
[gazebo-1] [INFO] [1781972166.673257047] [gz_ros_control]: [gz_ros2_control] Fixed joint [ir_intensity_right_joint] (Entity=243)] is skipped
[gazebo-1] [INFO] [1781972166.673266475] [gz_ros_control]: [gz_ros2_control] Fixed joint [ir_intensity_side_left_joint] (Entity=244)] is skipped
[gazebo-1] [INFO] [1781972166.673274506] [gz_ros_control]: [gz_ros2_control] Fixed joint [ir_omni_joint] (Entity=245)] is skipped
[gazebo-1] [INFO] [1781972166.673282049] [gz_ros_control]: [gz_ros2_control] Fixed joint [mouse_joint] (Entity=246)] is skipped
[gazebo-1] [INFO] [1781972166.673289731] [gz_ros_control]: [gz_ros2_control] Fixed joint [front_left_tower_standoff_joint] (Entity=247)] is skipped
[gazebo-1] [INFO] [1781972166.673298251] [gz_ros_control]: [gz_ros2_control] Fixed joint [front_right_tower_standoff_joint] (Entity=248)] is skipped
[gazebo-1] [INFO] [1781972166.673308517] [gz_ros_control]: [gz_ros2_control] Fixed joint [oakd_camera_bracket_joint] (Entity=249)] is skipped
[gazebo-1] [INFO] [1781972166.673320529] [gz_ros_control]: [gz_ros2_control] Fixed joint [oakd_joint] (Entity=250)] is skipped
[gazebo-1] [INFO] [1781972166.673331494] [gz_ros_control]: [gz_ros2_control] Fixed joint [oakd_imu_joint] (Entity=251)] is skipped
[gazebo-1] [INFO] [1781972166.673343297] [gz_ros_control]: [gz_ros2_control] Fixed joint [oakd_left_camera_joint] (Entity=252)] is skipped
[gazebo-1] [INFO] [1781972166.673350560] [gz_ros_control]: [gz_ros2_control] Fixed joint [oakd_left_camera_optical_joint] (Entity=253)] is skipped
[gazebo-1] [INFO] [1781972166.673359639] [gz_ros_control]: [gz_ros2_control] Fixed joint [oakd_rgb_camera_joint] (Entity=254)] is skipped
[gazebo-1] [INFO] [1781972166.673368159] [gz_ros_control]: [gz_ros2_control] Fixed joint [oakd_rgb_camera_optical_joint] (Entity=255)] is skipped
[gazebo-1] [INFO] [1781972166.673377168] [gz_ros_control]: [gz_ros2_control] Fixed joint [oakd_right_camera_joint] (Entity=256)] is skipped
[gazebo-1] [INFO] [1781972166.673387783] [gz_ros_control]: [gz_ros2_control] Fixed joint [oakd_right_camera_optical_joint] (Entity=257)] is skipped
[gazebo-1] [INFO] [1781972166.673397281] [gz_ros_control]: [gz_ros2_control] Fixed joint [rear_left_tower_standoff_joint] (Entity=258)] is skipped
[gazebo-1] [INFO] [1781972166.673407198] [gz_ros_control]: [gz_ros2_control] Fixed joint [rear_right_tower_standoff_joint] (Entity=259)] is skipped
[gazebo-1] [INFO] [1781972166.673417394] [gz_ros_control]: [gz_ros2_control] Fixed joint [rplidar_joint] (Entity=260)] is skipped
[gazebo-1] [INFO] [1781972166.673426822] [gz_ros_control]: [gz_ros2_control] Fixed joint [tower_sensor_plate_joint] (Entity=261)] is skipped
[gazebo-1] libEGL warning: pci id for fd 138: 10de:2560, driver (null)
[gazebo-1] 
[gazebo-1] [INFO] [1781972166.677947551] [gz_ros_control]: Loading controller_manager
[gazebo-1] pci id for fd 139: 10de:2560, driver (null)
[gazebo-1] pci id for fd 140: 10de:2560, driver (null)
[gazebo-1] libEGL warning: egl: failed to create dri2 screen
[gazebo-1] libEGL warning: pci id for fd 138: 10de:2560, driver (null)
[gazebo-1] 
[gazebo-1] pci id for fd 139: 10de:2560, driver (null)
[gazebo-1] pci id for fd 140: 10de:2560, driver (null)
[gazebo-1] libEGL warning: egl: failed to create dri2 screen
[gazebo-1] libEGL warning: pci id for fd 138: 10de:2560, driver (null)
[gazebo-1] 
[gazebo-1] [INFO] [1781972166.705304831] [controller_manager]: Using ROS clock for triggering controller manager cycles.
[gazebo-1] [INFO] [1781972166.713309828] [controller_manager]: Subscribing to '/robot_description' topic for robot description.
[gazebo-1] [WARN] [1781972166.717931332] [gz_ros_control]: Waiting RM to load and initialize hardware...
[gazebo-1] [1;36m[GUI] [Dbg] [MinimalScene.cc:749] [0m[1;36mCreate scene [[0m[1;36mscene[0m[1;36m][0m[1;36m[0m
[gazebo-1] [1;36m[GUI] [Dbg] [MinimalScene.cc:1037] [0m[1;36mCreating texture node render interface for OpenGL[0m[1;36m[0m
[gazebo-1] [1;36m[GUI] [Dbg] [TransformControl.cc:453] [0m[1;36mTransformControl plugin is using camera [[0m[1;36mscene::Camera(65527)[0m[1;36m][0m[1;36m[0m
[gazebo-1] [1;36m[GUI] [Dbg] [InteractiveViewControl.cc:176] [0m[1;36mInteractiveViewControl plugin is moving camera [[0m[1;36mscene::Camera(65527)[0m[1;36m][0m[1;36m[0m
[gazebo-1] [WARN] [1781972167.718429209] [controller_manager]: Waiting for data on 'robot_description' topic to finish initialization
[gazebo-1] [INFO] [1781972168.029591615] [controller_manager]: Received robot description from topic.
[gazebo-1] [INFO] [1781972168.029689947] [controller_manager]: Enforcing command limits is disabled. Command limits from URDF will be ignored.
[gazebo-1] [INFO] [1781972168.044579606] [gz_ros_control]: The position_proportional_gain has been set to: 0.1
[gazebo-1] [INFO] [1781972168.044664389] [gz_ros_control]: Loading joint: left_wheel_joint
[gazebo-1] [INFO] [1781972168.044681150] [gz_ros_control]: 	State:
[gazebo-1] [INFO] [1781972168.044692883] [gz_ros_control]: 		 velocity
[gazebo-1] [INFO] [1781972168.044717535] [gz_ros_control]: 		 position
[gazebo-1] [INFO] [1781972168.044733179] [gz_ros_control]: 	Command:
[gazebo-1] [INFO] [1781972168.044742328] [gz_ros_control]: 		 velocity
[gazebo-1] [INFO] [1781972168.044868245] [gz_ros_control]: Loading sensor: imu
[gazebo-1] [INFO] [1781972168.044885285] [gz_ros_control]: 	State:
[gazebo-1] [INFO] [1781972168.045252980] [controller_manager]: Initialize hardware 'left_wheel_controller' 
[gazebo-1] [WARN] [1781972168.045292089] [controller_manager.hardware_component.system.left_wheel_controller]: Executor is not available during hardware component initialization for 'left_wheel_controller'. Skipping node creation!
[gazebo-1] [INFO] [1781972168.045377012] [controller_manager]: Successful initialization of hardware 'left_wheel_controller'
[gazebo-1] [INFO] [1781972168.045492663] [gz_ros_control]: The position_proportional_gain has been set to: 0.1
[gazebo-1] [INFO] [1781972168.045524858] [gz_ros_control]: Loading joint: right_wheel_joint
[gazebo-1] [INFO] [1781972168.045534845] [gz_ros_control]: 	State:
[gazebo-1] [INFO] [1781972168.045542597] [gz_ros_control]: 		 velocity
[gazebo-1] [INFO] [1781972168.045551606] [gz_ros_control]: 		 position
[gazebo-1] [INFO] [1781972168.045560545] [gz_ros_control]: 	Command:
[gazebo-1] [INFO] [1781972168.045568786] [gz_ros_control]: 		 velocity
[gazebo-1] [INFO] [1781972168.045587782] [gz_ros_control]: Loading sensor: imu
[gazebo-1] [INFO] [1781972168.045597838] [gz_ros_control]: 	State:
[gazebo-1] [INFO] [1781972168.045632687] [controller_manager]: Initialize hardware 'right_wheel_controller' 
[gazebo-1] [WARN] [1781972168.045646445] [controller_manager.hardware_component.system.right_wheel_controller]: Executor is not available during hardware component initialization for 'right_wheel_controller'. Skipping node creation!
[gazebo-1] [INFO] [1781972168.045665651] [controller_manager]: Successful initialization of hardware 'right_wheel_controller'
[gazebo-1] [INFO] [1781972168.045721311] [controller_manager]: Activating component 'right_wheel_controller'.
[gazebo-1] [INFO] [1781972168.045827814] [resource_manager]: 'configure' hardware 'right_wheel_controller' 
[gazebo-1] [INFO] [1781972168.045840175] [gz_ros_control]: System Successfully configured!
[gazebo-1] [INFO] [1781972168.045855469] [resource_manager]: Successful 'configure' of hardware 'right_wheel_controller'
[gazebo-1] [INFO] [1781972168.045865945] [resource_manager]: 'activate' hardware 'right_wheel_controller' 
[gazebo-1] [INFO] [1781972168.045882078] [resource_manager]: Successful 'activate' of hardware 'right_wheel_controller'
[gazebo-1] [INFO] [1781972168.045964137] [controller_manager]: Activating component 'left_wheel_controller'.
[gazebo-1] [INFO] [1781972168.045974612] [resource_manager]: 'configure' hardware 'left_wheel_controller' 
[gazebo-1] [INFO] [1781972168.045980409] [gz_ros_control]: System Successfully configured!
[gazebo-1] [INFO] [1781972168.045990954] [resource_manager]: Successful 'configure' of hardware 'left_wheel_controller'
[gazebo-1] [INFO] [1781972168.045996053] [resource_manager]: 'activate' hardware 'left_wheel_controller' 
[gazebo-1] [INFO] [1781972168.046001221] [resource_manager]: Successful 'activate' of hardware 'left_wheel_controller'
[gazebo-1] [WARN] [1781972168.046023150] [controller_manager]: Component 'right_wheel_controller' does not have read or write statistics initialized, skipping registration.
[gazebo-1] [WARN] [1781972168.046049129] [controller_manager]: Component 'left_wheel_controller' does not have read or write statistics initialized, skipping registration.
[gazebo-1] [INFO] [1781972168.046061141] [controller_manager]: Resource Manager has been successfully initialized. Starting Controller Manager services...
[gazebo-1] [INFO] [1781972168.076795070] [controller_manager]: Loading controller : 'joint_state_broadcaster' of type 'joint_state_broadcaster/JointStateBroadcaster'
[gazebo-1] [INFO] [1781972168.076954160] [controller_manager]: Loading controller 'joint_state_broadcaster'
[gazebo-1] [WARN] [1781972168.088179509] [controller_manager]: The use of remapping arguments to the controller_manager node is deprecated. Please use the '--controller-ros-args' argument of the spawner to pass remapping arguments to the controller node.
[gazebo-1] [INFO] [1781972168.088245157] [controller_manager]: Controller 'joint_state_broadcaster' node arguments: --ros-args --params-file /home/brookz/create3_ws/install/irobot_create_control/share/irobot_create_control/config/control.yaml --ros-args --remap ~/odom:=odom --remap /tf:=tf --remap /tf_static:=tf_static --remap /diagnostics:=diagnostics -p use_sim_time:=true --param use_sim_time:=true 
[spawner-32] [INFO] [1781972168.655176590] [spawner_joint_state_broadcaster]: Loaded joint_state_broadcaster
[gazebo-1] [INFO] [1781972168.657935874] [controller_manager]: Configuring controller: 'joint_state_broadcaster'
[gazebo-1] [INFO] [1781972168.658164942] [joint_state_broadcaster]: 'joints' or 'interfaces' parameter is empty. All available state interfaces will be published
[gazebo-1] [INFO] [1781972168.674735732] [controller_manager]: Activating controllers: [ joint_state_broadcaster ]
[gazebo-1] [1;36m[Dbg] [SystemManager.cc:80] [0m[1;36mLoaded system [[0m[1;36mgz_ros2_control::GazeboSimROS2ControlPlugin[0m[1;36m] for entity [[0m[1;36m148[0m[1;36m][0m[1;36m[0m
[gazebo-1] [1;36m[Dbg] [SystemManager.cc:80] [0m[1;36mLoaded system [[0m[1;36mgz::sim::systems::PosePublisher[0m[1;36m] for entity [[0m[1;36m148[0m[1;36m][0m[1;36m[0m
[gazebo-1] [1;36m[Dbg] [SystemManager.cc:80] [0m[1;36mLoaded system [[0m[1;36mgz::sim::systems::Contact[0m[1;36m] for entity [[0m[1;36m148[0m[1;36m][0m[1;36m[0m
[gazebo-1] [1;36m[Dbg] [Sensors.cc:697] [0m[1;36mConfiguring Sensors system[0m[1;36m[0m
[gazebo-1] [1;36m[Dbg] [Sensors.cc:557] [0m[1;36mSensorsPrivate::Run[0m[1;36m[0m
[gazebo-1] [1;36m[Dbg] [SystemManager.cc:80] [0m[1;36mLoaded system [[0m[1;36mgz::sim::systems::Sensors[0m[1;36m] for entity [[0m[1;36m148[0m[1;36m][0m[1;36m[0m
[gazebo-1] [1;36m[Dbg] [Sensors.cc:532] [0m[1;36mSensorsPrivate::RenderThread started[0m[1;36m[0m
[gazebo-1] [1;36m[Dbg] [Sensors.cc:337] [0m[1;36mWaiting for init[0m[1;36m[0m
[gazebo-1] [1;36m[Dbg] [UserCommands.cc:1094] [0m[1;36mCreated entity [[0m[1;36m148[0m[1;36m] named [[0m[1;36mturtlebot4[0m[1;36m][0m[1;36m[0m
[gazebo-1] [1;32m[Msg] [0m[1;32mContact system publishing on [0m[1;32m/bumper_contact[0m[1;32m[0m
[gazebo-1] [1;36m[Dbg] [SDFFeatures.cc:332] [0m[1;36mMesh construction from an SDF has not been implemented yet for [0m[1;36mdartsim. Use AttachMeshShapeFeature to use mesh shapes.[0m
[gazebo-1] [1;36m[Dbg] [SDFFeatures.cc:864] [0m[1;36mThe geometry element of collision [[0m[1;36mwarehouse_collision[0m[1;36m] [0m[1;36mcouldn't be created[0m
[gazebo-1] [1;36m[Dbg] [SDFFeatures.cc:332] [0m[1;36mMesh construction from an SDF has not been implemented yet for [0m[1;36mdartsim. Use AttachMeshShapeFeature to use mesh shapes.[0m
[gazebo-1] [1;36m[Dbg] [SDFFeatures.cc:864] [0m[1;36mThe geometry element of collision [[0m[1;36mcollision[0m[1;36m] [0m[1;36mcouldn't be created[0m
[gazebo-1] [1;36m[Dbg] [SDFFeatures.cc:332] [0m[1;36mMesh construction from an SDF has not been implemented yet for [0m[1;36mdartsim. Use AttachMeshShapeFeature to use mesh shapes.[0m
[gazebo-1] [1;36m[Dbg] [SDFFeatures.cc:864] [0m[1;36mThe geometry element of collision [[0m[1;36mcollision[0m[1;36m] [0m[1;36mcouldn't be created[0m
[gazebo-1] [1;36m[Dbg] [SDFFeatures.cc:332] [0m[1;36mMesh construction from an SDF has not been implemented yet for [0m[1;36mdartsim. Use AttachMeshShapeFeature to use mesh shapes.[0m
[gazebo-1] [1;36m[Dbg] [SDFFeatures.cc:864] [0m[1;36mThe geometry element of collision [[0m[1;36mcollision[0m[1;36m] [0m[1;36mcouldn't be created[0m
[gazebo-1] [1;36m[Dbg] [SDFFeatures.cc:332] [0m[1;36mMesh construction from an SDF has not been implemented yet for [0m[1;36mdartsim. Use AttachMeshShapeFeature to use mesh shapes.[0m
[gazebo-1] [1;36m[Dbg] [SDFFeatures.cc:864] [0m[1;36mThe geometry element of collision [[0m[1;36mcollision[0m[1;36m] [0m[1;36mcouldn't be created[0m
[gazebo-1] [1;36m[Dbg] [SDFFeatures.cc:332] [0m[1;36mMesh construction from an SDF has not been implemented yet for [0m[1;36mdartsim. Use AttachMeshShapeFeature to use mesh shapes.[0m
[gazebo-1] [1;36m[Dbg] [SDFFeatures.cc:864] [0m[1;36mThe geometry element of collision [[0m[1;36mcollision[0m[1;36m] [0m[1;36mcouldn't be created[0m
[gazebo-1] [1;36m[Dbg] [SDFFeatures.cc:332] [0m[1;36mMesh construction from an SDF has not been implemented yet for [0m[1;36mdartsim. Use AttachMeshShapeFeature to use mesh shapes.[0m
[gazebo-1] [1;36m[Dbg] [SDFFeatures.cc:864] [0m[1;36mThe geometry element of collision [[0m[1;36mbase_link_fixed_joint_lump__shell_collision_collision_1[0m[1;36m] [0m[1;36mcouldn't be created[0m
[gazebo-1] [1;36m[Dbg] [SDFFeatures.cc:332] [0m[1;36mMesh construction from an SDF has not been implemented yet for [0m[1;36mdartsim. Use AttachMeshShapeFeature to use mesh shapes.[0m
[gazebo-1] [1;36m[Dbg] [SDFFeatures.cc:864] [0m[1;36mThe geometry element of collision [[0m[1;36mbumper_collision[0m[1;36m] [0m[1;36mcouldn't be created[0m
[gazebo-1] [1;33m[Wrn] [OBJLoader.cc:91] [0m[1;33mBoth `d` and `Tr` parameters defined for "Chair". Use the value of `d` for dissolve (line 8 in .mtl.)[0m
[gazebo-1] [1;33m[0m
[gazebo-1] [1;33m[Wrn] [OBJLoader.cc:91] [0m[1;33mBoth `d` and `Tr` parameters defined for "CoffeeTable". Use the value of `d` for dissolve (line 8 in .mtl.)[0m
[gazebo-1] [1;33m[0m
[gazebo-1] [1;36m[Dbg] [SimulationFeatures.cc:90] [0m[1;36mSimulation timestep set to: [0m[1;36m0.003[0m[1;36m[0m
[gazebo-1] [1;32m[Msg] [0m[1;32mServing scene information on [[0m[1;32m/world/warehouse[0m[1;32m/[0m[1;32mscene/info[0m[1;32m][0m[1;32m[0m
[gazebo-1] [1;32m[Msg] [0m[1;32mServing graph information on [[0m[1;32m/world/warehouse[0m[1;32m/[0m[1;32mscene/graph[0m[1;32m][0m[1;32m[0m
[gazebo-1] [1;32m[Msg] [0m[1;32mServing full state on [[0m[1;32m/world/warehouse[0m[1;32m/[0m[1;32mstate[0m[1;32m][0m[1;32m[0m
[gazebo-1] [1;32m[Msg] [0m[1;32mServing full state (async) on [[0m[1;32m/world/warehouse[0m[1;32m/[0m[1;32mstate_async[0m[1;32m][0m[1;32m[0m
[gazebo-1] [1;32m[Msg] [0m[1;32mPublishing scene information on [[0m[1;32m/world/warehouse/scene/info[0m[1;32m][0m[1;32m[0m
[gazebo-1] [1;32m[Msg] [0m[1;32mPublishing entity deletions on [[0m[1;32m/world/warehouse/scene/deletion[0m[1;32m][0m[1;32m[0m
[gazebo-1] [1;32m[Msg] [0m[1;32mPublishing state changes on [[0m[1;32m/world/warehouse/state[0m[1;32m][0m[1;32m[0m
[gazebo-1] [1;32m[Msg] [0m[1;32mPublishing pose messages on [[0m[1;32m/world/warehouse[0m[1;32m/[0m[1;32mpose/info[0m[1;32m][0m[1;32m[0m
[gazebo-1] [1;32m[Msg] [0m[1;32mPublishing dynamic pose messages on [[0m[1;32m/world/warehouse[0m[1;32m/[0m[1;32mdynamic_pose/info[0m[1;32m][0m[1;32m[0m
[gazebo-1] [1;36m[Dbg] [EntityComponentManager.cc:1656] [0m[1;36mUpdated state thread iterators: [0m[1;36m16[0m[1;36m threads processing around [0m[1;36m17[0m[1;36m entities each.[0m[1;36m[0m
[gazebo-1] [1;33m[Wrn] [Component.hh:127] [0m[1;33mTrying to serialize component with data type [[0m[1;33mSt10shared_ptrIN3sdf3v147ElementEE[0m[1;33m], which doesn't have [0m[1;33m`operator<<`. Component will not be serialized.[0m[1;33m[0m
[gazebo-1] [1;36m[Dbg] [SimulationRunner.cc:578] [0m[1;36mExiting postupdate worker thread ([0m[1;36m0[0m[1;36m)[0m[1;36m[0m
[gazebo-1] [1;36m[Dbg] [SimulationRunner.cc:578] [0m[1;36mExiting postupdate worker thread ([0m[1;36m1[0m[1;36m)[0m[1;36m[0m
[gazebo-1] [1;36m[Dbg] [SimulationRunner.cc:551] [0m[1;36mCreating PostUpdate worker threads: [0m[1;36m8[0m[1;36m[0m
[gazebo-1] [1;36m[Dbg] [SimulationRunner.cc:562] [0m[1;36mCreating postupdate worker thread ([0m[1;36m0[0m[1;36m)[0m[1;36m[0m
[gazebo-1] [1;36m[Dbg] [SimulationRunner.cc:562] [0m[1;36mCreating postupdate worker thread ([0m[1;36m1[0m[1;36m)[0m[1;36m[0m
[gazebo-1] [1;36m[Dbg] [SimulationRunner.cc:562] [0m[1;36mCreating postupdate worker thread ([0m[1;36m2[0m[1;36m)[0m[1;36m[0m
[gazebo-1] [1;36m[Dbg] [SimulationRunner.cc:562] [0m[1;36mCreating postupdate worker thread ([0m[1;36m3[0m[1;36m)[0m[1;36m[0m
[gazebo-1] [1;36m[Dbg] [SimulationRunner.cc:562] [0m[1;36mCreating postupdate worker thread ([0m[1;36m4[0m[1;36m)[0m[1;36m[0m
[gazebo-1] [1;36m[Dbg] [SimulationRunner.cc:562] [0m[1;36mCreating postupdate worker thread ([0m[1;36m5[0m[1;36m)[0m[1;36m[0m
[gazebo-1] [1;36m[Dbg] [SimulationRunner.cc:562] [0m[1;36mCreating postupdate worker thread ([0m[1;36m6[0m[1;36m)[0m[1;36m[0m
[gazebo-1] [ERROR] [1781972168.983521007] [gz_ros_control]: Desired controller update period (0.001 s) is faster than the gazebo simulation period (0.003 s).
[gazebo-1] [1;36m[Dbg] [Sensors.cc:953] [0m[1;36mInitialization needed[0m[1;36m[0m
[gazebo-1] [1;36m[Dbg] [Sensors.cc:349] [0m[1;36mInitializing render context[0m[1;36m[0m
[gazebo-1] [INFO] [1781972168.985941648] [controller_manager]: Successfully switched controllers!
[gazebo-1] [1;32m[Msg] [0m[1;32mLoading plugin [[0m[1;32mgz-rendering-ogre[0m[1;32m][0m[1;32m[0m
[spawner-32] [INFO] [1781972168.990617416] [spawner_joint_state_broadcaster]: Configured and activated joint_state_broadcaster
[INFO] [spawner-32]: process has finished cleanly [pid 3928]
[INFO] [spawner-46]: process started with pid [4931]
[gazebo-1] [1;33mWarning [Utils.cc:132][0m [/sdf/model[@name="turtlebot4"]/joint[@name="wheel_drop_left_joint"]/physics/ode/provide_feedback:<data-string>:L2056]: XML Element[provide_feedback], child of element[ode], not defined in SDF. Copying[provide_feedback] as children of [ode].
[gazebo-1] [1;33mWarning [Utils.cc:132][0m [/sdf/model[@name="turtlebot4"]/joint[@name="wheel_drop_right_joint"]/physics/ode/provide_feedback:<data-string>:L2177]: XML Element[provide_feedback], child of element[ode], not defined in SDF. Copying[provide_feedback] as children of [ode].
[gazebo-1] [1;33m[GUI] [Wrn] [Component.hh:172] [0m[1;33mTrying to deserialize component with data type [[0m[1;33mSt10shared_ptrIN3sdf3v147ElementEE[0m[1;33m], which doesn't have [0m[1;33m`operator>>`. Component will not be deserialized.[0m[1;33m[0m
[gazebo-1] [1;36m[Dbg] [RenderUtil.cc:2646] [0m[1;36mCreate scene [[0m[1;36mscene[0m[1;36m][0m[1;36m[0m
[gazebo-1] [1;36m[Dbg] [Sensors.cc:953] [0m[1;36mInitialization needed[0m[1;36m[0m
[gazebo-1] [1;36m[Dbg] [Sensors.cc:391] [0m[1;36mRendering Thread initialized[0m[1;36m[0m
[spawner-46] [INFO] [1781972169.611601630] [spawner_diffdrive_controller]: waiting for service /controller_manager/list_controllers to become available...
[gazebo-1] [1;33m[GUI] [Wrn] [OBJLoader.cc:91] [0m[1;33mBoth `d` and `Tr` parameters defined for "Chair". Use the value of `d` for dissolve (line 8 in .mtl.)[0m
[gazebo-1] [1;33m[0m
[gazebo-1] [1;33m[GUI] [Wrn] [OBJLoader.cc:91] [0m[1;33mBoth `d` and `Tr` parameters defined for "CoffeeTable". Use the value of `d` for dissolve (line 8 in .mtl.)[0m
[gazebo-1] [1;33m[0m
[gazebo-1] [1;33m[Wrn] [ColladaLoader.cc:2395] [0m[1;33mTriangle input semantic: '[0m[1;33mCOLOR[0m[1;33m' is currently[0m[1;33m not supported[0m[1;33m[0m
[gazebo-1] [1;33m[GUI] [Wrn] [ColladaLoader.cc:2395] [0m[1;33mTriangle input semantic: '[0m[1;33mCOLOR[0m[1;33m' is currently[0m[1;33m not supported[0m[1;33m[0m
[gazebo-1] [1;33m[GUI] [Wrn] [ColladaLoader.cc:2395] [0m[1;33mTriangle input semantic: '[0m[1;33mCOLOR[0m[1;33m' is currently[0m[1;33m not supported[0m[1;33m[0m
[gazebo-1] [1;33m[Wrn] [ColladaLoader.cc:2395] [0m[1;33mTriangle input semantic: '[0m[1;33mCOLOR[0m[1;33m' is currently[0m[1;33m not supported[0m[1;33m[0m
[spawner-46] [INFO] [1781972170.895116460] [spawner_diffdrive_controller]: Setting controller param "params_file" to "['/home/brookz/create3_ws/install/irobot_create_control/share/irobot_create_control/config/control.yaml']" for diffdrive_controller
[gazebo-1] [INFO] [1781972170.909557622] [controller_manager]: Loading controller : 'diffdrive_controller' of type 'diff_drive_controller/DiffDriveController'
[gazebo-1] [INFO] [1781972170.909625784] [controller_manager]: Loading controller 'diffdrive_controller'
[gazebo-1] [WARN] [1781972170.922638278] [controller_manager]: The use of remapping arguments to the controller_manager node is deprecated. Please use the '--controller-ros-args' argument of the spawner to pass remapping arguments to the controller node.
[gazebo-1] [INFO] [1781972170.922710629] [controller_manager]: Controller 'diffdrive_controller' node arguments: --ros-args --params-file /home/brookz/create3_ws/install/irobot_create_control/share/irobot_create_control/config/control.yaml --ros-args --remap ~/odom:=odom --remap /tf:=tf --remap /tf_static:=tf_static --remap /diagnostics:=diagnostics -p use_sim_time:=true --params-file /home/brookz/create3_ws/install/irobot_create_control/share/irobot_create_control/config/control.yaml --param use_sim_time:=true 
[gazebo-1] [1;36m[Dbg] [RgbdCameraSensor.cc:210] [0m[1;36mRGB images for [[0m[1;36mturtlebot4::oakd_rgb_camera_frame::rgbd_camera[0m[1;36m] advertised on [[0m[1;36mworld/warehouse/model/turtlebot4/link/oakd_rgb_camera_frame/sensor/rgbd_camera[0m[1;36m/image][0m[1;36m[0m
[gazebo-1] [1;36m[Dbg] [RgbdCameraSensor.cc:224] [0m[1;36mDepth images for [[0m[1;36mturtlebot4::oakd_rgb_camera_frame::rgbd_camera[0m[1;36m] advertised on [[0m[1;36mworld/warehouse/model/turtlebot4/link/oakd_rgb_camera_frame/sensor/rgbd_camera[0m[1;36m/depth_image][0m[1;36m[0m
[gazebo-1] [1;36m[Dbg] [RgbdCameraSensor.cc:238] [0m[1;36mPoints for [[0m[1;36mturtlebot4::oakd_rgb_camera_frame::rgbd_camera[0m[1;36m] advertised on [[0m[1;36mworld/warehouse/model/turtlebot4/link/oakd_rgb_camera_frame/sensor/rgbd_camera[0m[1;36m/points][0m[1;36m[0m
[gazebo-1] [1;36m[Dbg] [CameraSensor.cc:695] [0m[1;36mCamera info for [[0m[1;36mturtlebot4::oakd_rgb_camera_frame::rgbd_camera[0m[1;36m] advertised on [[0m[1;36mworld/warehouse/model/turtlebot4/link/oakd_rgb_camera_frame/sensor/rgbd_camera/camera_info[0m[1;36m][0m[1;36m[0m
[gazebo-1] [1;36m[Dbg] [Lidar.cc:139] [0m[1;36mLaser scans for [[0m[1;36mstandard_dock::green_buoy_link::green_buoy[0m[1;36m] advertised on [[0m[1;36mworld/warehouse/model/standard_dock/link/green_buoy_link/sensor/green_buoy/scan[0m[1;36m][0m[1;36m[0m
[gazebo-1] [1;36m[Dbg] [GpuLidarSensor.cc:164] [0m[1;36mLidar points for [[0m[1;36mstandard_dock::green_buoy_link::green_buoy[0m[1;36m] advertised on [[0m[1;36mworld/warehouse/model/standard_dock/link/green_buoy_link/sensor/green_buoy/scan/points[0m[1;36m][0m[1;36m[0m
[gazebo-1] [1;36m[Dbg] [Lidar.cc:139] [0m[1;36mLaser scans for [[0m[1;36mstandard_dock::halo_link::halo[0m[1;36m] advertised on [[0m[1;36mworld/warehouse/model/standard_dock/link/halo_link/sensor/halo/scan[0m[1;36m][0m[1;36m[0m
[gazebo-1] [1;36m[Dbg] [GpuLidarSensor.cc:164] [0m[1;36mLidar points for [[0m[1;36mstandard_dock::halo_link::halo[0m[1;36m] advertised on [[0m[1;36mworld/warehouse/model/standard_dock/link/halo_link/sensor/halo/scan/points[0m[1;36m][0m[1;36m[0m
[gazebo-1] [1;36m[Dbg] [Lidar.cc:139] [0m[1;36mLaser scans for [[0m[1;36mstandard_dock::red_buoy_link::red_buoy[0m[1;36m] advertised on [[0m[1;36mworld/warehouse/model/standard_dock/link/red_buoy_link/sensor/red_buoy/scan[0m[1;36m][0m[1;36m[0m
[gazebo-1] [1;36m[Dbg] [GpuLidarSensor.cc:164] [0m[1;36mLidar points for [[0m[1;36mstandard_dock::red_buoy_link::red_buoy[0m[1;36m] advertised on [[0m[1;36mworld/warehouse/model/standard_dock/link/red_buoy_link/sensor/red_buoy/scan/points[0m[1;36m][0m[1;36m[0m
[gazebo-1] [1;36m[Dbg] [Lidar.cc:139] [0m[1;36mLaser scans for [[0m[1;36mstandard_dock::yellow_buoy_link::yellow_buoy[0m[1;36m] advertised on [[0m[1;36mworld/warehouse/model/standard_dock/link/yellow_buoy_link/sensor/yellow_buoy/scan[0m[1;36m][0m[1;36m[0m
[gazebo-1] [1;36m[Dbg] [GpuLidarSensor.cc:164] [0m[1;36mLidar points for [[0m[1;36mstandard_dock::yellow_buoy_link::yellow_buoy[0m[1;36m] advertised on [[0m[1;36mworld/warehouse/model/standard_dock/link/yellow_buoy_link/sensor/yellow_buoy/scan/points[0m[1;36m][0m[1;36m[0m
[gazebo-1] [1;36m[Dbg] [Lidar.cc:139] [0m[1;36mLaser scans for [[0m[1;36mturtlebot4::base_link::cliff_front_left[0m[1;36m] advertised on [[0m[1;36mworld/warehouse/model/turtlebot4/link/base_link/sensor/cliff_front_left/scan[0m[1;36m][0m[1;36m[0m
[gazebo-1] [1;36m[Dbg] [GpuLidarSensor.cc:164] [0m[1;36mLidar points for [[0m[1;36mturtlebot4::base_link::cliff_front_left[0m[1;36m] advertised on [[0m[1;36mworld/warehouse/model/turtlebot4/link/base_link/sensor/cliff_front_left/scan/points[0m[1;36m][0m[1;36m[0m
[gazebo-1] [1;36m[Dbg] [Lidar.cc:139] [0m[1;36mLaser scans for [[0m[1;36mturtlebot4::base_link::cliff_front_right[0m[1;36m] advertised on [[0m[1;36mworld/warehouse/model/turtlebot4/link/base_link/sensor/cliff_front_right/scan[0m[1;36m][0m[1;36m[0m
[gazebo-1] [1;36m[Dbg] [GpuLidarSensor.cc:164] [0m[1;36mLidar points for [[0m[1;36mturtlebot4::base_link::cliff_front_right[0m[1;36m] advertised on [[0m[1;36mworld/warehouse/model/turtlebot4/link/base_link/sensor/cliff_front_right/scan/points[0m[1;36m][0m[1;36m[0m
[gazebo-1] [1;36m[Dbg] [Lidar.cc:139] [0m[1;36mLaser scans for [[0m[1;36mturtlebot4::base_link::cliff_side_left[0m[1;36m] advertised on [[0m[1;36mworld/warehouse/model/turtlebot4/link/base_link/sensor/cliff_side_left/scan[0m[1;36m][0m[1;36m[0m
[gazebo-1] [1;36m[Dbg] [GpuLidarSensor.cc:164] [0m[1;36mLidar points for [[0m[1;36mturtlebot4::base_link::cliff_side_left[0m[1;36m] advertised on [[0m[1;36mworld/warehouse/model/turtlebot4/link/base_link/sensor/cliff_side_left/scan/points[0m[1;36m][0m[1;36m[0m
[gazebo-1] [1;36m[Dbg] [Lidar.cc:139] [0m[1;36mLaser scans for [[0m[1;36mturtlebot4::base_link::cliff_side_right[0m[1;36m] advertised on [[0m[1;36mworld/warehouse/model/turtlebot4/link/base_link/sensor/cliff_side_right/scan[0m[1;36m][0m[1;36m[0m
[gazebo-1] [1;36m[Dbg] [GpuLidarSensor.cc:164] [0m[1;36mLidar points for [[0m[1;36mturtlebot4::base_link::cliff_side_right[0m[1;36m] advertised on [[0m[1;36mworld/warehouse/model/turtlebot4/link/base_link/sensor/cliff_side_right/scan/points[0m[1;36m][0m[1;36m[0m
[gazebo-1] [1;36m[Dbg] [Lidar.cc:139] [0m[1;36mLaser scans for [[0m[1;36mturtlebot4::ir_intensity_front_center_left::ir_intensity_front_center_left[0m[1;36m] advertised on [[0m[1;36mworld/warehouse/model/turtlebot4/link/ir_intensity_front_center_left/sensor/ir_intensity_front_center_left/scan[0m[1;36m][0m[1;36m[0m
[gazebo-1] [1;36m[Dbg] [GpuLidarSensor.cc:164] [0m[1;36mLidar points for [[0m[1;36mturtlebot4::ir_intensity_front_center_left::ir_intensity_front_center_left[0m[1;36m] advertised on [[0m[1;36mworld/warehouse/model/turtlebot4/link/ir_intensity_front_center_left/sensor/ir_intensity_front_center_left/scan/points[0m[1;36m][0m[1;36m[0m
[gazebo-1] [1;36m[Dbg] [Lidar.cc:139] [0m[1;36mLaser scans for [[0m[1;36mturtlebot4::ir_intensity_front_center_right::ir_intensity_front_center_right[0m[1;36m] advertised on [[0m[1;36mworld/warehouse/model/turtlebot4/link/ir_intensity_front_center_right/sensor/ir_intensity_front_center_right/scan[0m[1;36m][0m[1;36m[0m
[gazebo-1] [1;36m[Dbg] [GpuLidarSensor.cc:164] [0m[1;36mLidar points for [[0m[1;36mturtlebot4::ir_intensity_front_center_right::ir_intensity_front_center_right[0m[1;36m] advertised on [[0m[1;36mworld/warehouse/model/turtlebot4/link/ir_intensity_front_center_right/sensor/ir_intensity_front_center_right/scan/points[0m[1;36m][0m[1;36m[0m
[gazebo-1] [1;36m[Dbg] [Lidar.cc:139] [0m[1;36mLaser scans for [[0m[1;36mturtlebot4::ir_intensity_front_left::ir_intensity_front_left[0m[1;36m] advertised on [[0m[1;36mworld/warehouse/model/turtlebot4/link/ir_intensity_front_left/sensor/ir_intensity_front_left/scan[0m[1;36m][0m[1;36m[0m
[gazebo-1] [1;36m[Dbg] [GpuLidarSensor.cc:164] [0m[1;36mLidar points for [[0m[1;36mturtlebot4::ir_intensity_front_left::ir_intensity_front_left[0m[1;36m] advertised on [[0m[1;36mworld/warehouse/model/turtlebot4/link/ir_intensity_front_left/sensor/ir_intensity_front_left/scan/points[0m[1;36m][0m[1;36m[0m
[gazebo-1] [1;36m[Dbg] [Lidar.cc:139] [0m[1;36mLaser scans for [[0m[1;36mturtlebot4::ir_intensity_front_right::ir_intensity_front_right[0m[1;36m] advertised on [[0m[1;36mworld/warehouse/model/turtlebot4/link/ir_intensity_front_right/sensor/ir_intensity_front_right/scan[0m[1;36m][0m[1;36m[0m
[gazebo-1] [1;36m[Dbg] [GpuLidarSensor.cc:164] [0m[1;36mLidar points for [[0m[1;36mturtlebot4::ir_intensity_front_right::ir_intensity_front_right[0m[1;36m] advertised on [[0m[1;36mworld/warehouse/model/turtlebot4/link/ir_intensity_front_right/sensor/ir_intensity_front_right/scan/points[0m[1;36m][0m[1;36m[0m
[gazebo-1] [1;36m[Dbg] [Lidar.cc:139] [0m[1;36mLaser scans for [[0m[1;36mturtlebot4::ir_intensity_left::ir_intensity_left[0m[1;36m] advertised on [[0m[1;36mworld/warehouse/model/turtlebot4/link/ir_intensity_left/sensor/ir_intensity_left/scan[0m[1;36m][0m[1;36m[0m
[gazebo-1] [1;36m[Dbg] [GpuLidarSensor.cc:164] [0m[1;36mLidar points for [[0m[1;36mturtlebot4::ir_intensity_left::ir_intensity_left[0m[1;36m] advertised on [[0m[1;36mworld/warehouse/model/turtlebot4/link/ir_intensity_left/sensor/ir_intensity_left/scan/points[0m[1;36m][0m[1;36m[0m
[gazebo-1] [1;36m[Dbg] [Lidar.cc:139] [0m[1;36mLaser scans for [[0m[1;36mturtlebot4::ir_intensity_right::ir_intensity_right[0m[1;36m] advertised on [[0m[1;36mworld/warehouse/model/turtlebot4/link/ir_intensity_right/sensor/ir_intensity_right/scan[0m[1;36m][0m[1;36m[0m
[gazebo-1] [1;36m[Dbg] [GpuLidarSensor.cc:164] [0m[1;36mLidar points for [[0m[1;36mturtlebot4::ir_intensity_right::ir_intensity_right[0m[1;36m] advertised on [[0m[1;36mworld/warehouse/model/turtlebot4/link/ir_intensity_right/sensor/ir_intensity_right/scan/points[0m[1;36m][0m[1;36m[0m
[gazebo-1] [1;36m[Dbg] [Lidar.cc:139] [0m[1;36mLaser scans for [[0m[1;36mturtlebot4::ir_intensity_side_left::ir_intensity_side_left[0m[1;36m] advertised on [[0m[1;36mworld/warehouse/model/turtlebot4/link/ir_intensity_side_left/sensor/ir_intensity_side_left/scan[0m[1;36m][0m[1;36m[0m
[gazebo-1] [1;36m[Dbg] [GpuLidarSensor.cc:164] [0m[1;36mLidar points for [[0m[1;36mturtlebot4::ir_intensity_side_left::ir_intensity_side_left[0m[1;36m] advertised on [[0m[1;36mworld/warehouse/model/turtlebot4/link/ir_intensity_side_left/sensor/ir_intensity_side_left/scan/points[0m[1;36m][0m[1;36m[0m
[gazebo-1] [1;36m[Dbg] [Lidar.cc:139] [0m[1;36mLaser scans for [[0m[1;36mturtlebot4::rplidar_link::rplidar[0m[1;36m] advertised on [[0m[1;36mworld/warehouse/model/turtlebot4/link/rplidar_link/sensor/rplidar/scan[0m[1;36m][0m[1;36m[0m
[gazebo-1] [1;36m[Dbg] [GpuLidarSensor.cc:164] [0m[1;36mLidar points for [[0m[1;36mturtlebot4::rplidar_link::rplidar[0m[1;36m] advertised on [[0m[1;36mworld/warehouse/model/turtlebot4/link/rplidar_link/sensor/rplidar/scan/points[0m[1;36m][0m[1;36m[0m
[gazebo-1] [1;33m[Wrn] [OgreGpuRays.cc:292] [0m[1;33mHorizontal FOV for GPU rays is capped at 180 degrees.[0m
[spawner-46] [INFO] [1781972171.589939432] [spawner_diffdrive_controller]: Loaded diffdrive_controller
[gazebo-1] [INFO] [1781972171.593626579] [controller_manager]: Configuring controller: 'diffdrive_controller'
[gazebo-1] [WARN] [1781972171.593832320] [diffdrive_controller]: [deprecated] has_jerk_limits parameter is deprecated, instead set the respective limits to NAN
[gazebo-1] [WARN] [1781972171.593867099] [diffdrive_controller]: [deprecated] has_jerk_limits parameter is deprecated, instead set the respective limits to NAN
[gazebo-1] [WARN] [1781972171.600733394] [diffdrive_controller]: Can't accept new commands. subscriber is inactive
[parameter_bridge-9] [INFO] [1781972171.601170508] [cmd_vel_bridge]: Passing message from ROS geometry_msgs/msg/TwistStamped to Gazebo gz.msgs.Twist (showing msg only once per type)
[gazebo-1] [INFO] [1781972171.614692118] [controller_manager]: Activating controllers: [ diffdrive_controller ]
[gazebo-1] [INFO] [1781972171.616267585] [controller_manager]: Successfully switched controllers!
[spawner-46] [INFO] [1781972171.620318516] [spawner_diffdrive_controller]: Configured and activated diffdrive_controller
[turtlebot4_node-30] [INFO] [1781972171.623949443] [turtlebot4_node]: OAKD stopped
[turtlebot4_node-30] [INFO] [1781972171.624010063] [turtlebot4_node]: RPLIDAR stopped
[gazebo-1] [WARN] [1781972171.624441659] [diffdrive_controller]: Received TwistStamped with zero timestamp, setting it to current time, this message will only be shown once
[INFO] [spawner-46]: process has finished cleanly [pid 4931]
[gazebo-1] [WARN] [1781972177.498569304] [diffdrive_controller]: Ignoring the received message (timestamp 5.1930000000) because it is older than the current time by 0.5250000000 seconds, which exceeds the allowed timeout (0.5000)
[turtlebot4_node-30] [ERROR] [1781972201.634404705] [turtlebot4_node]: Service stop_motor unavailable.
[turtlebot4_node-30] [ERROR] [1781972201.644703589] [turtlebot4_node]: Service oakd/stop_camera unavailable.
[gazebo-1] [WARN] [1781972431.512146662] [diffdrive_controller]: Ignoring the received message (timestamp 248.2020000000) because it is older than the current time by 0.5010000000 seconds, which exceeds the allowed timeout (0.5000)
[motion_control-35] [INFO] [1781973199.899004948] [motion_control]: Received new undock goal
[turtlebot4_node-30] [INFO] [1781973200.202476610] [turtlebot4_node]: OAKD started
[turtlebot4_node-30] [INFO] [1781973200.202553712] [turtlebot4_node]: RPLIDAR started
[motion_control-35] [INFO] [1781973209.594956159] [motion_control]: Undock Goal Succeeded
[gazebo-1] [WARN] [1781973228.646337489] [diffdrive_controller]: Ignoring the received message (timestamp 1019.0520000000) because it is older than the current time by 0.5040000000 seconds, which exceeds the allowed timeout (0.5000)
[turtlebot4_node-30] [ERROR] [1781973230.215145117] [turtlebot4_node]: Service start_motor unavailable.
[turtlebot4_node-30] [ERROR] [1781973230.227439891] [turtlebot4_node]: Service oakd/start_camera unavailable.
[gazebo-1] [WARN] [1781973434.277826812] [diffdrive_controller]: Ignoring the received message (timestamp 1214.2770000000) because it is older than the current time by 0.5010000000 seconds, which exceeds the allowed timeout (0.5000)
[gazebo-1] [WARN] [1781973460.807203258] [diffdrive_controller]: Ignoring the received message (timestamp 1238.4270000000) because it is older than the current time by 0.5010000000 seconds, which exceeds the allowed timeout (0.5000)
[gazebo-1] [WARN] [1781973620.930718346] [diffdrive_controller]: Ignoring the received message (timestamp 1393.8270000000) because it is older than the current time by 0.5010000000 seconds, which exceeds the allowed timeout (0.5000)
[gazebo-1] [WARN] [1781973800.813332597] [diffdrive_controller]: Ignoring the received message (timestamp 1568.8230000000) because it is older than the current time by 0.5040000000 seconds, which exceeds the allowed timeout (0.5000)
[gazebo-1] [WARN] [1781973800.842491767] [diffdrive_controller]: Ignoring the received message (timestamp 1568.8230000000) because it is older than the current time by 0.5280000000 seconds, which exceeds the allowed timeout (0.5000)
[gazebo-1] [WARN] [1781973800.866291297] [diffdrive_controller]: Ignoring the received message (timestamp 1568.8230000000) because it is older than the current time by 0.5520000000 seconds, which exceeds the allowed timeout (0.5000)
[gazebo-1] [WARN] [1781973800.896308367] [diffdrive_controller]: Ignoring the received message (timestamp 1568.8230000000) because it is older than the current time by 0.5790000000 seconds, which exceeds the allowed timeout (0.5000)
[gazebo-1] [WARN] [1781973800.920554097] [diffdrive_controller]: Ignoring the received message (timestamp 1568.8230000000) because it is older than the current time by 0.6030000000 seconds, which exceeds the allowed timeout (0.5000)
[gazebo-1] [WARN] [1781973800.945422161] [diffdrive_controller]: Ignoring the received message (timestamp 1568.8230000000) because it is older than the current time by 0.6240000000 seconds, which exceeds the allowed timeout (0.5000)
[gazebo-1] [WARN] [1781973800.971227531] [diffdrive_controller]: Ignoring the received message (timestamp 1568.8230000000) because it is older than the current time by 0.6510000000 seconds, which exceeds the allowed timeout (0.5000)
[gazebo-1] [WARN] [1781973800.995029366] [diffdrive_controller]: Ignoring the received message (timestamp 1568.8230000000) because it is older than the current time by 0.6780000000 seconds, which exceeds the allowed timeout (0.5000)
[gazebo-1] [WARN] [1781973801.019569606] [diffdrive_controller]: Ignoring the received message (timestamp 1568.8230000000) because it is older than the current time by 0.7020000000 seconds, which exceeds the allowed timeout (0.5000)
[gazebo-1] [WARN] [1781973801.047035883] [diffdrive_controller]: Ignoring the received message (timestamp 1568.8230000000) because it is older than the current time by 0.7290000000 seconds, which exceeds the allowed timeout (0.5000)
[gazebo-1] [WARN] [1781973801.070089186] [diffdrive_controller]: Ignoring the received message (timestamp 1568.8230000000) because it is older than the current time by 0.7530000000 seconds, which exceeds the allowed timeout (0.5000)
[gazebo-1] [WARN] [1781973801.093913788] [diffdrive_controller]: Ignoring the received message (timestamp 1568.8230000000) because it is older than the current time by 0.7740000000 seconds, which exceeds the allowed timeout (0.5000)
[gazebo-1] [WARN] [1781973801.121056851] [diffdrive_controller]: Ignoring the received message (timestamp 1568.8230000000) because it is older than the current time by 0.8010000000 seconds, which exceeds the allowed timeout (0.5000)
[gazebo-1] [WARN] [1781973801.147210787] [diffdrive_controller]: Ignoring the received message (timestamp 1568.8230000000) because it is older than the current time by 0.8280000000 seconds, which exceeds the allowed timeout (0.5000)
[gazebo-1] [WARN] [1781973801.169088493] [diffdrive_controller]: Ignoring the received message (timestamp 1568.8230000000) because it is older than the current time by 0.8520000000 seconds, which exceeds the allowed timeout (0.5000)
[gazebo-1] [WARN] [1781973801.196188954] [diffdrive_controller]: Ignoring the received message (timestamp 1568.8230000000) because it is older than the current time by 0.8790000000 seconds, which exceeds the allowed timeout (0.5000)
[gazebo-1] [WARN] [1781973801.220111819] [diffdrive_controller]: Ignoring the received message (timestamp 1568.8230000000) because it is older than the current time by 0.9030000000 seconds, which exceeds the allowed timeout (0.5000)
[gazebo-1] [WARN] [1781973801.244320675] [diffdrive_controller]: Ignoring the received message (timestamp 1568.8230000000) because it is older than the current time by 0.9270000000 seconds, which exceeds the allowed timeout (0.5000)
[gazebo-1] [WARN] [1781973801.271040794] [diffdrive_controller]: Ignoring the received message (timestamp 1568.8230000000) because it is older than the current time by 0.9540000000 seconds, which exceeds the allowed timeout (0.5000)
[gazebo-1] [WARN] [1781973801.295048514] [diffdrive_controller]: Ignoring the received message (timestamp 1568.8230000000) because it is older than the current time by 0.9780000000 seconds, which exceeds the allowed timeout (0.5000)
[gazebo-1] [WARN] [1781973801.320202917] [diffdrive_controller]: Ignoring the received message (timestamp 1568.8230000000) because it is older than the current time by 1.0020000000 seconds, which exceeds the allowed timeout (0.5000)
[gazebo-1] [WARN] [1781973801.346202579] [diffdrive_controller]: Ignoring the received message (timestamp 1568.8230000000) because it is older than the current time by 1.0290000000 seconds, which exceeds the allowed timeout (0.5000)
[gazebo-1] [WARN] [1781973801.370012654] [diffdrive_controller]: Ignoring the received message (timestamp 1568.8230000000) because it is older than the current time by 1.0530000000 seconds, which exceeds the allowed timeout (0.5000)
[gazebo-1] [WARN] [1781973801.394827012] [diffdrive_controller]: Ignoring the received message (timestamp 1568.8230000000) because it is older than the current time by 1.0770000000 seconds, which exceeds the allowed timeout (0.5000)
[gazebo-1] [WARN] [1781973801.424579113] [diffdrive_controller]: Ignoring the received message (timestamp 1568.8230000000) because it is older than the current time by 1.1010000000 seconds, which exceeds the allowed timeout (0.5000)
[gazebo-1] [WARN] [1781973801.453206880] [diffdrive_controller]: Ignoring the received message (timestamp 1568.8230000000) because it is older than the current time by 1.1280000000 seconds, which exceeds the allowed timeout (0.5000)
[gazebo-1] [WARN] [1781973801.475798827] [diffdrive_controller]: Ignoring the received message (timestamp 1568.8230000000) because it is older than the current time by 1.1490000000 seconds, which exceeds the allowed timeout (0.5000)
[gazebo-1] [WARN] [1781973801.503009285] [diffdrive_controller]: Ignoring the received message (timestamp 1568.8230000000) because it is older than the current time by 1.1790000000 seconds, which exceeds the allowed timeout (0.5000)
[gazebo-1] [WARN] [1781973801.527188668] [diffdrive_controller]: Ignoring the received message (timestamp 1568.8230000000) because it is older than the current time by 1.2030000000 seconds, which exceeds the allowed timeout (0.5000)
[gazebo-1] [WARN] [1781973801.552420243] [diffdrive_controller]: Ignoring the received message (timestamp 1568.8230000000) because it is older than the current time by 1.2270000000 seconds, which exceeds the allowed timeout (0.5000)
[gazebo-1] [WARN] [1781973801.578061702] [diffdrive_controller]: Ignoring the received message (timestamp 1568.8230000000) because it is older than the current time by 1.2540000000 seconds, which exceeds the allowed timeout (0.5000)
[gazebo-1] [WARN] [1781973801.601946784] [diffdrive_controller]: Ignoring the received message (timestamp 1568.8230000000) because it is older than the current time by 1.2780000000 seconds, which exceeds the allowed timeout (0.5000)
[gazebo-1] [WARN] [1781973801.625761399] [diffdrive_controller]: Ignoring the received message (timestamp 1568.8230000000) because it is older than the current time by 1.3020000000 seconds, which exceeds the allowed timeout (0.5000)
[gazebo-1] [WARN] [1781973801.653174180] [diffdrive_controller]: Ignoring the received message (timestamp 1568.8230000000) because it is older than the current time by 1.3290000000 seconds, which exceeds the allowed timeout (0.5000)
[gazebo-1] [WARN] [1781973801.678048390] [diffdrive_controller]: Ignoring the received message (timestamp 1568.8230000000) because it is older than the current time by 1.3530000000 seconds, which exceeds the allowed timeout (0.5000)
[gazebo-1] [WARN] [1781973801.700696836] [diffdrive_controller]: Ignoring the received message (timestamp 1568.8230000000) because it is older than the current time by 1.3740000000 seconds, which exceeds the allowed timeout (0.5000)
[gazebo-1] [WARN] [1781973801.728352377] [diffdrive_controller]: Ignoring the received message (timestamp 1568.8230000000) because it is older than the current time by 1.4040000000 seconds, which exceeds the allowed timeout (0.5000)
[gazebo-1] [WARN] [1781973801.752383841] [diffdrive_controller]: Ignoring the received message (timestamp 1568.8230000000) because it is older than the current time by 1.4280000000 seconds, which exceeds the allowed timeout (0.5000)
[gazebo-1] [WARN] [1781973801.775905413] [diffdrive_controller]: Ignoring the received message (timestamp 1568.8230000000) because it is older than the current time by 1.4520000000 seconds, which exceeds the allowed timeout (0.5000)
[gazebo-1] [WARN] [1781973801.803098201] [diffdrive_controller]: Ignoring the received message (timestamp 1568.8230000000) because it is older than the current time by 1.4790000000 seconds, which exceeds the allowed timeout (0.5000)
[gazebo-1] [WARN] [1781974075.490183766] [diffdrive_controller]: Ignoring the received message (timestamp 1835.8650000000) because it is older than the current time by 0.5100000000 seconds, which exceeds the allowed timeout (0.5000)
[gazebo-1] [WARN] [1781974075.517220645] [diffdrive_controller]: Ignoring the received message (timestamp 1835.8650000000) because it is older than the current time by 0.5370000000 seconds, which exceeds the allowed timeout (0.5000)
[gazebo-1] [WARN] [1781974075.542609234] [diffdrive_controller]: Ignoring the received message (timestamp 1835.8650000000) because it is older than the current time by 0.5610000000 seconds, which exceeds the allowed timeout (0.5000)
[gazebo-1] [WARN] [1781974075.565279006] [diffdrive_controller]: Ignoring the received message (timestamp 1835.8650000000) because it is older than the current time by 0.5850000000 seconds, which exceeds the allowed timeout (0.5000)
[gazebo-1] [WARN] [1781974075.592086861] [diffdrive_controller]: Ignoring the received message (timestamp 1835.8650000000) because it is older than the current time by 0.6120000000 seconds, which exceeds the allowed timeout (0.5000)
[gazebo-1] [WARN] [1781974075.616389837] [diffdrive_controller]: Ignoring the received message (timestamp 1835.8650000000) because it is older than the current time by 0.6360000000 seconds, which exceeds the allowed timeout (0.5000)
[gazebo-1] [WARN] [1781974075.645418019] [diffdrive_controller]: Ignoring the received message (timestamp 1835.8650000000) because it is older than the current time by 0.6600000000 seconds, which exceeds the allowed timeout (0.5000)
[gazebo-1] [WARN] [1781974075.674926460] [diffdrive_controller]: Ignoring the received message (timestamp 1835.8650000000) because it is older than the current time by 0.6870000000 seconds, which exceeds the allowed timeout (0.5000)
[gazebo-1] [WARN] [1781974075.698733601] [diffdrive_controller]: Ignoring the received message (timestamp 1835.8650000000) because it is older than the current time by 0.7110000000 seconds, which exceeds the allowed timeout (0.5000)
[gazebo-1] [WARN] [1781974075.722908760] [diffdrive_controller]: Ignoring the received message (timestamp 1835.8650000000) because it is older than the current time by 0.7350000000 seconds, which exceeds the allowed timeout (0.5000)
[gazebo-1] [WARN] [1781974075.750089940] [diffdrive_controller]: Ignoring the received message (timestamp 1835.8650000000) because it is older than the current time by 0.7620000000 seconds, which exceeds the allowed timeout (0.5000)
[gazebo-1] [WARN] [1781974075.775098847] [diffdrive_controller]: Ignoring the received message (timestamp 1835.8650000000) because it is older than the current time by 0.7860000000 seconds, which exceeds the allowed timeout (0.5000)
[gazebo-1] [WARN] [1781974075.798042694] [diffdrive_controller]: Ignoring the received message (timestamp 1835.8650000000) because it is older than the current time by 0.8100000000 seconds, which exceeds the allowed timeout (0.5000)
[gazebo-1] [WARN] [1781974075.824893854] [diffdrive_controller]: Ignoring the received message (timestamp 1835.8650000000) because it is older than the current time by 0.8370000000 seconds, which exceeds the allowed timeout (0.5000)
[gazebo-1] [WARN] [1781974075.849430953] [diffdrive_controller]: Ignoring the received message (timestamp 1835.8650000000) because it is older than the current time by 0.8610000000 seconds, which exceeds the allowed timeout (0.5000)
[gazebo-1] [WARN] [1781974075.873224753] [diffdrive_controller]: Ignoring the received message (timestamp 1835.8650000000) because it is older than the current time by 0.8850000000 seconds, which exceeds the allowed timeout (0.5000)
[gazebo-1] [WARN] [1781974075.899664102] [diffdrive_controller]: Ignoring the received message (timestamp 1835.8650000000) because it is older than the current time by 0.9090000000 seconds, which exceeds the allowed timeout (0.5000)
[gazebo-1] [WARN] [1781974075.923735190] [diffdrive_controller]: Ignoring the received message (timestamp 1835.8650000000) because it is older than the current time by 0.9360000000 seconds, which exceeds the allowed timeout (0.5000)
[gazebo-1] [WARN] [1781974075.948329981] [diffdrive_controller]: Ignoring the received message (timestamp 1835.8650000000) because it is older than the current time by 0.9600000000 seconds, which exceeds the allowed timeout (0.5000)
[gazebo-1] [WARN] [1781974075.976656562] [diffdrive_controller]: Ignoring the received message (timestamp 1835.8650000000) because it is older than the current time by 0.9870000000 seconds, which exceeds the allowed timeout (0.5000)
[gazebo-1] [WARN] [1781974075.999088300] [diffdrive_controller]: Ignoring the received message (timestamp 1835.8650000000) because it is older than the current time by 1.0110000000 seconds, which exceeds the allowed timeout (0.5000)
[gazebo-1] [WARN] [1781974076.027410683] [diffdrive_controller]: Ignoring the received message (timestamp 1835.8650000000) because it is older than the current time by 1.0350000000 seconds, which exceeds the allowed timeout (0.5000)
[gazebo-1] [WARN] [1781974076.054083868] [diffdrive_controller]: Ignoring the received message (timestamp 1835.8650000000) because it is older than the current time by 1.0620000000 seconds, which exceeds the allowed timeout (0.5000)
[gazebo-1] [WARN] [1781974076.077979426] [diffdrive_controller]: Ignoring the received message (timestamp 1835.8650000000) because it is older than the current time by 1.0860000000 seconds, which exceeds the allowed timeout (0.5000)
[gazebo-1] [WARN] [1781974076.101761066] [diffdrive_controller]: Ignoring the received message (timestamp 1835.8650000000) because it is older than the current time by 1.1100000000 seconds, which exceeds the allowed timeout (0.5000)
[gazebo-1] [WARN] [1781974076.128397302] [diffdrive_controller]: Ignoring the received message (timestamp 1835.8650000000) because it is older than the current time by 1.1370000000 seconds, which exceeds the allowed timeout (0.5000)
[gazebo-1] [WARN] [1781974076.152438559] [diffdrive_controller]: Ignoring the received message (timestamp 1835.8650000000) because it is older than the current time by 1.1610000000 seconds, which exceeds the allowed timeout (0.5000)
[gazebo-1] [WARN] [1781974076.179918252] [diffdrive_controller]: Ignoring the received message (timestamp 1835.8650000000) because it is older than the current time by 1.1850000000 seconds, which exceeds the allowed timeout (0.5000)
[gazebo-1] [WARN] [1781974076.206357174] [diffdrive_controller]: Ignoring the received message (timestamp 1835.8650000000) because it is older than the current time by 1.2120000000 seconds, which exceeds the allowed timeout (0.5000)
[gazebo-1] [WARN] [1781974076.230561800] [diffdrive_controller]: Ignoring the received message (timestamp 1835.8650000000) because it is older than the current time by 1.2360000000 seconds, which exceeds the allowed timeout (0.5000)
[gazebo-1] [WARN] [1781974076.260154677] [diffdrive_controller]: Ignoring the received message (timestamp 1835.8650000000) because it is older than the current time by 1.2600000000 seconds, which exceeds the allowed timeout (0.5000)
[gazebo-1] [WARN] [1781974076.287453958] [diffdrive_controller]: Ignoring the received message (timestamp 1835.8650000000) because it is older than the current time by 1.2870000000 seconds, which exceeds the allowed timeout (0.5000)
[gazebo-1] [WARN] [1781974076.311735904] [diffdrive_controller]: Ignoring the received message (timestamp 1835.8650000000) because it is older than the current time by 1.3110000000 seconds, which exceeds the allowed timeout (0.5000)
[gazebo-1] [WARN] [1781974076.335274620] [diffdrive_controller]: Ignoring the received message (timestamp 1835.8650000000) because it is older than the current time by 1.3350000000 seconds, which exceeds the allowed timeout (0.5000)
[gazebo-1] [WARN] [1781974076.362229982] [diffdrive_controller]: Ignoring the received message (timestamp 1835.8650000000) because it is older than the current time by 1.3620000000 seconds, which exceeds the allowed timeout (0.5000)
[gazebo-1] [WARN] [1781974076.386509482] [diffdrive_controller]: Ignoring the received message (timestamp 1835.8650000000) because it is older than the current time by 1.3860000000 seconds, which exceeds the allowed timeout (0.5000)
[gazebo-1] [WARN] [1781974076.410867140] [diffdrive_controller]: Ignoring the received message (timestamp 1835.8650000000) because it is older than the current time by 1.4100000000 seconds, which exceeds the allowed timeout (0.5000)
[gazebo-1] [WARN] [1781974076.437392182] [diffdrive_controller]: Ignoring the received message (timestamp 1835.8650000000) because it is older than the current time by 1.4370000000 seconds, which exceeds the allowed timeout (0.5000)
[gazebo-1] [WARN] [1781974076.461165021] [diffdrive_controller]: Ignoring the received message (timestamp 1835.8650000000) because it is older than the current time by 1.4610000000 seconds, which exceeds the allowed timeout (0.5000)
[gazebo-1] [WARN] [1781974076.486644542] [diffdrive_controller]: Ignoring the received message (timestamp 1835.8650000000) because it is older than the current time by 1.4850000000 seconds, which exceeds the allowed timeout (0.5000)
[parameter_bridge-16] Exception sending a multicast message:Network is unreachable
[parameter_bridge-18] Exception sending a multicast message:Network is unreachable
[parameter_bridge-18] Exception sending a multicast message:Network is unreachable
[parameter_bridge-27] Exception sending a multicast message:Network is unreachable
[parameter_bridge-26] Exception sending a multicast message:Network is unreachable
[parameter_bridge-9] Exception sending a multicast message:Network is unreachable
[gazebo-1] Exception sending a multicast message:网络不可达
[gazebo-1] Exception sending a multicast message:网络不可达
[gazebo-1] Exception sending a multicast message:网络不可达
[gazebo-1] Exception sending a multicast message:网络不可达
[parameter_bridge-26] Exception sending a multicast message:Network is unreachable
[parameter_bridge-20] Exception sending a multicast message:Network is unreachable
[parameter_bridge-29] Exception sending a multicast message:Network is unreachable
[parameter_bridge-15] Exception sending a multicast message:Network is unreachable
[parameter_bridge-28] Exception sending a multicast message:Network is unreachable
[parameter_bridge-17] Exception sending a multicast message:Network is unreachable
[parameter_bridge-28] Exception sending a multicast message:Network is unreachable
[parameter_bridge-25] Exception sending a multicast message:Network is unreachable
[parameter_bridge-25] Exception sending a multicast message:Network is unreachable
[parameter_bridge-25] Exception sending a multicast message:Network is unreachable
[parameter_bridge-17] Exception sending a multicast message:Network is unreachable
[gazebo-1] Exception sending a multicast message:网络不可达
[gazebo-1] Exception sending a multicast message:网络不可达
[gazebo-1] Exception sending a multicast message:网络不可达
[gazebo-1] Exception sending a multicast message:网络不可达
[parameter_bridge-15] Exception sending a multicast message:Network is unreachable
[gazebo-1] Exception sending a multicast message:Network is unreachable
[gazebo-1] Exception sending a multicast message:Network is unreachable
[gazebo-1] Exception sending a multicast message:Network is unreachable
[gazebo-1] Exception sending a multicast message:Network is unreachable
[gazebo-1] Exception sending a multicast message:Network is unreachable
[gazebo-1] Exception sending a multicast message:Network is unreachable
[gazebo-1] Exception sending a multicast message:Network is unreachable
[gazebo-1] Exception sending a multicast message:Network is unreachable
[gazebo-1] Exception sending a multicast message:Network is unreachable
[gazebo-1] Exception sending a multicast message:Network is unreachable
[gazebo-1] Exception sending a multicast message:Network is unreachable
[gazebo-1] Exception sending a multicast message:Network is unreachable
[gazebo-1] Exception sending a multicast message:Network is unreachable
[gazebo-1] Exception sending a multicast message:Network is unreachable
[gazebo-1] Exception sending a multicast message:Network is unreachable
[gazebo-1] Exception sending a multicast message:Network is unreachable
[gazebo-1] Exception sending a multicast message:Network is unreachable
[gazebo-1] Exception sending a multicast message:Network is unreachable
[gazebo-1] Exception sending a multicast message:Network is unreachable
[gazebo-1] Exception sending a multicast message:Network is unreachable
[gazebo-1] Exception sending a multicast message:Network is unreachable
[gazebo-1] Exception sending a multicast message:Network is unreachable
[gazebo-1] Exception sending a multicast message:Network is unreachable
[gazebo-1] Exception sending a multicast message:Network is unreachable
[gazebo-1] Exception sending a multicast message:Network is unreachable
[gazebo-1] Exception sending a multicast message:Network is unreachable
[gazebo-1] Exception sending a multicast message:Network is unreachable
[gazebo-1] Exception sending a multicast message:Network is unreachable
[gazebo-1] Exception sending a multicast message:Network is unreachable
[gazebo-1] Exception sending a multicast message:Network is unreachable
[gazebo-1] Exception sending a multicast message:Network is unreachable
[gazebo-1] Exception sending a multicast message:Network is unreachable
[gazebo-1] Exception sending a multicast message:Network is unreachable
[gazebo-1] Exception sending a multicast message:Network is unreachable
[gazebo-1] Exception sending a multicast message:Network is unreachable
[gazebo-1] Exception sending a multicast message:Network is unreachable
[gazebo-1] Exception sending a multicast message:Network is unreachable
[gazebo-1] Exception sending a multicast message:Network is unreachable
[gazebo-1] Exception sending a multicast message:Network is unreachable
[gazebo-1] Exception sending a multicast message:Network is unreachable
[gazebo-1] Exception sending a multicast message:Network is unreachable
[gazebo-1] Exception sending a multicast message:Network is unreachable
[gazebo-1] Exception sending a multicast message:Network is unreachable
[gazebo-1] Exception sending a multicast message:Network is unreachable
[gazebo-1] Exception sending a multicast message:Network is unreachable
[gazebo-1] Exception sending a multicast message:Network is unreachable
[gazebo-1] Exception sending a multicast message:Network is unreachable
[gazebo-1] Exception sending a multicast message:Network is unreachable
[gazebo-1] Exception sending a multicast message:Network is unreachable
[gazebo-1] Exception sending a multicast message:Network is unreachable
[gazebo-1] Exception sending a multicast message:Network is unreachable
[parameter_bridge-20] Exception sending a multicast message:Network is unreachable
[parameter_bridge-29] Exception sending a multicast message:Network is unreachable
[parameter_bridge-22] Exception sending a multicast message:Network is unreachable
[parameter_bridge-25] Exception sending a multicast message:Network is unreachable
[parameter_bridge-22] Exception sending a multicast message:Network is unreachable
[parameter_bridge-11] Exception sending a multicast message:Network is unreachable
[parameter_bridge-11] Exception sending a multicast message:Network is unreachable
[parameter_bridge-24] Exception sending a multicast message:Network is unreachable
[parameter_bridge-24] Exception sending a multicast message:Network is unreachable
[parameter_bridge-2] Exception sending a multicast message:Network is unreachable
[parameter_bridge-2] Exception sending a multicast message:Network is unreachable
[parameter_bridge-9] Exception sending a multicast message:Network is unreachable
[parameter_bridge-9] Exception sending a multicast message:Network is unreachable
[parameter_bridge-21] Exception sending a multicast message:Network is unreachable
[parameter_bridge-21] Exception sending a multicast message:Network is unreachable
[parameter_bridge-12] Exception sending a multicast message:Network is unreachable
[parameter_bridge-12] Exception sending a multicast message:Network is unreachable
[parameter_bridge-19] Exception sending a multicast message:Network is unreachable
[parameter_bridge-19] Exception sending a multicast message:Network is unreachable
[parameter_bridge-27] Exception sending a multicast message:Network is unreachable
[parameter_bridge-27] Exception sending a multicast message:Network is unreachable
[parameter_bridge-27] Exception sending a multicast message:Network is unreachable
[parameter_bridge-27] Exception sending a multicast message:Network is unreachable
[parameter_bridge-27] Exception sending a multicast message:Network is unreachable
[parameter_bridge-27] Exception sending a multicast message:Network is unreachable
[parameter_bridge-27] Exception sending a multicast message:Network is unreachable
[parameter_bridge-27] Exception sending a multicast message:Network is unreachable
[parameter_bridge-23] Exception sending a multicast message:Network is unreachable
[parameter_bridge-14] Exception sending a multicast message:Network is unreachable
[parameter_bridge-10] Exception sending a multicast message:Network is unreachable
[gazebo-1] Exception sending a multicast message:Network is unreachable
[gazebo-1] Exception sending a multicast message:Network is unreachable
[gazebo-1] Exception sending a multicast message:Network is unreachable
[gazebo-1] Exception sending a multicast message:Network is unreachable
[gazebo-1] Exception sending a multicast message:Network is unreachable
[gazebo-1] Exception sending a multicast message:Network is unreachable
[gazebo-1] Exception sending a multicast message:Network is unreachable
[gazebo-1] Exception sending a multicast message:Network is unreachable
[gazebo-1] Exception sending a multicast message:Network is unreachable
[gazebo-1] Exception sending a multicast message:Network is unreachable
[gazebo-1] Exception sending a multicast message:Network is unreachable
[gazebo-1] Exception sending a multicast message:Network is unreachable
[gazebo-1] Exception sending a multicast message:Network is unreachable
[gazebo-1] Exception sending a multicast message:Network is unreachable
[gazebo-1] Exception sending a multicast message:Network is unreachable
[gazebo-1] Exception sending a multicast message:Network is unreachable
[gazebo-1] Exception sending a multicast message:Network is unreachable
[gazebo-1] Exception sending a multicast message:Network is unreachable
[gazebo-1] Exception sending a multicast message:Network is unreachable
[gazebo-1] Exception sending a multicast message:Network is unreachable
[gazebo-1] Exception sending a multicast message:Network is unreachable
[gazebo-1] Exception sending a multicast message:Network is unreachable
[gazebo-1] Exception sending a multicast message:Network is unreachable
[gazebo-1] Exception sending a multicast message:Network is unreachable
[gazebo-1] Exception sending a multicast message:Network is unreachable
[gazebo-1] Exception sending a multicast message:Network is unreachable
[gazebo-1] Exception sending a multicast message:Network is unreachable
[gazebo-1] Exception sending a multicast message:Network is unreachable
[gazebo-1] Exception sending a multicast message:Network is unreachable
[gazebo-1] Exception sending a multicast message:Network is unreachable
[gazebo-1] Exception sending a multicast message:Network is unreachable
[gazebo-1] Exception sending a multicast message:Network is unreachable
[gazebo-1] Exception sending a multicast message:Network is unreachable
[gazebo-1] Exception sending a multicast message:Network is unreachable
[gazebo-1] Exception sending a multicast message:Network is unreachable
[gazebo-1] Exception sending a multicast message:Network is unreachable
[gazebo-1] Exception sending a multicast message:Network is unreachable
[gazebo-1] Exception sending a multicast message:Network is unreachable
[gazebo-1] Exception sending a multicast message:Network is unreachable
[gazebo-1] Exception sending a multicast message:Network is unreachable
[gazebo-1] Exception sending a multicast message:Network is unreachable
[gazebo-1] Exception sending a multicast message:Network is unreachable
[gazebo-1] Exception sending a multicast message:Network is unreachable
[gazebo-1] Exception sending a multicast message:Network is unreachable
[gazebo-1] Exception sending a multicast message:Network is unreachable
[gazebo-1] Exception sending a multicast message:Network is unreachable
[gazebo-1] Exception sending a multicast message:Network is unreachable
[gazebo-1] Exception sending a multicast message:Network is unreachable
[gazebo-1] Exception sending a multicast message:Network is unreachable
[gazebo-1] Exception sending a multicast message:Network is unreachable
[gazebo-1] Exception sending a multicast message:Network is unreachable
[gazebo-1] Exception sending a multicast message:Network is unreachable
[gazebo-1] Exception sending a multicast message:Network is unreachable
[gazebo-1] Exception sending a multicast message:Network is unreachable
[gazebo-1] Exception sending a multicast message:Network is unreachable
[gazebo-1] Exception sending a multicast message:Network is unreachable
[gazebo-1] Exception sending a multicast message:Network is unreachable
[gazebo-1] Exception sending a multicast message:Network is unreachable
[gazebo-1] Exception sending a multicast message:Network is unreachable
[gazebo-1] Exception sending a multicast message:Network is unreachable
[gazebo-1] Exception sending a multicast message:Network is unreachable
[gazebo-1] Exception sending a multicast message:Network is unreachable
[gazebo-1] Exception sending a multicast message:Network is unreachable
[gazebo-1] Exception sending a multicast message:Network is unreachable
[gazebo-1] Exception sending a multicast message:Network is unreachable
[gazebo-1] Exception sending a multicast message:Network is unreachable
[parameter_bridge-10] Exception sending a multicast message:Network is unreachable
[parameter_bridge-23] Exception sending a multicast message:Network is unreachable
[parameter_bridge-16] Exception sending a multicast message:Network is unreachable
[parameter_bridge-13] Exception sending a multicast message:Network is unreachable
[parameter_bridge-14] Exception sending a multicast message:Network is unreachable
[parameter_bridge-13] Exception sending a multicast message:Network is unreachable
[parameter_bridge-16] Exception sending a multicast message:Network is unreachable
[parameter_bridge-18] Exception sending a multicast message:Network is unreachable
[parameter_bridge-18] Exception sending a multicast message:Network is unreachable
[parameter_bridge-27] Exception sending a multicast message:Network is unreachable
[parameter_bridge-26] Exception sending a multicast message:Network is unreachable
[parameter_bridge-9] Exception sending a multicast message:Network is unreachable
[gazebo-1] Exception sending a multicast message:网络不可达
[gazebo-1] Exception sending a multicast message:网络不可达
[gazebo-1] Exception sending a multicast message:网络不可达
[gazebo-1] Exception sending a multicast message:网络不可达
[parameter_bridge-26] Exception sending a multicast message:Network is unreachable
[parameter_bridge-29] Exception sending a multicast message:Network is unreachable
[parameter_bridge-20] Exception sending a multicast message:Network is unreachable
[parameter_bridge-15] Exception sending a multicast message:Network is unreachable
[parameter_bridge-28] Exception sending a multicast message:Network is unreachable
[parameter_bridge-17] Exception sending a multicast message:Network is unreachable
[parameter_bridge-28] Exception sending a multicast message:Network is unreachable
[parameter_bridge-25] Exception sending a multicast message:Network is unreachable
[parameter_bridge-25] Exception sending a multicast message:Network is unreachable
[parameter_bridge-25] Exception sending a multicast message:Network is unreachable
[parameter_bridge-17] Exception sending a multicast message:Network is unreachable
[gazebo-1] Exception sending a multicast message:网络不可达
[gazebo-1] Exception sending a multicast message:网络不可达
[gazebo-1] Exception sending a multicast message:网络不可达
[gazebo-1] Exception sending a multicast message:网络不可达
[parameter_bridge-15] Exception sending a multicast message:Network is unreachable
[gazebo-1] Exception sending a multicast message:Network is unreachable
[gazebo-1] Exception sending a multicast message:Network is unreachable
[gazebo-1] Exception sending a multicast message:Network is unreachable
[gazebo-1] Exception sending a multicast message:Network is unreachable
[gazebo-1] Exception sending a multicast message:Network is unreachable
[gazebo-1] Exception sending a multicast message:Network is unreachable
[gazebo-1] Exception sending a multicast message:Network is unreachable
[gazebo-1] Exception sending a multicast message:Network is unreachable
[gazebo-1] Exception sending a multicast message:Network is unreachable
[gazebo-1] Exception sending a multicast message:Network is unreachable
[gazebo-1] Exception sending a multicast message:Network is unreachable
[gazebo-1] Exception sending a multicast message:Network is unreachable
[gazebo-1] Exception sending a multicast message:Network is unreachable
[gazebo-1] Exception sending a multicast message:Network is unreachable
[gazebo-1] Exception sending a multicast message:Network is unreachable
[gazebo-1] Exception sending a multicast message:Network is unreachable
[gazebo-1] Exception sending a multicast message:Network is unreachable
[gazebo-1] Exception sending a multicast message:Network is unreachable
[gazebo-1] Exception sending a multicast message:Network is unreachable
[gazebo-1] Exception sending a multicast message:Network is unreachable
[gazebo-1] Exception sending a multicast message:Network is unreachable
[gazebo-1] Exception sending a multicast message:Network is unreachable
[gazebo-1] Exception sending a multicast message:Network is unreachable
[gazebo-1] Exception sending a multicast message:Network is unreachable
[gazebo-1] Exception sending a multicast message:Network is unreachable
[gazebo-1] Exception sending a multicast message:Network is unreachable
[gazebo-1] Exception sending a multicast message:Network is unreachable
[gazebo-1] Exception sending a multicast message:Network is unreachable
[gazebo-1] Exception sending a multicast message:Network is unreachable
[gazebo-1] Exception sending a multicast message:Network is unreachable
[gazebo-1] Exception sending a multicast message:Network is unreachable
[gazebo-1] Exception sending a multicast message:Network is unreachable
[gazebo-1] Exception sending a multicast message:Network is unreachable
[gazebo-1] Exception sending a multicast message:Network is unreachable
[gazebo-1] Exception sending a multicast message:Network is unreachable
[gazebo-1] Exception sending a multicast message:Network is unreachable
[gazebo-1] Exception sending a multicast message:Network is unreachable
[gazebo-1] Exception sending a multicast message:Network is unreachable
[gazebo-1] Exception sending a multicast message:Network is unreachable
[gazebo-1] Exception sending a multicast message:Network is unreachable
[gazebo-1] Exception sending a multicast message:Network is unreachable
[gazebo-1] Exception sending a multicast message:Network is unreachable
[gazebo-1] Exception sending a multicast message:Network is unreachable
[gazebo-1] Exception sending a multicast message:Network is unreachable
[gazebo-1] Exception sending a multicast message:Network is unreachable
[gazebo-1] Exception sending a multicast message:Network is unreachable
[gazebo-1] Exception sending a multicast message:Network is unreachable
[gazebo-1] Exception sending a multicast message:Network is unreachable
[gazebo-1] Exception sending a multicast message:Network is unreachable
[gazebo-1] Exception sending a multicast message:Network is unreachable
[gazebo-1] Exception sending a multicast message:Network is unreachable
[parameter_bridge-20] Exception sending a multicast message:Network is unreachable
[parameter_bridge-29] Exception sending a multicast message:Network is unreachable
[parameter_bridge-22] Exception sending a multicast message:Network is unreachable
[parameter_bridge-25] Exception sending a multicast message:Network is unreachable
[parameter_bridge-22] Exception sending a multicast message:Network is unreachable
[parameter_bridge-11] Exception sending a multicast message:Network is unreachable
[parameter_bridge-11] Exception sending a multicast message:Network is unreachable
[parameter_bridge-24] Exception sending a multicast message:Network is unreachable
[parameter_bridge-24] Exception sending a multicast message:Network is unreachable
[parameter_bridge-2] Exception sending a multicast message:Network is unreachable
[parameter_bridge-2] Exception sending a multicast message:Network is unreachable
[parameter_bridge-9] Exception sending a multicast message:Network is unreachable
[parameter_bridge-9] Exception sending a multicast message:Network is unreachable
[parameter_bridge-21] Exception sending a multicast message:Network is unreachable
[parameter_bridge-21] Exception sending a multicast message:Network is unreachable
[parameter_bridge-12] Exception sending a multicast message:Network is unreachable
[parameter_bridge-12] Exception sending a multicast message:Network is unreachable
[parameter_bridge-19] Exception sending a multicast message:Network is unreachable
[parameter_bridge-19] Exception sending a multicast message:Network is unreachable
[parameter_bridge-27] Exception sending a multicast message:Network is unreachable
[parameter_bridge-27] Exception sending a multicast message:Network is unreachable
[parameter_bridge-27] Exception sending a multicast message:Network is unreachable
[parameter_bridge-27] Exception sending a multicast message:Network is unreachable
[parameter_bridge-27] Exception sending a multicast message:Network is unreachable
[parameter_bridge-27] Exception sending a multicast message:Network is unreachable
[parameter_bridge-27] Exception sending a multicast message:Network is unreachable
[parameter_bridge-27] Exception sending a multicast message:Network is unreachable
[parameter_bridge-23] Exception sending a multicast message:Network is unreachable
[parameter_bridge-14] Exception sending a multicast message:Network is unreachable
[parameter_bridge-10] Exception sending a multicast message:Network is unreachable
[gazebo-1] Exception sending a multicast message:Network is unreachable
[gazebo-1] Exception sending a multicast message:Network is unreachable
[gazebo-1] Exception sending a multicast message:Network is unreachable
[gazebo-1] Exception sending a multicast message:Network is unreachable
[gazebo-1] Exception sending a multicast message:Network is unreachable
[gazebo-1] Exception sending a multicast message:Network is unreachable
[gazebo-1] Exception sending a multicast message:Network is unreachable
[gazebo-1] Exception sending a multicast message:Network is unreachable
[gazebo-1] Exception sending a multicast message:Network is unreachable
[gazebo-1] Exception sending a multicast message:Network is unreachable
[gazebo-1] Exception sending a multicast message:Network is unreachable
[gazebo-1] Exception sending a multicast message:Network is unreachable
[gazebo-1] Exception sending a multicast message:Network is unreachable
[gazebo-1] Exception sending a multicast message:Network is unreachable
[gazebo-1] Exception sending a multicast message:Network is unreachable
[gazebo-1] Exception sending a multicast message:Network is unreachable
[gazebo-1] Exception sending a multicast message:Network is unreachable
[gazebo-1] Exception sending a multicast message:Network is unreachable
[gazebo-1] Exception sending a multicast message:Network is unreachable
[gazebo-1] Exception sending a multicast message:Network is unreachable
[gazebo-1] Exception sending a multicast message:Network is unreachable
[gazebo-1] Exception sending a multicast message:Network is unreachable
[gazebo-1] Exception sending a multicast message:Network is unreachable
[gazebo-1] Exception sending a multicast message:Network is unreachable
[gazebo-1] Exception sending a multicast message:Network is unreachable
[gazebo-1] Exception sending a multicast message:Network is unreachable
[gazebo-1] Exception sending a multicast message:Network is unreachable
[gazebo-1] Exception sending a multicast message:Network is unreachable
[gazebo-1] Exception sending a multicast message:Network is unreachable
[gazebo-1] Exception sending a multicast message:Network is unreachable
[gazebo-1] Exception sending a multicast message:Network is unreachable
[gazebo-1] Exception sending a multicast message:Network is unreachable
[gazebo-1] Exception sending a multicast message:Network is unreachable
[gazebo-1] Exception sending a multicast message:Network is unreachable
[gazebo-1] Exception sending a multicast message:Network is unreachable
[gazebo-1] Exception sending a multicast message:Network is unreachable
[gazebo-1] Exception sending a multicast message:Network is unreachable
[gazebo-1] Exception sending a multicast message:Network is unreachable
[gazebo-1] Exception sending a multicast message:Network is unreachable
[gazebo-1] Exception sending a multicast message:Network is unreachable
[gazebo-1] Exception sending a multicast message:Network is unreachable
[gazebo-1] Exception sending a multicast message:Network is unreachable
[parameter_bridge-10] Exception sending a multicast message:Network is unreachable
[gazebo-1] Exception sending a multicast message:Network is unreachable
[gazebo-1] Exception sending a multicast message:Network is unreachable
[gazebo-1] Exception sending a multicast message:Network is unreachable
[gazebo-1] Exception sending a multicast message:Network is unreachable
[gazebo-1] Exception sending a multicast message:Network is unreachable
[gazebo-1] Exception sending a multicast message:Network is unreachable
[gazebo-1] Exception sending a multicast message:Network is unreachable
[gazebo-1] Exception sending a multicast message:Network is unreachable
[gazebo-1] Exception sending a multicast message:Network is unreachable
[gazebo-1] Exception sending a multicast message:Network is unreachable
[gazebo-1] Exception sending a multicast message:Network is unreachable
[gazebo-1] Exception sending a multicast message:Network is unreachable
[gazebo-1] Exception sending a multicast message:Network is unreachable
[gazebo-1] Exception sending a multicast message:Network is unreachable
[gazebo-1] Exception sending a multicast message:Network is unreachable
[gazebo-1] Exception sending a multicast message:Network is unreachable
[gazebo-1] Exception sending a multicast message:Network is unreachable
[gazebo-1] Exception sending a multicast message:Network is unreachable
[gazebo-1] Exception sending a multicast message:Network is unreachable
[gazebo-1] Exception sending a multicast message:Network is unreachable
[gazebo-1] Exception sending a multicast message:Network is unreachable
[gazebo-1] Exception sending a multicast message:Network is unreachable
[gazebo-1] Exception sending a multicast message:Network is unreachable
[gazebo-1] Exception sending a multicast message:Network is unreachable
[parameter_bridge-23] Exception sending a multicast message:Network is unreachable
[parameter_bridge-16] Exception sending a multicast message:Network is unreachable
[parameter_bridge-13] Exception sending a multicast message:Network is unreachable
[parameter_bridge-14] Exception sending a multicast message:Network is unreachable
[parameter_bridge-13] Exception sending a multicast message:Network is unreachable
[parameter_bridge-16] Exception sending a multicast message:Network is unreachable
[parameter_bridge-18] Exception sending a multicast message:Network is unreachable
[parameter_bridge-18] Exception sending a multicast message:Network is unreachable
[parameter_bridge-27] Exception sending a multicast message:Network is unreachable
[parameter_bridge-26] Exception sending a multicast message:Network is unreachable
[parameter_bridge-9] Exception sending a multicast message:Network is unreachable
[gazebo-1] Exception sending a multicast message:网络不可达
[gazebo-1] Exception sending a multicast message:网络不可达
[gazebo-1] Exception sending a multicast message:网络不可达
[gazebo-1] Exception sending a multicast message:网络不可达
[parameter_bridge-26] Exception sending a multicast message:Network is unreachable
[parameter_bridge-29] Exception sending a multicast message:Network is unreachable
[parameter_bridge-20] Exception sending a multicast message:Network is unreachable
[parameter_bridge-15] Exception sending a multicast message:Network is unreachable
[parameter_bridge-28] Exception sending a multicast message:Network is unreachable
[parameter_bridge-17] Exception sending a multicast message:Network is unreachable
[parameter_bridge-28] Exception sending a multicast message:Network is unreachable
[parameter_bridge-25] Exception sending a multicast message:Network is unreachable
[parameter_bridge-25] Exception sending a multicast message:Network is unreachable
[parameter_bridge-25] Exception sending a multicast message:Network is unreachable
[parameter_bridge-17] Exception sending a multicast message:Network is unreachable
[gazebo-1] Exception sending a multicast message:网络不可达
[gazebo-1] Exception sending a multicast message:网络不可达
[gazebo-1] Exception sending a multicast message:网络不可达
[gazebo-1] Exception sending a multicast message:网络不可达
[parameter_bridge-15] Exception sending a multicast message:Network is unreachable
[gazebo-1] Exception sending a multicast message:Network is unreachable
[gazebo-1] Exception sending a multicast message:Network is unreachable
[gazebo-1] Exception sending a multicast message:Network is unreachable
[gazebo-1] Exception sending a multicast message:Network is unreachable
[gazebo-1] Exception sending a multicast message:Network is unreachable
[gazebo-1] Exception sending a multicast message:Network is unreachable
[gazebo-1] Exception sending a multicast message:Network is unreachable
[gazebo-1] Exception sending a multicast message:Network is unreachable
[gazebo-1] Exception sending a multicast message:Network is unreachable
[gazebo-1] Exception sending a multicast message:Network is unreachable
[gazebo-1] Exception sending a multicast message:Network is unreachable
[gazebo-1] Exception sending a multicast message:Network is unreachable
[gazebo-1] Exception sending a multicast message:Network is unreachable
[gazebo-1] Exception sending a multicast message:Network is unreachable
[gazebo-1] Exception sending a multicast message:Network is unreachable
[gazebo-1] Exception sending a multicast message:Network is unreachable
[gazebo-1] Exception sending a multicast message:Network is unreachable
[gazebo-1] Exception sending a multicast message:Network is unreachable
[gazebo-1] Exception sending a multicast message:Network is unreachable
[gazebo-1] Exception sending a multicast message:Network is unreachable
[gazebo-1] Exception sending a multicast message:Network is unreachable
[gazebo-1] Exception sending a multicast message:Network is unreachable
[gazebo-1] Exception sending a multicast message:Network is unreachable
[gazebo-1] Exception sending a multicast message:Network is unreachable
[gazebo-1] Exception sending a multicast message:Network is unreachable
[gazebo-1] Exception sending a multicast message:Network is unreachable
[gazebo-1] Exception sending a multicast message:Network is unreachable
[gazebo-1] Exception sending a multicast message:Network is unreachable
[gazebo-1] Exception sending a multicast message:Network is unreachable
[gazebo-1] Exception sending a multicast message:Network is unreachable
[gazebo-1] Exception sending a multicast message:Network is unreachable
[gazebo-1] Exception sending a multicast message:Network is unreachable
[gazebo-1] Exception sending a multicast message:Network is unreachable
[gazebo-1] Exception sending a multicast message:Network is unreachable
[gazebo-1] Exception sending a multicast message:Network is unreachable
[gazebo-1] Exception sending a multicast message:Network is unreachable
[gazebo-1] Exception sending a multicast message:Network is unreachable
[gazebo-1] Exception sending a multicast message:Network is unreachable
[gazebo-1] Exception sending a multicast message:Network is unreachable
[gazebo-1] Exception sending a multicast message:Network is unreachable
[gazebo-1] Exception sending a multicast message:Network is unreachable
[gazebo-1] Exception sending a multicast message:Network is unreachable
[gazebo-1] Exception sending a multicast message:Network is unreachable
[gazebo-1] Exception sending a multicast message:Network is unreachable
[gazebo-1] Exception sending a multicast message:Network is unreachable
[gazebo-1] Exception sending a multicast message:Network is unreachable
[gazebo-1] Exception sending a multicast message:Network is unreachable
[gazebo-1] Exception sending a multicast message:Network is unreachable
[gazebo-1] Exception sending a multicast message:Network is unreachable
[gazebo-1] Exception sending a multicast message:Network is unreachable
[gazebo-1] Exception sending a multicast message:Network is unreachable
[parameter_bridge-20] Exception sending a multicast message:Network is unreachable
[parameter_bridge-29] Exception sending a multicast message:Network is unreachable
[parameter_bridge-22] Exception sending a multicast message:Network is unreachable
[parameter_bridge-25] Exception sending a multicast message:Network is unreachable
[parameter_bridge-22] Exception sending a multicast message:Network is unreachable
[parameter_bridge-11] Exception sending a multicast message:Network is unreachable
[parameter_bridge-11] Exception sending a multicast message:Network is unreachable
[parameter_bridge-24] Exception sending a multicast message:Network is unreachable
[parameter_bridge-24] Exception sending a multicast message:Network is unreachable
[parameter_bridge-2] Exception sending a multicast message:Network is unreachable
[parameter_bridge-2] Exception sending a multicast message:Network is unreachable
[parameter_bridge-9] Exception sending a multicast message:Network is unreachable
[parameter_bridge-9] Exception sending a multicast message:Network is unreachable
[parameter_bridge-21] Exception sending a multicast message:Network is unreachable
[parameter_bridge-21] Exception sending a multicast message:Network is unreachable
[parameter_bridge-12] Exception sending a multicast message:Network is unreachable
[parameter_bridge-12] Exception sending a multicast message:Network is unreachable
[parameter_bridge-19] Exception sending a multicast message:Network is unreachable
[parameter_bridge-2] Exception sending a multicast message:Network is unreachable
[parameter_bridge-2] Exception sending a multicast message:Network is unreachable
[parameter_bridge-10] Exception sending a multicast message:Network is unreachable
[parameter_bridge-10] Exception sending a multicast message:Network is unreachable
[parameter_bridge-9] Exception sending a multicast message:Network is unreachable
[parameter_bridge-9] Exception sending a multicast message:Network is unreachable
[parameter_bridge-9] Exception sending a multicast message:Network is unreachable
[parameter_bridge-12] Exception sending a multicast message:Network is unreachable
[parameter_bridge-12] Exception sending a multicast message:Network is unreachable
[parameter_bridge-11] Exception sending a multicast message:Network is unreachable
[parameter_bridge-13] Exception sending a multicast message:Network is unreachable
[parameter_bridge-13] Exception sending a multicast message:Network is unreachable
[parameter_bridge-17] Exception sending a multicast message:Network is unreachable
[parameter_bridge-17] Exception sending a multicast message:Network is unreachable
[parameter_bridge-22] Exception sending a multicast message:Network is unreachable
[parameter_bridge-22] Exception sending a multicast message:Network is unreachable
[parameter_bridge-20] Exception sending a multicast message:Network is unreachable
[parameter_bridge-21] Exception sending a multicast message:Network is unreachable
[parameter_bridge-23] Exception sending a multicast message:Network is unreachable
[parameter_bridge-23] Exception sending a multicast message:Network is unreachable
[parameter_bridge-24] Exception sending a multicast message:Network is unreachable
[parameter_bridge-24] Exception sending a multicast message:Network is unreachable
[parameter_bridge-26] Exception sending a multicast message:Network is unreachable
[parameter_bridge-26] Exception sending a multicast message:Network is unreachable
[parameter_bridge-14] Exception sending a multicast message:Network is unreachable
[parameter_bridge-19] Exception sending a multicast message:Network is unreachable
[parameter_bridge-19] Exception sending a multicast message:Network is unreachable
[parameter_bridge-28] Exception sending a multicast message:Network is unreachable
[parameter_bridge-28] Exception sending a multicast message:Network is unreachable
[parameter_bridge-16] Exception sending a multicast message:Network is unreachable
[parameter_bridge-29] Exception sending a multicast message:Network is unreachable
[parameter_bridge-18] Exception sending a multicast message:Network is unreachable
[parameter_bridge-18] Exception sending a multicast message:Network is unreachable
[gazebo-1] Exception sending a multicast message:Network is unreachable
[gazebo-1] Exception sending a multicast message:Network is unreachable
[gazebo-1] Exception sending a multicast message:Network is unreachable
[gazebo-1] Exception sending a multicast message:Network is unreachable
[gazebo-1] Exception sending a multicast message:Network is unreachable
[gazebo-1] Exception sending a multicast message:Network is unreachable
[gazebo-1] Exception sending a multicast message:Network is unreachable
[gazebo-1] Exception sending a multicast message:Network is unreachable
[gazebo-1] Exception sending a multicast message:Network is unreachable
[gazebo-1] Exception sending a multicast message:Network is unreachable
[gazebo-1] Exception sending a multicast message:Network is unreachable
[gazebo-1] Exception sending a multicast message:Network is unreachable
[gazebo-1] Exception sending a multicast message:Network is unreachable
[gazebo-1] Exception sending a multicast message:Network is unreachable
[gazebo-1] Exception sending a multicast message:Network is unreachable
[gazebo-1] Exception sending a multicast message:Network is unreachable
[gazebo-1] Exception sending a multicast message:Network is unreachable
[gazebo-1] Exception sending a multicast message:Network is unreachable
[gazebo-1] Exception sending a multicast message:Network is unreachable
[gazebo-1] Exception sending a multicast message:Network is unreachable
[gazebo-1] Exception sending a multicast message:Network is unreachable
[gazebo-1] Exception sending a multicast message:Network is unreachable
[gazebo-1] Exception sending a multicast message:Network is unreachable
[gazebo-1] Exception sending a multicast message:Network is unreachable
[gazebo-1] Exception sending a multicast message:Network is unreachable
[gazebo-1] Exception sending a multicast message:Network is unreachable
[gazebo-1] Exception sending a multicast message:Network is unreachable
[gazebo-1] Exception sending a multicast message:Network is unreachable
[gazebo-1] Exception sending a multicast message:Network is unreachable
[gazebo-1] Exception sending a multicast message:Network is unreachable
[gazebo-1] Exception sending a multicast message:Network is unreachable
[gazebo-1] Exception sending a multicast message:Network is unreachable
[gazebo-1] Exception sending a multicast message:Network is unreachable
[gazebo-1] Exception sending a multicast message:Network is unreachable
[gazebo-1] Exception sending a multicast message:Network is unreachable
[gazebo-1] Exception sending a multicast message:Network is unreachable
[gazebo-1] Exception sending a multicast message:Network is unreachable
[gazebo-1] Exception sending a multicast message:Network is unreachable
[gazebo-1] Exception sending a multicast message:Network is unreachable
[gazebo-1] Exception sending a multicast message:Network is unreachable
[gazebo-1] Exception sending a multicast message:Network is unreachable
[gazebo-1] Exception sending a multicast message:Network is unreachable
[gazebo-1] Exception sending a multicast message:Network is unreachable
[gazebo-1] Exception sending a multicast message:Network is unreachable
[gazebo-1] Exception sending a multicast message:Network is unreachable
[gazebo-1] Exception sending a multicast message:Network is unreachable
[gazebo-1] Exception sending a multicast message:Network is unreachable
[gazebo-1] Exception sending a multicast message:Network is unreachable
[gazebo-1] Exception sending a multicast message:Network is unreachable
[gazebo-1] Exception sending a multicast message:Network is unreachable
[gazebo-1] Exception sending a multicast message:Network is unreachable
[gazebo-1] Exception sending a multicast message:Network is unreachable
[gazebo-1] Exception sending a multicast message:Network is unreachable
[gazebo-1] Exception sending a multicast message:Network is unreachable
[gazebo-1] Exception sending a multicast message:Network is unreachable
[gazebo-1] Exception sending a multicast message:Network is unreachable
[gazebo-1] Exception sending a multicast message:Network is unreachable
[gazebo-1] Exception sending a multicast message:Network is unreachable
[gazebo-1] Exception sending a multicast message:Network is unreachable
[gazebo-1] Exception sending a multicast message:Network is unreachable
[gazebo-1] Exception sending a multicast message:Network is unreachable
[gazebo-1] Exception sending a multicast message:Network is unreachable
[gazebo-1] Exception sending a multicast message:Network is unreachable
[gazebo-1] Exception sending a multicast message:Network is unreachable
[gazebo-1] Exception sending a multicast message:Network is unreachable
[gazebo-1] Exception sending a multicast message:Network is unreachable
[gazebo-1] Exception sending a multicast message:网络不可达
[gazebo-1] Exception sending a multicast message:网络不可达
[gazebo-1] Exception sending a multicast message:网络不可达
[gazebo-1] Exception sending a multicast message:网络不可达
[parameter_bridge-27] Exception sending a multicast message:Network is unreachable
[parameter_bridge-15] Exception sending a multicast message:Network is unreachable
[parameter_bridge-25] Exception sending a multicast message:Network is unreachable
[parameter_bridge-15] Exception sending a multicast message:Network is unreachable
[parameter_bridge-14] Exception sending a multicast message:Network is unreachable
[parameter_bridge-21] Exception sending a multicast message:Network is unreachable
[parameter_bridge-11] Exception sending a multicast message:Network is unreachable
[parameter_bridge-29] Exception sending a multicast message:Network is unreachable
[parameter_bridge-20] Exception sending a multicast message:Network is unreachable
[parameter_bridge-16] Exception sending a multicast message:Network is unreachable
[gazebo-1] Exception sending a multicast message:Network is unreachable
[gazebo-1] Exception sending a multicast message:Network is unreachable
[gazebo-1] Exception sending a multicast message:Network is unreachable
[gazebo-1] Exception sending a multicast message:Network is unreachable
[gazebo-1] Exception sending a multicast message:Network is unreachable
[gazebo-1] Exception sending a multicast message:Network is unreachable
[gazebo-1] Exception sending a multicast message:Network is unreachable
[gazebo-1] Exception sending a multicast message:Network is unreachable
[gazebo-1] Exception sending a multicast message:Network is unreachable
[gazebo-1] Exception sending a multicast message:Network is unreachable
[gazebo-1] Exception sending a multicast message:Network is unreachable
[gazebo-1] Exception sending a multicast message:Network is unreachable
[gazebo-1] Exception sending a multicast message:Network is unreachable
[gazebo-1] Exception sending a multicast message:Network is unreachable
[gazebo-1] Exception sending a multicast message:Network is unreachable
[gazebo-1] Exception sending a multicast message:Network is unreachable
[gazebo-1] Exception sending a multicast message:Network is unreachable
[gazebo-1] Exception sending a multicast message:Network is unreachable
[gazebo-1] Exception sending a multicast message:Network is unreachable
[gazebo-1] Exception sending a multicast message:Network is unreachable
[gazebo-1] Exception sending a multicast message:Network is unreachable
[gazebo-1] Exception sending a multicast message:Network is unreachable
[gazebo-1] Exception sending a multicast message:Network is unreachable
[gazebo-1] Exception sending a multicast message:Network is unreachable
[gazebo-1] Exception sending a multicast message:Network is unreachable
[gazebo-1] Exception sending a multicast message:Network is unreachable
[gazebo-1] Exception sending a multicast message:Network is unreachable
[gazebo-1] Exception sending a multicast message:Network is unreachable
[gazebo-1] Exception sending a multicast message:Network is unreachable
[gazebo-1] Exception sending a multicast message:Network is unreachable
[gazebo-1] Exception sending a multicast message:Network is unreachable
[gazebo-1] Exception sending a multicast message:Network is unreachable
[gazebo-1] Exception sending a multicast message:Network is unreachable
[gazebo-1] Exception sending a multicast message:Network is unreachable
[gazebo-1] Exception sending a multicast message:Network is unreachable
[gazebo-1] Exception sending a multicast message:Network is unreachable
[gazebo-1] Exception sending a multicast message:Network is unreachable
[gazebo-1] Exception sending a multicast message:Network is unreachable
[gazebo-1] Exception sending a multicast message:Network is unreachable
[gazebo-1] Exception sending a multicast message:Network is unreachable
[gazebo-1] Exception sending a multicast message:Network is unreachable
[gazebo-1] Exception sending a multicast message:Network is unreachable
[gazebo-1] Exception sending a multicast message:Network is unreachable
[gazebo-1] Exception sending a multicast message:Network is unreachable
[gazebo-1] Exception sending a multicast message:Network is unreachable
[gazebo-1] Exception sending a multicast message:Network is unreachable
[gazebo-1] Exception sending a multicast message:Network is unreachable
[gazebo-1] Exception sending a multicast message:Network is unreachable
[gazebo-1] Exception sending a multicast message:Network is unreachable
[gazebo-1] Exception sending a multicast message:Network is unreachable
[gazebo-1] Exception sending a multicast message:Network is unreachable
[parameter_bridge-27] Exception sending a multicast message:Network is unreachable
[parameter_bridge-27] Exception sending a multicast message:Network is unreachable
[parameter_bridge-27] Exception sending a multicast message:Network is unreachable
[parameter_bridge-27] Exception sending a multicast message:Network is unreachable
[parameter_bridge-27] Exception sending a multicast message:Network is unreachable
[parameter_bridge-27] Exception sending a multicast message:Network is unreachable
[parameter_bridge-27] Exception sending a multicast message:Network is unreachable
[parameter_bridge-27] Exception sending a multicast message:Network is unreachable
[parameter_bridge-25] Exception sending a multicast message:Network is unreachable
[parameter_bridge-25] Exception sending a multicast message:Network is unreachable
[parameter_bridge-25] Exception sending a multicast message:Network is unreachable
[gazebo-1] Exception sending a multicast message:网络不可达
[gazebo-1] Exception sending a multicast message:网络不可达
[gazebo-1] Exception sending a multicast message:网络不可达
[gazebo-1] Exception sending a multicast message:网络不可达
[parameter_bridge-2] Exception sending a multicast message:Network is unreachable
[parameter_bridge-2] Exception sending a multicast message:Network is unreachable
[parameter_bridge-10] Exception sending a multicast message:Network is unreachable
[parameter_bridge-10] Exception sending a multicast message:Network is unreachable
[parameter_bridge-9] Exception sending a multicast message:Network is unreachable
[parameter_bridge-9] Exception sending a multicast message:Network is unreachable
[parameter_bridge-9] Exception sending a multicast message:Network is unreachable
[parameter_bridge-12] Exception sending a multicast message:Network is unreachable
[parameter_bridge-12] Exception sending a multicast message:Network is unreachable
[parameter_bridge-11] Exception sending a multicast message:Network is unreachable
[parameter_bridge-13] Exception sending a multicast message:Network is unreachable
[parameter_bridge-17] Exception sending a multicast message:Network is unreachable
[parameter_bridge-17] Exception sending a multicast message:Network is unreachable
[parameter_bridge-13] Exception sending a multicast message:Network is unreachable
[parameter_bridge-22] Exception sending a multicast message:Network is unreachable
[parameter_bridge-21] Exception sending a multicast message:Network is unreachable
[parameter_bridge-23] Exception sending a multicast message:Network is unreachable
[parameter_bridge-23] Exception sending a multicast message:Network is unreachable
[parameter_bridge-24] Exception sending a multicast message:Network is unreachable
[parameter_bridge-20] Exception sending a multicast message:Network is unreachable
[parameter_bridge-26] Exception sending a multicast message:Network is unreachable
[parameter_bridge-14] Exception sending a multicast message:Network is unreachable
[parameter_bridge-19] Exception sending a multicast message:Network is unreachable
[parameter_bridge-28] Exception sending a multicast message:Network is unreachable
[parameter_bridge-28] Exception sending a multicast message:Network is unreachable
[parameter_bridge-16] Exception sending a multicast message:Network is unreachable
[parameter_bridge-29] Exception sending a multicast message:Network is unreachable
[parameter_bridge-18] Exception sending a multicast message:Network is unreachable
[gazebo-1] Exception sending a multicast message:Network is unreachable
[gazebo-1] Exception sending a multicast message:网络不可达
[gazebo-1] Exception sending a multicast message:网络不可达
[gazebo-1] Exception sending a multicast message:网络不可达
[gazebo-1] Exception sending a multicast message:网络不可达
[gazebo-1] Exception sending a multicast message:Network is unreachable
[gazebo-1] Exception sending a multicast message:Network is unreachable
[gazebo-1] Exception sending a multicast message:Network is unreachable
[gazebo-1] Exception sending a multicast message:Network is unreachable
[gazebo-1] Exception sending a multicast message:Network is unreachable
[gazebo-1] Exception sending a multicast message:Network is unreachable
[gazebo-1] Exception sending a multicast message:Network is unreachable
[gazebo-1] Exception sending a multicast message:Network is unreachable
[gazebo-1] Exception sending a multicast message:Network is unreachable
[gazebo-1] Exception sending a multicast message:Network is unreachable
[gazebo-1] Exception sending a multicast message:Network is unreachable
[gazebo-1] Exception sending a multicast message:Network is unreachable
[gazebo-1] Exception sending a multicast message:Network is unreachable
[gazebo-1] Exception sending a multicast message:Network is unreachable
[gazebo-1] Exception sending a multicast message:Network is unreachable
[gazebo-1] Exception sending a multicast message:Network is unreachable
[gazebo-1] Exception sending a multicast message:Network is unreachable
[gazebo-1] Exception sending a multicast message:Network is unreachable
[gazebo-1] Exception sending a multicast message:Network is unreachable
[gazebo-1] Exception sending a multicast message:Network is unreachable
[gazebo-1] Exception sending a multicast message:Network is unreachable
[gazebo-1] Exception sending a multicast message:Network is unreachable
[gazebo-1] Exception sending a multicast message:Network is unreachable
[gazebo-1] Exception sending a multicast message:Network is unreachable
[gazebo-1] Exception sending a multicast message:Network is unreachable
[gazebo-1] Exception sending a multicast message:Network is unreachable
[gazebo-1] Exception sending a multicast message:Network is unreachable
[gazebo-1] Exception sending a multicast message:Network is unreachable
[gazebo-1] Exception sending a multicast message:Network is unreachable
[gazebo-1] Exception sending a multicast message:Network is unreachable
[gazebo-1] Exception sending a multicast message:Network is unreachable
[gazebo-1] Exception sending a multicast message:Network is unreachable
[parameter_bridge-15] Exception sending a multicast message:Network is unreachable
[parameter_bridge-27] Exception sending a multicast message:Network is unreachable
[parameter_bridge-18] Exception sending a multicast message:Network is unreachable
[gazebo-1] Exception sending a multicast message:Network is unreachable
[gazebo-1] Exception sending a multicast message:Network is unreachable
[gazebo-1] Exception sending a multicast message:Network is unreachable
[gazebo-1] Exception sending a multicast message:Network is unreachable
[gazebo-1] Exception sending a multicast message:Network is unreachable
[gazebo-1] Exception sending a multicast message:Network is unreachable
[gazebo-1] Exception sending a multicast message:Network is unreachable
[gazebo-1] Exception sending a multicast message:Network is unreachable
[gazebo-1] Exception sending a multicast message:Network is unreachable
[gazebo-1] Exception sending a multicast message:Network is unreachable
[gazebo-1] Exception sending a multicast message:Network is unreachable
[gazebo-1] Exception sending a multicast message:Network is unreachable
[gazebo-1] Exception sending a multicast message:Network is unreachable
[gazebo-1] Exception sending a multicast message:Network is unreachable
[gazebo-1] Exception sending a multicast message:Network is unreachable
[gazebo-1] Exception sending a multicast message:Network is unreachable
[gazebo-1] Exception sending a multicast message:Network is unreachable
[gazebo-1] Exception sending a multicast message:Network is unreachable
[gazebo-1] Exception sending a multicast message:Network is unreachable
[gazebo-1] Exception sending a multicast message:Network is unreachable
[gazebo-1] Exception sending a multicast message:Network is unreachable
[gazebo-1] Exception sending a multicast message:Network is unreachable
[gazebo-1] Exception sending a multicast message:Network is unreachable
[gazebo-1] Exception sending a multicast message:Network is unreachable
[gazebo-1] Exception sending a multicast message:Network is unreachable
[gazebo-1] Exception sending a multicast message:Network is unreachable
[gazebo-1] Exception sending a multicast message:Network is unreachable
[gazebo-1] Exception sending a multicast message:Network is unreachable
[gazebo-1] Exception sending a multicast message:Network is unreachable
[gazebo-1] Exception sending a multicast message:Network is unreachable
[gazebo-1] Exception sending a multicast message:Network is unreachable
[gazebo-1] Exception sending a multicast message:Network is unreachable
[gazebo-1] Exception sending a multicast message:Network is unreachable
[parameter_bridge-22] Exception sending a multicast message:Network is unreachable
[parameter_bridge-19] Exception sending a multicast message:Network is unreachable
[parameter_bridge-26] Exception sending a multicast message:Network is unreachable
[parameter_bridge-25] Exception sending a multicast message:Network is unreachable
[parameter_bridge-24] Exception sending a multicast message:Network is unreachable
[parameter_bridge-15] Exception sending a multicast message:Network is unreachable
[parameter_bridge-14] Exception sending a multicast message:Network is unreachable
[parameter_bridge-21] Exception sending a multicast message:Network is unreachable
[parameter_bridge-11] Exception sending a multicast message:Network is unreachable
[parameter_bridge-29] Exception sending a multicast message:Network is unreachable
[parameter_bridge-20] Exception sending a multicast message:Network is unreachable
[parameter_bridge-16] Exception sending a multicast message:Network is unreachable
[parameter_bridge-27] Exception sending a multicast message:Network is unreachable
[parameter_bridge-27] Exception sending a multicast message:Network is unreachable
[parameter_bridge-27] Exception sending a multicast message:Network is unreachable
[parameter_bridge-27] Exception sending a multicast message:Network is unreachable
[parameter_bridge-27] Exception sending a multicast message:Network is unreachable
[parameter_bridge-27] Exception sending a multicast message:Network is unreachable
[parameter_bridge-27] Exception sending a multicast message:Network is unreachable
[parameter_bridge-27] Exception sending a multicast message:Network is unreachable
[parameter_bridge-25] Exception sending a multicast message:Network is unreachable
[parameter_bridge-25] Exception sending a multicast message:Network is unreachable
[parameter_bridge-25] Exception sending a multicast message:Network is unreachable
[gazebo-1] Exception sending a multicast message:Network is unreachable
[gazebo-1] Exception sending a multicast message:Network is unreachable
[gazebo-1] Exception sending a multicast message:Network is unreachable
[gazebo-1] Exception sending a multicast message:Network is unreachable
[gazebo-1] Exception sending a multicast message:Network is unreachable
[gazebo-1] Exception sending a multicast message:Network is unreachable
[gazebo-1] Exception sending a multicast message:Network is unreachable
[gazebo-1] Exception sending a multicast message:Network is unreachable
[gazebo-1] Exception sending a multicast message:Network is unreachable
[gazebo-1] Exception sending a multicast message:Network is unreachable
[gazebo-1] Exception sending a multicast message:Network is unreachable
[gazebo-1] Exception sending a multicast message:Network is unreachable
[gazebo-1] Exception sending a multicast message:Network is unreachable
[gazebo-1] Exception sending a multicast message:Network is unreachable
[gazebo-1] Exception sending a multicast message:Network is unreachable
[gazebo-1] Exception sending a multicast message:Network is unreachable
[gazebo-1] Exception sending a multicast message:Network is unreachable
[gazebo-1] Exception sending a multicast message:Network is unreachable
[gazebo-1] Exception sending a multicast message:Network is unreachable
[gazebo-1] Exception sending a multicast message:Network is unreachable
[gazebo-1] Exception sending a multicast message:Network is unreachable
[gazebo-1] Exception sending a multicast message:Network is unreachable
[gazebo-1] Exception sending a multicast message:Network is unreachable
[gazebo-1] Exception sending a multicast message:Network is unreachable
[gazebo-1] Exception sending a multicast message:Network is unreachable
[gazebo-1] Exception sending a multicast message:Network is unreachable
[gazebo-1] Exception sending a multicast message:Network is unreachable
[gazebo-1] Exception sending a multicast message:Network is unreachable
[gazebo-1] Exception sending a multicast message:Network is unreachable
[gazebo-1] Exception sending a multicast message:Network is unreachable
[gazebo-1] Exception sending a multicast message:Network is unreachable
[gazebo-1] Exception sending a multicast message:Network is unreachable
[gazebo-1] Exception sending a multicast message:Network is unreachable
[gazebo-1] Exception sending a multicast message:Network is unreachable
[gazebo-1] Exception sending a multicast message:Network is unreachable
[gazebo-1] Exception sending a multicast message:Network is unreachable
[gazebo-1] Exception sending a multicast message:Network is unreachable
[gazebo-1] Exception sending a multicast message:Network is unreachable
[gazebo-1] Exception sending a multicast message:Network is unreachable
[gazebo-1] Exception sending a multicast message:Network is unreachable
[gazebo-1] Exception sending a multicast message:Network is unreachable
[gazebo-1] Exception sending a multicast message:Network is unreachable
[gazebo-1] Exception sending a multicast message:Network is unreachable
[gazebo-1] Exception sending a multicast message:Network is unreachable
[gazebo-1] Exception sending a multicast message:Network is unreachable
[gazebo-1] Exception sending a multicast message:Network is unreachable
[gazebo-1] Exception sending a multicast message:Network is unreachable
[gazebo-1] Exception sending a multicast message:Network is unreachable
[gazebo-1] Exception sending a multicast message:Network is unreachable
[gazebo-1] Exception sending a multicast message:Network is unreachable
[gazebo-1] Exception sending a multicast message:Network is unreachable
[gazebo-1] Exception sending a multicast message:网络不可达
[gazebo-1] Exception sending a multicast message:网络不可达
[gazebo-1] Exception sending a multicast message:网络不可达
[gazebo-1] Exception sending a multicast message:网络不可达
[parameter_bridge-2] Exception sending a multicast message:Exception sending a multicast message:Network is unreachable
[parameter_bridge-2] Network is unreachable
[parameter_bridge-10] Exception sending a multicast message:Network is unreachable
[parameter_bridge-9] Exception sending a multicast message:Network is unreachableException sending a multicast message:
[parameter_bridge-9] Network is unreachable
[parameter_bridge-9] Exception sending a multicast message:Network is unreachable
[parameter_bridge-12] Exception sending a multicast message:Network is unreachable
[parameter_bridge-12] Exception sending a multicast message:Network is unreachable
[parameter_bridge-11] Exception sending a multicast message:Network is unreachable
[parameter_bridge-13] Exception sending a multicast message:Network is unreachable
[parameter_bridge-13] Exception sending a multicast message:Network is unreachable
[parameter_bridge-10] Exception sending a multicast message:Network is unreachable
[parameter_bridge-17] Exception sending a multicast message:Network is unreachable
[parameter_bridge-17] Exception sending a multicast message:Network is unreachable
[parameter_bridge-22] Exception sending a multicast message:Network is unreachable
[parameter_bridge-21] Exception sending a multicast message:Network is unreachable
[parameter_bridge-23] Exception sending a multicast message:Network is unreachable
[parameter_bridge-23] Exception sending a multicast message:Network is unreachable
[parameter_bridge-20] Exception sending a multicast message:Network is unreachable
[parameter_bridge-24] Exception sending a multicast message:Network is unreachable
[parameter_bridge-26] Exception sending a multicast message:Network is unreachable
[parameter_bridge-14] Exception sending a multicast message:Network is unreachable
[parameter_bridge-19] Exception sending a multicast message:Network is unreachable
[parameter_bridge-28] Exception sending a multicast message:Network is unreachable
[parameter_bridge-28] Exception sending a multicast message:Network is unreachable
[parameter_bridge-16] Exception sending a multicast message:Network is unreachable
[parameter_bridge-29] Exception sending a multicast message:Network is unreachable
[parameter_bridge-18] Exception sending a multicast message:Network is unreachable
[gazebo-1] Exception sending a multicast message:网络不可达
[gazebo-1] Exception sending a multicast message:网络不可达
[gazebo-1] Exception sending a multicast message:网络不可达
[gazebo-1] Exception sending a multicast message:网络不可达
[parameter_bridge-15] Exception sending a multicast message:Network is unreachable
[parameter_bridge-27] Exception sending a multicast message:Network is unreachable
[parameter_bridge-18] Exception sending a multicast message:Network is unreachable
[gazebo-1] Exception sending a multicast message:Network is unreachable
[parameter_bridge-22] Exception sending a multicast message:Network is unreachable
[gazebo-1] Exception sending a multicast message:Network is unreachable
[gazebo-1] Exception sending a multicast message:Network is unreachable
[gazebo-1] Exception sending a multicast message:Network is unreachable
[gazebo-1] Exception sending a multicast message:Network is unreachable
[gazebo-1] Exception sending a multicast message:Network is unreachable
[gazebo-1] Exception sending a multicast message:Network is unreachable
[gazebo-1] Exception sending a multicast message:Network is unreachable
[gazebo-1] Exception sending a multicast message:Network is unreachable
[gazebo-1] Exception sending a multicast message:Network is unreachable
[gazebo-1] Exception sending a multicast message:Network is unreachable
[gazebo-1] Exception sending a multicast message:Network is unreachable
[gazebo-1] Exception sending a multicast message:Network is unreachable
[gazebo-1] Exception sending a multicast message:Network is unreachable
[gazebo-1] Exception sending a multicast message:Network is unreachable
[gazebo-1] Exception sending a multicast message:Network is unreachable
[gazebo-1] Exception sending a multicast message:Network is unreachable
[gazebo-1] Exception sending a multicast message:Network is unreachable
[gazebo-1] Exception sending a multicast message:Network is unreachable
[gazebo-1] Exception sending a multicast message:Network is unreachable
[gazebo-1] Exception sending a multicast message:Network is unreachable
[gazebo-1] Exception sending a multicast message:Network is unreachable
[gazebo-1] Exception sending a multicast message:Network is unreachable
[gazebo-1] Exception sending a multicast message:Network is unreachable
[gazebo-1] Exception sending a multicast message:Network is unreachable
[gazebo-1] Exception sending a multicast message:Network is unreachable
[gazebo-1] Exception sending a multicast message:Network is unreachable
[gazebo-1] Exception sending a multicast message:Network is unreachable
[gazebo-1] Exception sending a multicast message:Network is unreachable
[gazebo-1] Exception sending a multicast message:Network is unreachable
[gazebo-1] Exception sending a multicast message:Network is unreachable
[gazebo-1] Exception sending a multicast message:Network is unreachable
[gazebo-1] Exception sending a multicast message:Network is unreachable
[gazebo-1] Exception sending a multicast message:Network is unreachable
[gazebo-1] Exception sending a multicast message:Network is unreachable
[gazebo-1] Exception sending a multicast message:Network is unreachable
[gazebo-1] Exception sending a multicast message:Network is unreachable
[gazebo-1] Exception sending a multicast message:Network is unreachable
[gazebo-1] Exception sending a multicast message:Network is unreachable
[gazebo-1] Exception sending a multicast message:Network is unreachable
[gazebo-1] Exception sending a multicast message:Network is unreachable
[gazebo-1] Exception sending a multicast message:Network is unreachable
[gazebo-1] Exception sending a multicast message:Network is unreachable
[gazebo-1] Exception sending a multicast message:Network is unreachable
[gazebo-1] Exception sending a multicast message:Network is unreachable
[gazebo-1] Exception sending a multicast message:Network is unreachable
[gazebo-1] Exception sending a multicast message:Network is unreachable
[gazebo-1] Exception sending a multicast message:Network is unreachable
[gazebo-1] Exception sending a multicast message:Network is unreachable
[gazebo-1] Exception sending a multicast message:Network is unreachable
[gazebo-1] Exception sending a multicast message:Network is unreachable
[gazebo-1] Exception sending a multicast message:Network is unreachable
[gazebo-1] Exception sending a multicast message:Network is unreachable
[gazebo-1] Exception sending a multicast message:Network is unreachable
[gazebo-1] Exception sending a multicast message:Network is unreachable
[gazebo-1] Exception sending a multicast message:Network is unreachable
[gazebo-1] Exception sending a multicast message:Network is unreachable
[gazebo-1] Exception sending a multicast message:Network is unreachable
[gazebo-1] Exception sending a multicast message:Network is unreachable
[gazebo-1] Exception sending a multicast message:Network is unreachable
[gazebo-1] Exception sending a multicast message:Network is unreachable
[gazebo-1] Exception sending a multicast message:Network is unreachable
[gazebo-1] Exception sending a multicast message:Network is unreachable
[gazebo-1] Exception sending a multicast message:Network is unreachable
[gazebo-1] Exception sending a multicast message:Network is unreachable
[gazebo-1] Exception sending a multicast message:Network is unreachable
[parameter_bridge-19] Exception sending a multicast message:Network is unreachable
[parameter_bridge-26] Exception sending a multicast message:Network is unreachable
[parameter_bridge-25] Exception sending a multicast message:Network is unreachable
[parameter_bridge-24] Exception sending a multicast message:Network is unreachable
[parameter_bridge-15] Exception sending a multicast message:Network is unreachable
[parameter_bridge-14] Exception sending a multicast message:Network is unreachable
[parameter_bridge-21] Exception sending a multicast message:Network is unreachable
[parameter_bridge-11] Exception sending a multicast message:Network is unreachable
[parameter_bridge-29] Exception sending a multicast message:Network is unreachable
[parameter_bridge-20] Exception sending a multicast message:Network is unreachable
[parameter_bridge-16] Exception sending a multicast message:Network is unreachable
[parameter_bridge-27] Exception sending a multicast message:Network is unreachable
[parameter_bridge-27] Exception sending a multicast message:Network is unreachable
[parameter_bridge-27] Exception sending a multicast message:Network is unreachable
[parameter_bridge-27] Exception sending a multicast message:Network is unreachable
[parameter_bridge-27] Exception sending a multicast message:Network is unreachable
[parameter_bridge-27] Exception sending a multicast message:Network is unreachable
[parameter_bridge-27] Exception sending a multicast message:Network is unreachable
[parameter_bridge-27] Exception sending a multicast message:Network is unreachable
[parameter_bridge-25] Exception sending a multicast message:Network is unreachable
[parameter_bridge-25] Exception sending a multicast message:Network is unreachable
[parameter_bridge-25] Exception sending a multicast message:Network is unreachable
[gazebo-1] Exception sending a multicast message:Network is unreachable
[gazebo-1] Exception sending a multicast message:Network is unreachable
[gazebo-1] Exception sending a multicast message:Network is unreachable
[gazebo-1] Exception sending a multicast message:Network is unreachable
[gazebo-1] Exception sending a multicast message:Network is unreachable
[gazebo-1] Exception sending a multicast message:Network is unreachable
[gazebo-1] Exception sending a multicast message:Network is unreachable
[gazebo-1] Exception sending a multicast message:Network is unreachable
[gazebo-1] Exception sending a multicast message:Network is unreachable
[gazebo-1] Exception sending a multicast message:Network is unreachable
[gazebo-1] Exception sending a multicast message:Network is unreachable
[gazebo-1] Exception sending a multicast message:Network is unreachable
[gazebo-1] Exception sending a multicast message:Network is unreachable
[gazebo-1] Exception sending a multicast message:Network is unreachable
[gazebo-1] Exception sending a multicast message:Network is unreachable
[gazebo-1] Exception sending a multicast message:Network is unreachable
[gazebo-1] Exception sending a multicast message:Network is unreachable
[gazebo-1] Exception sending a multicast message:Network is unreachable
[gazebo-1] Exception sending a multicast message:Network is unreachable
[gazebo-1] Exception sending a multicast message:Network is unreachable
[gazebo-1] Exception sending a multicast message:Network is unreachable
[gazebo-1] Exception sending a multicast message:Network is unreachable
[gazebo-1] Exception sending a multicast message:Network is unreachable
[gazebo-1] Exception sending a multicast message:Network is unreachable
[gazebo-1] Exception sending a multicast message:Network is unreachable
[gazebo-1] Exception sending a multicast message:Network is unreachable
[gazebo-1] Exception sending a multicast message:Network is unreachable
[gazebo-1] Exception sending a multicast message:Network is unreachable
[gazebo-1] Exception sending a multicast message:Network is unreachable
[gazebo-1] Exception sending a multicast message:Network is unreachable
[gazebo-1] Exception sending a multicast message:Network is unreachable
[gazebo-1] Exception sending a multicast message:Network is unreachable
[gazebo-1] Exception sending a multicast message:Network is unreachable
[gazebo-1] Exception sending a multicast message:Network is unreachable
[gazebo-1] Exception sending a multicast message:Network is unreachable
[gazebo-1] Exception sending a multicast message:Network is unreachable
[gazebo-1] Exception sending a multicast message:Network is unreachable
[gazebo-1] Exception sending a multicast message:Network is unreachable
[gazebo-1] Exception sending a multicast message:Network is unreachable
[gazebo-1] Exception sending a multicast message:Network is unreachable
[gazebo-1] Exception sending a multicast message:Network is unreachable
[gazebo-1] Exception sending a multicast message:Network is unreachable
[gazebo-1] Exception sending a multicast message:Network is unreachable
[gazebo-1] Exception sending a multicast message:Network is unreachable
[gazebo-1] Exception sending a multicast message:Network is unreachable
[gazebo-1] Exception sending a multicast message:Network is unreachable
[gazebo-1] Exception sending a multicast message:Network is unreachable
[gazebo-1] Exception sending a multicast message:Network is unreachable
[gazebo-1] Exception sending a multicast message:Network is unreachable
[gazebo-1] Exception sending a multicast message:Network is unreachable
[gazebo-1] Exception sending a multicast message:Network is unreachable
[gazebo-1] Exception sending a multicast message:网络不可达
[gazebo-1] Exception sending a multicast message:网络不可达
[gazebo-1] Exception sending a multicast message:网络不可达
[gazebo-1] Exception sending a multicast message:网络不可达
[parameter_bridge-2] Exception sending a multicast message:Exception sending a multicast message:Network is unreachable
[parameter_bridge-2] Network is unreachable
[parameter_bridge-10] Exception sending a multicast message:Network is unreachable
[parameter_bridge-10] Exception sending a multicast message:Network is unreachable
[parameter_bridge-9] Exception sending a multicast message:Exception sending a multicast message:Network is unreachable
[parameter_bridge-9] Network is unreachable
[parameter_bridge-9] Exception sending a multicast message:Network is unreachable
[parameter_bridge-12] Exception sending a multicast message:Network is unreachable
[parameter_bridge-12] Exception sending a multicast message:Network is unreachable
[parameter_bridge-11] Exception sending a multicast message:Network is unreachable
[parameter_bridge-13] Exception sending a multicast message:Network is unreachable
[parameter_bridge-13] Exception sending a multicast message:Network is unreachable
[parameter_bridge-17] Exception sending a multicast message:Network is unreachable
[parameter_bridge-17] Exception sending a multicast message:Network is unreachable
[parameter_bridge-22] Exception sending a multicast message:Network is unreachable
[parameter_bridge-21] Exception sending a multicast message:Network is unreachable
[parameter_bridge-23] Exception sending a multicast message:Network is unreachable
[parameter_bridge-23] Exception sending a multicast message:Network is unreachable
[parameter_bridge-20] Exception sending a multicast message:Network is unreachable
[parameter_bridge-24] Exception sending a multicast message:Network is unreachable
[parameter_bridge-14] Exception sending a multicast message:Network is unreachable
[parameter_bridge-19] Exception sending a multicast message:Network is unreachable
[parameter_bridge-28] Exception sending a multicast message:Network is unreachable
[parameter_bridge-16] Exception sending a multicast message:Network is unreachable
[parameter_bridge-29] Exception sending a multicast message:Network is unreachable
[parameter_bridge-18] Exception sending a multicast message:Network is unreachable
[parameter_bridge-28] Exception sending a multicast message:Network is unreachable
[parameter_bridge-15] Exception sending a multicast message:Network is unreachable
[gazebo-1] Exception sending a multicast message:网络不可达
[gazebo-1] Exception sending a multicast message:网络不可达
[gazebo-1] Exception sending a multicast message:网络不可达
[gazebo-1] Exception sending a multicast message:网络不可达
[parameter_bridge-27] Exception sending a multicast message:Network is unreachable
[parameter_bridge-18] Exception sending a multicast message:Network is unreachable
[parameter_bridge-22] Exception sending a multicast message:Network is unreachable
[gazebo-1] Exception sending a multicast message:Network is unreachable
[parameter_bridge-19] Exception sending a multicast message:Network is unreachable
[gazebo-1] Exception sending a multicast message:Network is unreachable
[gazebo-1] Exception sending a multicast message:Network is unreachable
[gazebo-1] Exception sending a multicast message:Network is unreachable
[gazebo-1] Exception sending a multicast message:Network is unreachable
[gazebo-1] Exception sending a multicast message:Network is unreachable
[gazebo-1] Exception sending a multicast message:Network is unreachable
[gazebo-1] Exception sending a multicast message:Network is unreachable
[gazebo-1] Exception sending a multicast message:Network is unreachable
[gazebo-1] Exception sending a multicast message:Network is unreachable
[gazebo-1] Exception sending a multicast message:Network is unreachable
[gazebo-1] Exception sending a multicast message:Network is unreachable
[gazebo-1] Exception sending a multicast message:Network is unreachable
[gazebo-1] Exception sending a multicast message:Network is unreachable
[gazebo-1] Exception sending a multicast message:Network is unreachable
[gazebo-1] Exception sending a multicast message:Network is unreachable
[gazebo-1] Exception sending a multicast message:Network is unreachable
[gazebo-1] Exception sending a multicast message:Network is unreachable
[gazebo-1] Exception sending a multicast message:Network is unreachable
[gazebo-1] Exception sending a multicast message:Network is unreachable
[gazebo-1] Exception sending a multicast message:Network is unreachable
[gazebo-1] Exception sending a multicast message:Network is unreachable
[gazebo-1] Exception sending a multicast message:Network is unreachable
[gazebo-1] Exception sending a multicast message:Network is unreachable
[gazebo-1] Exception sending a multicast message:Network is unreachable
[gazebo-1] Exception sending a multicast message:Network is unreachable
[gazebo-1] Exception sending a multicast message:Network is unreachable
[gazebo-1] Exception sending a multicast message:Network is unreachable
[gazebo-1] Exception sending a multicast message:Network is unreachable
[gazebo-1] Exception sending a multicast message:Network is unreachable
[gazebo-1] Exception sending a multicast message:Network is unreachable
[gazebo-1] Exception sending a multicast message:Network is unreachable
[gazebo-1] Exception sending a multicast message:Network is unreachable
[gazebo-1] Exception sending a multicast message:Network is unreachable
[gazebo-1] Exception sending a multicast message:Network is unreachable
[gazebo-1] Exception sending a multicast message:Network is unreachable
[gazebo-1] Exception sending a multicast message:Network is unreachable
[gazebo-1] Exception sending a multicast message:Network is unreachable
[gazebo-1] Exception sending a multicast message:Network is unreachable
[gazebo-1] Exception sending a multicast message:Network is unreachable
[gazebo-1] Exception sending a multicast message:Network is unreachable
[gazebo-1] Exception sending a multicast message:Network is unreachable
[gazebo-1] Exception sending a multicast message:Network is unreachable
[gazebo-1] Exception sending a multicast message:Network is unreachable
[gazebo-1] Exception sending a multicast message:Network is unreachable
[gazebo-1] Exception sending a multicast message:Network is unreachable
[gazebo-1] Exception sending a multicast message:Network is unreachable
[gazebo-1] Exception sending a multicast message:Network is unreachable
[gazebo-1] Exception sending a multicast message:Network is unreachable
[gazebo-1] Exception sending a multicast message:Network is unreachable
[gazebo-1] Exception sending a multicast message:Network is unreachable
[gazebo-1] Exception sending a multicast message:Network is unreachable
[gazebo-1] Exception sending a multicast message:Network is unreachable
[gazebo-1] Exception sending a multicast message:Network is unreachable
[gazebo-1] Exception sending a multicast message:Network is unreachable
[gazebo-1] Exception sending a multicast message:Network is unreachable
[gazebo-1] Exception sending a multicast message:Network is unreachable
[gazebo-1] Exception sending a multicast message:Network is unreachable
[gazebo-1] Exception sending a multicast message:Network is unreachable
[gazebo-1] Exception sending a multicast message:Network is unreachable
[gazebo-1] Exception sending a multicast message:Network is unreachable
[gazebo-1] Exception sending a multicast message:Network is unreachable
[gazebo-1] Exception sending a multicast message:Network is unreachable
[gazebo-1] Exception sending a multicast message:Network is unreachable
[gazebo-1] Exception sending a multicast message:Network is unreachable
[gazebo-1] Exception sending a multicast message:Network is unreachable
[gazebo-1] Exception sending a multicast message:Network is unreachable
[gazebo-1] Exception sending a multicast message:Network is unreachable
[gazebo-1] Exception sending a multicast message:Network is unreachable
[gazebo-1] Exception sending a multicast message:Network is unreachable
[gazebo-1] Exception sending a multicast message:Network is unreachable
[gazebo-1] Exception sending a multicast message:Network is unreachable
[gazebo-1] Exception sending a multicast message:Network is unreachable
[gazebo-1] Exception sending a multicast message:Network is unreachable
[gazebo-1] Exception sending a multicast message:Network is unreachable
[gazebo-1] Exception sending a multicast message:网络不可达Exception sending a multicast message:
[gazebo-1] Network is unreachable
[gazebo-1] Exception sending a multicast message:Network is unreachable
[gazebo-1] Exception sending a multicast message:Network is unreachable
[gazebo-1] Exception sending a multicast message:Exception sending a multicast message:Network is unreachable网络不可达
[gazebo-1] 
[gazebo-1] Exception sending a multicast message:Exception sending a multicast message:网络不可达Network is unreachable
[gazebo-1] 
[gazebo-1] Exception sending a multicast message:网络不可达
[gazebo-1] Exception sending a multicast message:Network is unreachable
[gazebo-1] Exception sending a multicast message:Network is unreachable
[gazebo-1] Exception sending a multicast message:Network is unreachable
[gazebo-1] Exception sending a multicast message:Network is unreachable
[gazebo-1] Exception sending a multicast message:Network is unreachable
[gazebo-1] Exception sending a multicast message:Network is unreachable
[gazebo-1] Exception sending a multicast message:Network is unreachable
[gazebo-1] Exception sending a multicast message:Network is unreachable
[gazebo-1] Exception sending a multicast message:Network is unreachable
[gazebo-1] Exception sending a multicast message:Network is unreachable
[gazebo-1] Exception sending a multicast message:Network is unreachable
[gazebo-1] Exception sending a multicast message:Network is unreachable
[gazebo-1] Exception sending a multicast message:Network is unreachable
[gazebo-1] Exception sending a multicast message:Network is unreachable
[gazebo-1] Exception sending a multicast message:Network is unreachable
[gazebo-1] Exception sending a multicast message:Network is unreachable
[gazebo-1] Exception sending a multicast message:Network is unreachable
[gazebo-1] Exception sending a multicast message:Network is unreachable
[gazebo-1] Exception sending a multicast message:Network is unreachable
[gazebo-1] Exception sending a multicast message:Network is unreachable
[gazebo-1] Exception sending a multicast message:Network is unreachable
[gazebo-1] Exception sending a multicast message:Network is unreachable
[gazebo-1] Exception sending a multicast message:Network is unreachable
[gazebo-1] Exception sending a multicast message:Network is unreachable
[gazebo-1] Exception sending a multicast message:Network is unreachable
[gazebo-1] Exception sending a multicast message:Network is unreachable
[gazebo-1] Exception sending a multicast message:Network is unreachable
[gazebo-1] Exception sending a multicast message:Network is unreachable
[gazebo-1] Exception sending a multicast message:Network is unreachable
[gazebo-1] Exception sending a multicast message:Network is unreachable
[gazebo-1] Exception sending a multicast message:Network is unreachable
[gazebo-1] Exception sending a multicast message:Network is unreachable
[gazebo-1] Exception sending a multicast message:Network is unreachable
[gazebo-1] Exception sending a multicast message:Network is unreachable
[gazebo-1] Exception sending a multicast message:Network is unreachable
[gazebo-1] Exception sending a multicast message:Network is unreachable
[gazebo-1] Exception sending a multicast message:Network is unreachable
[parameter_bridge-26] Exception sending a multicast message:Network is unreachable
[parameter_bridge-26] Exception sending a multicast message:Network is unreachable
[parameter_bridge-25] Exception sending a multicast message:Network is unreachable
[parameter_bridge-25] Exception sending a multicast message:Network is unreachable
[parameter_bridge-25] Exception sending a multicast message:Network is unreachable
[parameter_bridge-25] Exception sending a multicast message:Network is unreachable
[parameter_bridge-15] Exception sending a multicast message:Network is unreachable
[parameter_bridge-14] Exception sending a multicast message:Network is unreachable
[parameter_bridge-20] Exception sending a multicast message:Network is unreachable
[parameter_bridge-21] Exception sending a multicast message:Network is unreachable
[parameter_bridge-27] Exception sending a multicast message:Network is unreachable
[parameter_bridge-27] Exception sending a multicast message:Network is unreachable
[parameter_bridge-27] Exception sending a multicast message:Network is unreachable
[parameter_bridge-27] Exception sending a multicast message:Network is unreachable
[parameter_bridge-27] Exception sending a multicast message:Network is unreachable
[parameter_bridge-27] Exception sending a multicast message:Network is unreachable
[parameter_bridge-27] Exception sending a multicast message:Network is unreachable
[parameter_bridge-27] Exception sending a multicast message:Network is unreachable
[parameter_bridge-29] Exception sending a multicast message:Network is unreachable
[parameter_bridge-16] Exception sending a multicast message:Network is unreachable
[parameter_bridge-24] Exception sending a multicast message:Network is unreachable
[parameter_bridge-11] Exception sending a multicast message:Network is unreachable
[parameter_bridge-2] Exception sending a multicast message:Network is unreachable
[parameter_bridge-2] Exception sending a multicast message:Network is unreachable
[parameter_bridge-10] Exception sending a multicast message:Network is unreachable
[parameter_bridge-9] Exception sending a multicast message:Network is unreachable
[parameter_bridge-9] Exception sending a multicast message:Network is unreachable
[parameter_bridge-9] Exception sending a multicast message:Network is unreachable
[parameter_bridge-12] Exception sending a multicast message:Network is unreachable
[parameter_bridge-12] Exception sending a multicast message:Network is unreachable
[parameter_bridge-11] Exception sending a multicast message:Network is unreachable
[parameter_bridge-13] Exception sending a multicast message:Network is unreachable
[parameter_bridge-13] Exception sending a multicast message:Network is unreachable
[parameter_bridge-17] Exception sending a multicast message:Network is unreachable
[parameter_bridge-17] Exception sending a multicast message:Network is unreachable
[parameter_bridge-10] Exception sending a multicast message:Network is unreachable
[parameter_bridge-22] Exception sending a multicast message:Network is unreachable
[parameter_bridge-21] Exception sending a multicast message:Network is unreachable
[parameter_bridge-23] Exception sending a multicast message:Network is unreachable
[parameter_bridge-23] Exception sending a multicast message:Network is unreachable
[parameter_bridge-24] Exception sending a multicast message:Network is unreachable
[parameter_bridge-20] Exception sending a multicast message:Network is unreachable
[parameter_bridge-14] Exception sending a multicast message:Network is unreachable
[parameter_bridge-19] Exception sending a multicast message:Network is unreachable
[parameter_bridge-28] Exception sending a multicast message:Network is unreachable
[parameter_bridge-16] Exception sending a multicast message:Network is unreachable
[parameter_bridge-29] Exception sending a multicast message:Network is unreachable
[parameter_bridge-18] Exception sending a multicast message:Network is unreachable
[parameter_bridge-28] Exception sending a multicast message:Network is unreachable
[parameter_bridge-15] Exception sending a multicast message:Network is unreachable
[parameter_bridge-27] Exception sending a multicast message:Network is unreachable
[gazebo-1] Exception sending a multicast message:网络不可达
[gazebo-1] Exception sending a multicast message:网络不可达
[gazebo-1] Exception sending a multicast message:网络不可达
[gazebo-1] Exception sending a multicast message:网络不可达
[parameter_bridge-18] Exception sending a multicast message:Network is unreachable
[parameter_bridge-22] Exception sending a multicast message:Network is unreachable
[parameter_bridge-19] Exception sending a multicast message:Network is unreachable
[parameter_bridge-26] Exception sending a multicast message:Network is unreachable
[parameter_bridge-26] Exception sending a multicast message:Network is unreachable
[parameter_bridge-25] Exception sending a multicast message:Network is unreachable
[gazebo-1] Exception sending a multicast message:Network is unreachable
[gazebo-1] Exception sending a multicast message:Network is unreachable
[gazebo-1] Exception sending a multicast message:Network is unreachable
[gazebo-1] Exception sending a multicast message:Network is unreachable
[gazebo-1] Exception sending a multicast message:Network is unreachable
[gazebo-1] Exception sending a multicast message:Network is unreachable
[gazebo-1] Exception sending a multicast message:Network is unreachable
[gazebo-1] Exception sending a multicast message:Network is unreachable
[gazebo-1] Exception sending a multicast message:Network is unreachable
[gazebo-1] Exception sending a multicast message:Network is unreachable
[gazebo-1] Exception sending a multicast message:Network is unreachable
[gazebo-1] Exception sending a multicast message:Network is unreachable
[gazebo-1] Exception sending a multicast message:Network is unreachable
[gazebo-1] Exception sending a multicast message:Network is unreachable
[gazebo-1] Exception sending a multicast message:Network is unreachable
[gazebo-1] Exception sending a multicast message:Network is unreachable
[gazebo-1] Exception sending a multicast message:Network is unreachable
[gazebo-1] Exception sending a multicast message:Network is unreachable
[gazebo-1] Exception sending a multicast message:Network is unreachable
[gazebo-1] Exception sending a multicast message:Network is unreachable
[gazebo-1] Exception sending a multicast message:Network is unreachable
[gazebo-1] Exception sending a multicast message:Network is unreachable
[gazebo-1] Exception sending a multicast message:Network is unreachable
[gazebo-1] Exception sending a multicast message:Network is unreachable
[gazebo-1] Exception sending a multicast message:Network is unreachable
[gazebo-1] Exception sending a multicast message:Network is unreachable
[gazebo-1] Exception sending a multicast message:Network is unreachable
[gazebo-1] Exception sending a multicast message:Network is unreachable
[gazebo-1] Exception sending a multicast message:Network is unreachable
[gazebo-1] Exception sending a multicast message:Network is unreachable
[gazebo-1] Exception sending a multicast message:Network is unreachable
[gazebo-1] Exception sending a multicast message:Network is unreachable
[gazebo-1] Exception sending a multicast message:Network is unreachable
[gazebo-1] Exception sending a multicast message:Network is unreachable
[gazebo-1] Exception sending a multicast message:Network is unreachable
[gazebo-1] Exception sending a multicast message:Network is unreachable
[gazebo-1] Exception sending a multicast message:Network is unreachable
[gazebo-1] Exception sending a multicast message:Network is unreachable
[gazebo-1] Exception sending a multicast message:Network is unreachable
[gazebo-1] Exception sending a multicast message:Network is unreachable
[gazebo-1] Exception sending a multicast message:Network is unreachable
[gazebo-1] Exception sending a multicast message:Network is unreachable
[gazebo-1] Exception sending a multicast message:Network is unreachable
[gazebo-1] Exception sending a multicast message:Network is unreachable
[gazebo-1] Exception sending a multicast message:Network is unreachable
[gazebo-1] Exception sending a multicast message:Network is unreachable
[gazebo-1] Exception sending a multicast message:Network is unreachable
[gazebo-1] Exception sending a multicast message:Network is unreachable
[gazebo-1] Exception sending a multicast message:Network is unreachable
[gazebo-1] Exception sending a multicast message:Network is unreachable
[gazebo-1] Exception sending a multicast message:Network is unreachable
[gazebo-1] Exception sending a multicast message:Network is unreachable
[gazebo-1] Exception sending a multicast message:Network is unreachable
[gazebo-1] Exception sending a multicast message:Network is unreachable
[gazebo-1] Exception sending a multicast message:Network is unreachable
[gazebo-1] Exception sending a multicast message:Network is unreachable
[gazebo-1] Exception sending a multicast message:Network is unreachable
[gazebo-1] Exception sending a multicast message:Network is unreachable
[gazebo-1] Exception sending a multicast message:Network is unreachable
[gazebo-1] Exception sending a multicast message:Network is unreachable
[gazebo-1] Exception sending a multicast message:Network is unreachable
[gazebo-1] Exception sending a multicast message:Network is unreachable
[gazebo-1] Exception sending a multicast message:Network is unreachable
[gazebo-1] Exception sending a multicast message:Network is unreachable
[gazebo-1] Exception sending a multicast message:Network is unreachable
[gazebo-1] Exception sending a multicast message:Network is unreachable
[parameter_bridge-15] Exception sending a multicast message:Network is unreachable
[parameter_bridge-14] Exception sending a multicast message:Network is unreachable
[parameter_bridge-20] Exception sending a multicast message:Network is unreachable
[parameter_bridge-21] Exception sending a multicast message:Network is unreachable
[parameter_bridge-25] Exception sending a multicast message:Network is unreachable
[parameter_bridge-25] Exception sending a multicast message:Network is unreachable
[parameter_bridge-25] Exception sending a multicast message:Network is unreachable
[parameter_bridge-27] Exception sending a multicast message:Network is unreachable
[parameter_bridge-27] Exception sending a multicast message:Network is unreachable
[parameter_bridge-27] Exception sending a multicast message:Network is unreachable
[parameter_bridge-27] Exception sending a multicast message:Network is unreachable
[parameter_bridge-27] Exception sending a multicast message:Network is unreachable
[parameter_bridge-27] Exception sending a multicast message:Network is unreachable
[parameter_bridge-27] Exception sending a multicast message:Network is unreachable
[parameter_bridge-27] Exception sending a multicast message:Network is unreachable
[parameter_bridge-29] Exception sending a multicast message:Network is unreachable
[gazebo-1] Exception sending a multicast message:网络不可达
[gazebo-1] Exception sending a multicast message:网络不可达
[gazebo-1] Exception sending a multicast message:网络不可达
[gazebo-1] Exception sending a multicast message:网络不可达
[gazebo-1] Exception sending a multicast message:Network is unreachable
[gazebo-1] Exception sending a multicast message:Network is unreachable
[gazebo-1] Exception sending a multicast message:Network is unreachable
[gazebo-1] Exception sending a multicast message:Network is unreachable
[gazebo-1] Exception sending a multicast message:Network is unreachable
[gazebo-1] Exception sending a multicast message:Network is unreachable
[gazebo-1] Exception sending a multicast message:Network is unreachable
[gazebo-1] Exception sending a multicast message:Network is unreachable
[gazebo-1] Exception sending a multicast message:Network is unreachable
[gazebo-1] Exception sending a multicast message:Network is unreachable
[gazebo-1] Exception sending a multicast message:Network is unreachable
[gazebo-1] Exception sending a multicast message:Network is unreachable
[gazebo-1] Exception sending a multicast message:Network is unreachable
[gazebo-1] Exception sending a multicast message:Network is unreachable
[gazebo-1] Exception sending a multicast message:Network is unreachable
[gazebo-1] Exception sending a multicast message:Network is unreachable
[gazebo-1] Exception sending a multicast message:Network is unreachable
[gazebo-1] Exception sending a multicast message:Network is unreachable
[gazebo-1] Exception sending a multicast message:Network is unreachable
[gazebo-1] Exception sending a multicast message:Network is unreachable
[gazebo-1] Exception sending a multicast message:Network is unreachable
[gazebo-1] Exception sending a multicast message:Network is unreachable
[gazebo-1] Exception sending a multicast message:Network is unreachable
[gazebo-1] Exception sending a multicast message:Network is unreachable
[gazebo-1] Exception sending a multicast message:Network is unreachable
[gazebo-1] Exception sending a multicast message:Network is unreachable
[gazebo-1] Exception sending a multicast message:Network is unreachable
[gazebo-1] Exception sending a multicast message:Network is unreachable
[gazebo-1] Exception sending a multicast message:Network is unreachable
[gazebo-1] Exception sending a multicast message:Network is unreachable
[gazebo-1] Exception sending a multicast message:Network is unreachable
[gazebo-1] Exception sending a multicast message:Network is unreachable
[gazebo-1] Exception sending a multicast message:Network is unreachable
[gazebo-1] Exception sending a multicast message:Network is unreachable
[gazebo-1] Exception sending a multicast message:Network is unreachable
[gazebo-1] Exception sending a multicast message:Network is unreachable
[gazebo-1] Exception sending a multicast message:Network is unreachable
[parameter_bridge-16] Exception sending a multicast message:Network is unreachable
[gazebo-1] Exception sending a multicast message:Network is unreachable
[gazebo-1] Exception sending a multicast message:Network is unreachable
[gazebo-1] Exception sending a multicast message:Network is unreachable
[gazebo-1] Exception sending a multicast message:Network is unreachable
[gazebo-1] Exception sending a multicast message:Network is unreachable
[gazebo-1] Exception sending a multicast message:Network is unreachable
[gazebo-1] Exception sending a multicast message:Network is unreachable
[gazebo-1] Exception sending a multicast message:Network is unreachable
[gazebo-1] Exception sending a multicast message:Network is unreachable
[gazebo-1] Exception sending a multicast message:Network is unreachable
[gazebo-1] Exception sending a multicast message:Network is unreachable
[gazebo-1] Exception sending a multicast message:Network is unreachable
[gazebo-1] Exception sending a multicast message:Network is unreachable
[gazebo-1] Exception sending a multicast message:Network is unreachable
[parameter_bridge-24] Exception sending a multicast message:Network is unreachable
[parameter_bridge-11] Exception sending a multicast message:Network is unreachable
[parameter_bridge-2] Exception sending a multicast message:Network is unreachable
[parameter_bridge-2] Exception sending a multicast message:Network is unreachable
[parameter_bridge-10] Exception sending a multicast message:Network is unreachable
[parameter_bridge-9] Exception sending a multicast message:Network is unreachable
[parameter_bridge-9] Exception sending a multicast message:Network is unreachable
[parameter_bridge-9] Exception sending a multicast message:Network is unreachable
[parameter_bridge-12] Exception sending a multicast message:Network is unreachable
[parameter_bridge-12] Exception sending a multicast message:Network is unreachable
[parameter_bridge-11] Exception sending a multicast message:Network is unreachable
[parameter_bridge-13] Exception sending a multicast message:Network is unreachable
[parameter_bridge-13] Exception sending a multicast message:Network is unreachable
[parameter_bridge-17] Exception sending a multicast message:Network is unreachable
[parameter_bridge-17] Exception sending a multicast message:Network is unreachable
[parameter_bridge-10] Exception sending a multicast message:Network is unreachable
[parameter_bridge-22] Exception sending a multicast message:Network is unreachable
[parameter_bridge-21] Exception sending a multicast message:Network is unreachable
[parameter_bridge-23] Exception sending a multicast message:Network is unreachable
[parameter_bridge-23] Exception sending a multicast message:Network is unreachable
[parameter_bridge-24] Exception sending a multicast message:Network is unreachable
[parameter_bridge-20] Exception sending a multicast message:Network is unreachable
[parameter_bridge-14] Exception sending a multicast message:Network is unreachable
[parameter_bridge-19] Exception sending a multicast message:Network is unreachable
[parameter_bridge-28] Exception sending a multicast message:Network is unreachable
[parameter_bridge-16] Exception sending a multicast message:Network is unreachable
[parameter_bridge-29] Exception sending a multicast message:Network is unreachable
[parameter_bridge-18] Exception sending a multicast message:Network is unreachable
[parameter_bridge-28] Exception sending a multicast message:Network is unreachable
[parameter_bridge-15] Exception sending a multicast message:Network is unreachable
[parameter_bridge-27] Exception sending a multicast message:Network is unreachable
[parameter_bridge-18] Exception sending a multicast message:Network is unreachable
[gazebo-1] Exception sending a multicast message:网络不可达
[gazebo-1] Exception sending a multicast message:网络不可达
[gazebo-1] Exception sending a multicast message:网络不可达
[gazebo-1] Exception sending a multicast message:网络不可达
[parameter_bridge-22] Exception sending a multicast message:Network is unreachable
[parameter_bridge-19] Exception sending a multicast message:Network is unreachable
[parameter_bridge-26] Exception sending a multicast message:Network is unreachable
[parameter_bridge-26] Exception sending a multicast message:Network is unreachable
[parameter_bridge-25] Exception sending a multicast message:Network is unreachable
[gazebo-1] Exception sending a multicast message:Network is unreachable
[gazebo-1] Exception sending a multicast message:Network is unreachable
[gazebo-1] Exception sending a multicast message:Network is unreachable
[gazebo-1] Exception sending a multicast message:Network is unreachable
[gazebo-1] Exception sending a multicast message:Network is unreachable
[gazebo-1] Exception sending a multicast message:Network is unreachable
[gazebo-1] Exception sending a multicast message:Network is unreachable
[gazebo-1] Exception sending a multicast message:Network is unreachable
[gazebo-1] Exception sending a multicast message:Network is unreachable
[gazebo-1] Exception sending a multicast message:Network is unreachable
[gazebo-1] Exception sending a multicast message:Network is unreachable
[gazebo-1] Exception sending a multicast message:Network is unreachable
[gazebo-1] Exception sending a multicast message:Network is unreachable
[gazebo-1] Exception sending a multicast message:Network is unreachable
[gazebo-1] Exception sending a multicast message:Network is unreachable
[gazebo-1] Exception sending a multicast message:Network is unreachable
[gazebo-1] Exception sending a multicast message:Network is unreachable
[gazebo-1] Exception sending a multicast message:Network is unreachable
[gazebo-1] Exception sending a multicast message:Network is unreachable
[gazebo-1] Exception sending a multicast message:Network is unreachable
[gazebo-1] Exception sending a multicast message:Network is unreachable
[gazebo-1] Exception sending a multicast message:Network is unreachable
[gazebo-1] Exception sending a multicast message:Network is unreachable
[gazebo-1] Exception sending a multicast message:Network is unreachable
[gazebo-1] Exception sending a multicast message:Network is unreachable
[gazebo-1] Exception sending a multicast message:Network is unreachable
[gazebo-1] Exception sending a multicast message:Network is unreachable
[gazebo-1] Exception sending a multicast message:Network is unreachable
[gazebo-1] Exception sending a multicast message:Network is unreachable
[gazebo-1] Exception sending a multicast message:Network is unreachable
[gazebo-1] Exception sending a multicast message:Network is unreachable
[gazebo-1] Exception sending a multicast message:Network is unreachable
[gazebo-1] Exception sending a multicast message:Network is unreachable
[gazebo-1] Exception sending a multicast message:Network is unreachable
[gazebo-1] Exception sending a multicast message:Network is unreachable
[gazebo-1] Exception sending a multicast message:Network is unreachable
[gazebo-1] Exception sending a multicast message:Network is unreachable
[parameter_bridge-15] Exception sending a multicast message:Network is unreachable
[gazebo-1] Exception sending a multicast message:Network is unreachable
[gazebo-1] Exception sending a multicast message:Network is unreachable
[gazebo-1] Exception sending a multicast message:Network is unreachable
[gazebo-1] Exception sending a multicast message:Network is unreachable
[gazebo-1] Exception sending a multicast message:Network is unreachable
[gazebo-1] Exception sending a multicast message:Network is unreachable
[gazebo-1] Exception sending a multicast message:Network is unreachable
[gazebo-1] Exception sending a multicast message:Network is unreachable
[gazebo-1] Exception sending a multicast message:Network is unreachable
[parameter_bridge-14] Exception sending a multicast message:Network is unreachable
[gazebo-1] Exception sending a multicast message:Network is unreachable
[gazebo-1] Exception sending a multicast message:Network is unreachable
[gazebo-1] Exception sending a multicast message:Network is unreachable
[gazebo-1] Exception sending a multicast message:Network is unreachable
[gazebo-1] Exception sending a multicast message:Network is unreachable
[gazebo-1] Exception sending a multicast message:Network is unreachable
[gazebo-1] Exception sending a multicast message:Network is unreachable
[gazebo-1] Exception sending a multicast message:Network is unreachable
[gazebo-1] Exception sending a multicast message:Network is unreachable
[gazebo-1] Exception sending a multicast message:Network is unreachable
[gazebo-1] Exception sending a multicast message:Network is unreachable
[gazebo-1] Exception sending a multicast message:Network is unreachable
[gazebo-1] Exception sending a multicast message:Network is unreachable
[gazebo-1] Exception sending a multicast message:Network is unreachable
[gazebo-1] Exception sending a multicast message:Network is unreachable
[gazebo-1] Exception sending a multicast message:Network is unreachable
[gazebo-1] Exception sending a multicast message:Network is unreachable
[gazebo-1] Exception sending a multicast message:Network is unreachable
[gazebo-1] Exception sending a multicast message:Network is unreachable
[gazebo-1] Exception sending a multicast message:Network is unreachable
[parameter_bridge-20] Exception sending a multicast message:Network is unreachable
[parameter_bridge-21] Exception sending a multicast message:Network is unreachable
[parameter_bridge-25] Exception sending a multicast message:Network is unreachable
[parameter_bridge-25] Exception sending a multicast message:Network is unreachable
[parameter_bridge-25] Exception sending a multicast message:Network is unreachable
[parameter_bridge-27] Exception sending a multicast message:Network is unreachable
[parameter_bridge-27] Exception sending a multicast message:Network is unreachable
[parameter_bridge-27] Exception sending a multicast message:Network is unreachable
[parameter_bridge-27] Exception sending a multicast message:Network is unreachable
[parameter_bridge-27] Exception sending a multicast message:Network is unreachable
[parameter_bridge-27] Exception sending a multicast message:Network is unreachable
[parameter_bridge-27] Exception sending a multicast message:Network is unreachable
[parameter_bridge-27] Exception sending a multicast message:Network is unreachable
[parameter_bridge-29] Exception sending a multicast message:Network is unreachable
[gazebo-1] Exception sending a multicast message:网络不可达
[gazebo-1] Exception sending a multicast message:网络不可达
[gazebo-1] Exception sending a multicast message:网络不可达
[gazebo-1] Exception sending a multicast message:网络不可达
[parameter_bridge-16] Exception sending a multicast message:Network is unreachable
[gazebo-1] Exception sending a multicast message:Network is unreachable
[gazebo-1] Exception sending a multicast message:Network is unreachable
[gazebo-1] Exception sending a multicast message:Network is unreachable
[gazebo-1] Exception sending a multicast message:Network is unreachable
[gazebo-1] Exception sending a multicast message:Network is unreachable
[gazebo-1] Exception sending a multicast message:Network is unreachable
[gazebo-1] Exception sending a multicast message:Network is unreachable
[gazebo-1] Exception sending a multicast message:Network is unreachable
[gazebo-1] Exception sending a multicast message:Network is unreachable
[gazebo-1] Exception sending a multicast message:Network is unreachable
[gazebo-1] Exception sending a multicast message:Network is unreachable
[gazebo-1] Exception sending a multicast message:Network is unreachable
[gazebo-1] Exception sending a multicast message:Network is unreachable
[gazebo-1] Exception sending a multicast message:Network is unreachable
[gazebo-1] Exception sending a multicast message:Network is unreachable
[gazebo-1] Exception sending a multicast message:Network is unreachable
[gazebo-1] Exception sending a multicast message:Network is unreachable
[gazebo-1] Exception sending a multicast message:Network is unreachable
[gazebo-1] Exception sending a multicast message:Network is unreachable
[parameter_bridge-24] Exception sending a multicast message:Network is unreachable
[gazebo-1] Exception sending a multicast message:Network is unreachable
[gazebo-1] Exception sending a multicast message:Network is unreachable
[gazebo-1] Exception sending a multicast message:Network is unreachable
[gazebo-1] Exception sending a multicast message:Network is unreachable
[gazebo-1] Exception sending a multicast message:Network is unreachable
[gazebo-1] Exception sending a multicast message:Network is unreachable
[gazebo-1] Exception sending a multicast message:Network is unreachable
[gazebo-1] Exception sending a multicast message:Network is unreachable
[gazebo-1] Exception sending a multicast message:Network is unreachable
[gazebo-1] Exception sending a multicast message:Network is unreachable
[gazebo-1] Exception sending a multicast message:Network is unreachable
[gazebo-1] Exception sending a multicast message:Network is unreachable
[gazebo-1] Exception sending a multicast message:Network is unreachable
[gazebo-1] Exception sending a multicast message:Network is unreachable
[gazebo-1] Exception sending a multicast message:Network is unreachable
[gazebo-1] Exception sending a multicast message:Network is unreachable
[gazebo-1] Exception sending a multicast message:Network is unreachable
[gazebo-1] Exception sending a multicast message:Network is unreachable
[gazebo-1] Exception sending a multicast message:Network is unreachable
[gazebo-1] Exception sending a multicast message:Network is unreachable
[gazebo-1] Exception sending a multicast message:Network is unreachable
[gazebo-1] Exception sending a multicast message:Network is unreachable
[gazebo-1] Exception sending a multicast message:Network is unreachable
[gazebo-1] Exception sending a multicast message:Network is unreachable
[gazebo-1] Exception sending a multicast message:Network is unreachable
[gazebo-1] Exception sending a multicast message:Network is unreachable
[gazebo-1] Exception sending a multicast message:Network is unreachable
[gazebo-1] Exception sending a multicast message:Network is unreachable
[gazebo-1] Exception sending a multicast message:Network is unreachable
[gazebo-1] Exception sending a multicast message:Network is unreachable
[gazebo-1] Exception sending a multicast message:Network is unreachable
[gazebo-1] Exception sending a multicast message:Network is unreachable
[parameter_bridge-11] Exception sending a multicast message:Network is unreachable
[parameter_bridge-2] Exception sending a multicast message:Network is unreachable
[parameter_bridge-2] Exception sending a multicast message:Network is unreachable
[parameter_bridge-10] Exception sending a multicast message:Network is unreachable
[parameter_bridge-9] Exception sending a multicast message:Network is unreachable
[parameter_bridge-9] Exception sending a multicast message:Network is unreachable
[parameter_bridge-9] Exception sending a multicast message:Network is unreachable
[parameter_bridge-12] Exception sending a multicast message:Network is unreachable
[parameter_bridge-12] Exception sending a multicast message:Network is unreachable
[parameter_bridge-11] Exception sending a multicast message:Network is unreachable
[parameter_bridge-13] Exception sending a multicast message:Network is unreachable
[parameter_bridge-13] Exception sending a multicast message:Network is unreachable
[parameter_bridge-17] Exception sending a multicast message:Network is unreachable
[parameter_bridge-17] Exception sending a multicast message:Network is unreachable
[parameter_bridge-10] Exception sending a multicast message:Network is unreachable
[parameter_bridge-21] Exception sending a multicast message:Network is unreachable
[parameter_bridge-23] Exception sending a multicast message:Network is unreachable
[parameter_bridge-23] Exception sending a multicast message:Network is unreachable
[parameter_bridge-24] Exception sending a multicast message:Network is unreachable
[parameter_bridge-20] Exception sending a multicast message:Network is unreachable
[parameter_bridge-14] Exception sending a multicast message:Network is unreachable
[parameter_bridge-19] Exception sending a multicast message:Network is unreachable
[parameter_bridge-28] Exception sending a multicast message:Network is unreachable
[parameter_bridge-28] Exception sending a multicast message:Network is unreachable
[parameter_bridge-16] Exception sending a multicast message:Network is unreachable
[parameter_bridge-18] Exception sending a multicast message:Network is unreachable
[parameter_bridge-29] Exception sending a multicast message:Network is unreachable
[parameter_bridge-15] Exception sending a multicast message:Network is unreachable
[parameter_bridge-18] Exception sending a multicast message:Network is unreachable
[gazebo-1] Exception sending a multicast message:网络不可达
[gazebo-1] Exception sending a multicast message:网络不可达
[gazebo-1] Exception sending a multicast message:网络不可达
[gazebo-1] Exception sending a multicast message:网络不可达
[parameter_bridge-22] Exception sending a multicast message:Network is unreachable
[parameter_bridge-22] Exception sending a multicast message:Network is unreachable
[parameter_bridge-19] Exception sending a multicast message:Network is unreachable
[parameter_bridge-26] Exception sending a multicast message:Network is unreachable
[parameter_bridge-26] Exception sending a multicast message:Network is unreachable
[parameter_bridge-27] Exception sending a multicast message:Network is unreachable
[parameter_bridge-14] Exception sending a multicast message:Network is unreachable
[gazebo-1] Exception sending a multicast message:Network is unreachable
[gazebo-1] Exception sending a multicast message:Network is unreachable
[gazebo-1] Exception sending a multicast message:Network is unreachable
[gazebo-1] Exception sending a multicast message:Network is unreachable
[gazebo-1] Exception sending a multicast message:Network is unreachable
[gazebo-1] Exception sending a multicast message:Network is unreachable
[gazebo-1] Exception sending a multicast message:Network is unreachable
[gazebo-1] Exception sending a multicast message:Network is unreachable
[gazebo-1] Exception sending a multicast message:Network is unreachable
[gazebo-1] Exception sending a multicast message:Network is unreachable
[gazebo-1] Exception sending a multicast message:Network is unreachable
[gazebo-1] Exception sending a multicast message:Network is unreachable
[gazebo-1] Exception sending a multicast message:Network is unreachable
[gazebo-1] Exception sending a multicast message:Network is unreachable
[gazebo-1] Exception sending a multicast message:Network is unreachable
[gazebo-1] Exception sending a multicast message:Network is unreachable
[gazebo-1] Exception sending a multicast message:Network is unreachable
[gazebo-1] Exception sending a multicast message:Network is unreachable
[gazebo-1] Exception sending a multicast message:Network is unreachable
[gazebo-1] Exception sending a multicast message:Network is unreachable
[gazebo-1] Exception sending a multicast message:Network is unreachable
[gazebo-1] Exception sending a multicast message:Network is unreachable
[gazebo-1] Exception sending a multicast message:Network is unreachable
[gazebo-1] Exception sending a multicast message:Network is unreachable
[gazebo-1] Exception sending a multicast message:Network is unreachable
[gazebo-1] Exception sending a multicast message:Network is unreachable
[gazebo-1] Exception sending a multicast message:Network is unreachable
[gazebo-1] Exception sending a multicast message:Network is unreachable
[gazebo-1] Exception sending a multicast message:Network is unreachable
[gazebo-1] Exception sending a multicast message:Network is unreachable
[gazebo-1] Exception sending a multicast message:Network is unreachable
[gazebo-1] Exception sending a multicast message:Network is unreachable
[gazebo-1] Exception sending a multicast message:Network is unreachable
[gazebo-1] Exception sending a multicast message:Network is unreachable
[gazebo-1] Exception sending a multicast message:Network is unreachable
[gazebo-1] Exception sending a multicast message:Network is unreachable
[gazebo-1] Exception sending a multicast message:Network is unreachable
[gazebo-1] Exception sending a multicast message:Network is unreachable
[gazebo-1] Exception sending a multicast message:Network is unreachable
[gazebo-1] Exception sending a multicast message:Network is unreachable
[gazebo-1] Exception sending a multicast message:Network is unreachable
[gazebo-1] Exception sending a multicast message:Network is unreachable
[gazebo-1] Exception sending a multicast message:Network is unreachable
[gazebo-1] Exception sending a multicast message:Network is unreachable
[gazebo-1] Exception sending a multicast message:Network is unreachable
[gazebo-1] Exception sending a multicast message:Network is unreachable
[gazebo-1] Exception sending a multicast message:Network is unreachable
[gazebo-1] Exception sending a multicast message:Network is unreachable
[gazebo-1] Exception sending a multicast message:Network is unreachable
[gazebo-1] Exception sending a multicast message:Network is unreachable
[gazebo-1] Exception sending a multicast message:Network is unreachable
[gazebo-1] Exception sending a multicast message:Network is unreachable
[gazebo-1] Exception sending a multicast message:Network is unreachable
[gazebo-1] Exception sending a multicast message:Network is unreachable
[gazebo-1] Exception sending a multicast message:Network is unreachable
[gazebo-1] Exception sending a multicast message:Network is unreachable
[gazebo-1] Exception sending a multicast message:Network is unreachable
[gazebo-1] Exception sending a multicast message:Network is unreachable
[gazebo-1] Exception sending a multicast message:Network is unreachable
[gazebo-1] Exception sending a multicast message:Network is unreachable
[gazebo-1] Exception sending a multicast message:Network is unreachable
[gazebo-1] Exception sending a multicast message:Network is unreachable
[gazebo-1] Exception sending a multicast message:Network is unreachable
[gazebo-1] Exception sending a multicast message:Network is unreachable
[gazebo-1] Exception sending a multicast message:Network is unreachable
[gazebo-1] Exception sending a multicast message:Network is unreachable
[parameter_bridge-20] Exception sending a multicast message:Network is unreachable
[parameter_bridge-21] Exception sending a multicast message:Network is unreachable
[parameter_bridge-25] Exception sending a multicast message:Network is unreachable
[parameter_bridge-25] Exception sending a multicast message:Network is unreachable
[parameter_bridge-25] Exception sending a multicast message:Network is unreachable
[parameter_bridge-29] Exception sending a multicast message:Network is unreachable
[parameter_bridge-25] Exception sending a multicast message:Network is unreachable
[parameter_bridge-16] Exception sending a multicast message:Network is unreachable
[parameter_bridge-24] Exception sending a multicast message:Network is unreachable
[parameter_bridge-11] Exception sending a multicast message:Network is unreachable
[parameter_bridge-15] Exception sending a multicast message:Network is unreachable
[parameter_bridge-27] Exception sending a multicast message:Network is unreachable
[parameter_bridge-27] Exception sending a multicast message:Network is unreachable
[parameter_bridge-27] Exception sending a multicast message:Network is unreachable
[parameter_bridge-27] Exception sending a multicast message:Network is unreachable
[parameter_bridge-27] Exception sending a multicast message:Network is unreachable
[parameter_bridge-27] Exception sending a multicast message:Network is unreachable
[parameter_bridge-27] Exception sending a multicast message:Network is unreachable
[parameter_bridge-27] Exception sending a multicast message:Network is unreachable
[gazebo-1] Exception sending a multicast message:网络不可达
[gazebo-1] Exception sending a multicast message:网络不可达
[gazebo-1] Exception sending a multicast message:网络不可达
[gazebo-1] Exception sending a multicast message:网络不可达
[gazebo-1] Exception sending a multicast message:Network is unreachable
[gazebo-1] Exception sending a multicast message:Network is unreachable
[gazebo-1] Exception sending a multicast message:Network is unreachable
[gazebo-1] Exception sending a multicast message:Network is unreachable
[gazebo-1] Exception sending a multicast message:Network is unreachable
[gazebo-1] Exception sending a multicast message:Network is unreachable
[gazebo-1] Exception sending a multicast message:Network is unreachable
[gazebo-1] Exception sending a multicast message:Network is unreachable
[gazebo-1] Exception sending a multicast message:Network is unreachable
[gazebo-1] Exception sending a multicast message:Network is unreachable
[gazebo-1] Exception sending a multicast message:Network is unreachable
[gazebo-1] Exception sending a multicast message:Network is unreachable
[gazebo-1] Exception sending a multicast message:Network is unreachable
[gazebo-1] Exception sending a multicast message:Network is unreachable
[gazebo-1] Exception sending a multicast message:Network is unreachable
[gazebo-1] Exception sending a multicast message:Network is unreachable
[gazebo-1] Exception sending a multicast message:Network is unreachable
[gazebo-1] Exception sending a multicast message:Network is unreachable
[gazebo-1] Exception sending a multicast message:Network is unreachable
[gazebo-1] Exception sending a multicast message:Network is unreachable
[gazebo-1] Exception sending a multicast message:Network is unreachable
[gazebo-1] Exception sending a multicast message:Network is unreachable
[gazebo-1] Exception sending a multicast message:Network is unreachable
[gazebo-1] Exception sending a multicast message:Network is unreachable
[gazebo-1] Exception sending a multicast message:Network is unreachable
[gazebo-1] Exception sending a multicast message:Network is unreachable
[gazebo-1] Exception sending a multicast message:Network is unreachable
[gazebo-1] Exception sending a multicast message:Network is unreachable
[gazebo-1] Exception sending a multicast message:Network is unreachable
[gazebo-1] Exception sending a multicast message:Network is unreachable
[gazebo-1] Exception sending a multicast message:Network is unreachable
[gazebo-1] Exception sending a multicast message:Network is unreachable
[gazebo-1] Exception sending a multicast message:Network is unreachable
[gazebo-1] Exception sending a multicast message:Network is unreachable
[gazebo-1] Exception sending a multicast message:Network is unreachable
[gazebo-1] Exception sending a multicast message:Network is unreachable
[gazebo-1] Exception sending a multicast message:Network is unreachable
[gazebo-1] Exception sending a multicast message:Network is unreachable
[gazebo-1] Exception sending a multicast message:Network is unreachable
[gazebo-1] Exception sending a multicast message:Network is unreachable
[gazebo-1] Exception sending a multicast message:Network is unreachable
[gazebo-1] Exception sending a multicast message:Network is unreachable
[gazebo-1] Exception sending a multicast message:Network is unreachable
[gazebo-1] Exception sending a multicast message:Network is unreachable
[gazebo-1] Exception sending a multicast message:Network is unreachable
[gazebo-1] Exception sending a multicast message:Network is unreachable
[gazebo-1] Exception sending a multicast message:Network is unreachable
[gazebo-1] Exception sending a multicast message:Network is unreachable
[gazebo-1] Exception sending a multicast message:Network is unreachable
[gazebo-1] Exception sending a multicast message:Network is unreachable
[gazebo-1] Exception sending a multicast message:Network is unreachable
[gazebo-1] [WARN] [1781975187.966419649] [diffdrive_controller]: Ignoring the received message (timestamp 2905.6770000000) because it is older than the current time by 0.5130000000 seconds, which exceeds the allowed timeout (0.5000)
[parameter_bridge-23] Exception sending a multicast message:Network is unreachable
[parameter_bridge-24] Exception sending a multicast message:Network is unreachable
[parameter_bridge-2] Exception sending a multicast message:Network is unreachable
[parameter_bridge-9] Exception sending a multicast message:Network is unreachable
[parameter_bridge-20] Exception sending a multicast message:Network is unreachable
[parameter_bridge-10] Exception sending a multicast message:Network is unreachable
[parameter_bridge-13] Exception sending a multicast message:Network is unreachable
[parameter_bridge-23] Exception sending a multicast message:Network is unreachable
[parameter_bridge-12] Exception sending a multicast message:Network is unreachable
[parameter_bridge-18] Exception sending a multicast message:Network is unreachable
[parameter_bridge-12] Exception sending a multicast message:Network is unreachable
[parameter_bridge-2] Exception sending a multicast message:Network is unreachable
[parameter_bridge-21] Exception sending a multicast message:Network is unreachable
[parameter_bridge-18] Exception sending a multicast message:Network is unreachable
[parameter_bridge-17] Exception sending a multicast message:Network is unreachable
[parameter_bridge-19] Exception sending a multicast message:Network is unreachable
[parameter_bridge-28] Exception sending a multicast message:Network is unreachable
[parameter_bridge-14] Exception sending a multicast message:Network is unreachable
[parameter_bridge-17] Exception sending a multicast message:Network is unreachable
[parameter_bridge-29] Exception sending a multicast message:Network is unreachable
[parameter_bridge-16] Exception sending a multicast message:Network is unreachable
[parameter_bridge-13] Exception sending a multicast message:Network is unreachable
[parameter_bridge-14] Exception sending a multicast message:Network is unreachable
[parameter_bridge-28] Exception sending a multicast message:Network is unreachable
[parameter_bridge-11] Exception sending a multicast message:Network is unreachable
[parameter_bridge-26] Exception sending a multicast message:Network is unreachable
[parameter_bridge-27] Exception sending a multicast message:Network is unreachable
[parameter_bridge-22] Exception sending a multicast message:Network is unreachable
[parameter_bridge-26] Exception sending a multicast message:Network is unreachable
[parameter_bridge-11] Exception sending a multicast message:Network is unreachable
[parameter_bridge-22] Exception sending a multicast message:Network is unreachable
[parameter_bridge-21] Exception sending a multicast message:Network is unreachable
[parameter_bridge-10] Exception sending a multicast message:Network is unreachable
[parameter_bridge-19] Exception sending a multicast message:Network is unreachable
[parameter_bridge-24] Exception sending a multicast message:Network is unreachable
[parameter_bridge-20] Exception sending a multicast message:Network is unreachable
[parameter_bridge-15] Exception sending a multicast message:Network is unreachable
[parameter_bridge-9] Exception sending a multicast message:Network is unreachable
[parameter_bridge-9] Exception sending a multicast message:Network is unreachable
[parameter_bridge-29] Exception sending a multicast message:Network is unreachable
[parameter_bridge-15] Exception sending a multicast message:Network is unreachable
[parameter_bridge-25] Exception sending a multicast message:Network is unreachable
[parameter_bridge-16] Exception sending a multicast message:Network is unreachable
[gazebo-1] Exception sending a multicast message:网络不可达
[gazebo-1] Exception sending a multicast message:网络不可达
[gazebo-1] Exception sending a multicast message:网络不可达
[gazebo-1] Exception sending a multicast message:网络不可达
[parameter_bridge-25] Exception sending a multicast message:Network is unreachable
[parameter_bridge-25] Exception sending a multicast message:Network is unreachable
[parameter_bridge-25] Exception sending a multicast message:Network is unreachable
[gazebo-1] Exception sending a multicast message:网络不可达
[gazebo-1] Exception sending a multicast message:网络不可达
[gazebo-1] Exception sending a multicast message:网络不可达
[gazebo-1] Exception sending a multicast message:网络不可达
[parameter_bridge-27] Exception sending a multicast message:Network is unreachable
[parameter_bridge-27] Exception sending a multicast message:Network is unreachable
[parameter_bridge-27] Exception sending a multicast message:Network is unreachable
[parameter_bridge-27] Exception sending a multicast message:Network is unreachable
[parameter_bridge-27] Exception sending a multicast message:Network is unreachable
[parameter_bridge-27] Exception sending a multicast message:Network is unreachable
[parameter_bridge-27] Exception sending a multicast message:Network is unreachable
[parameter_bridge-27] Exception sending a multicast message:Network is unreachable
[gazebo-1] Exception sending a multicast message:Network is unreachable
[gazebo-1] Exception sending a multicast message:Network is unreachable
[gazebo-1] Exception sending a multicast message:Network is unreachable
[gazebo-1] Exception sending a multicast message:Network is unreachable
[gazebo-1] Exception sending a multicast message:Network is unreachable
[gazebo-1] Exception sending a multicast message:Network is unreachable
[gazebo-1] Exception sending a multicast message:Network is unreachable
[gazebo-1] Exception sending a multicast message:Network is unreachable
[gazebo-1] Exception sending a multicast message:Network is unreachable
[gazebo-1] Exception sending a multicast message:Network is unreachable
[gazebo-1] Exception sending a multicast message:Network is unreachable
[gazebo-1] Exception sending a multicast message:Network is unreachable
[gazebo-1] Exception sending a multicast message:Network is unreachable
[gazebo-1] Exception sending a multicast message:Network is unreachable
[gazebo-1] Exception sending a multicast message:Network is unreachable
[gazebo-1] Exception sending a multicast message:Network is unreachable
[gazebo-1] Exception sending a multicast message:Network is unreachable
[gazebo-1] Exception sending a multicast message:Network is unreachable
[gazebo-1] Exception sending a multicast message:Network is unreachable
[gazebo-1] Exception sending a multicast message:Network is unreachable
[gazebo-1] Exception sending a multicast message:Network is unreachable
[gazebo-1] Exception sending a multicast message:Network is unreachable
[gazebo-1] Exception sending a multicast message:Network is unreachable
[gazebo-1] Exception sending a multicast message:Network is unreachable
[gazebo-1] Exception sending a multicast message:Network is unreachable
[gazebo-1] Exception sending a multicast message:Network is unreachable
[gazebo-1] Exception sending a multicast message:Network is unreachable
[gazebo-1] Exception sending a multicast message:Network is unreachable
[gazebo-1] Exception sending a multicast message:Network is unreachable
[gazebo-1] Exception sending a multicast message:Network is unreachable
[gazebo-1] Exception sending a multicast message:Network is unreachable
[gazebo-1] Exception sending a multicast message:Network is unreachable
[gazebo-1] Exception sending a multicast message:Network is unreachable
[gazebo-1] Exception sending a multicast message:Network is unreachable
[gazebo-1] Exception sending a multicast message:Network is unreachable
[gazebo-1] Exception sending a multicast message:Network is unreachable
[gazebo-1] Exception sending a multicast message:Network is unreachable
[gazebo-1] Exception sending a multicast message:Network is unreachable
[gazebo-1] Exception sending a multicast message:Network is unreachable
[gazebo-1] Exception sending a multicast message:Network is unreachable
[gazebo-1] Exception sending a multicast message:Network is unreachable
[gazebo-1] Exception sending a multicast message:Network is unreachable
[gazebo-1] Exception sending a multicast message:Network is unreachable
[gazebo-1] Exception sending a multicast message:Network is unreachable
[gazebo-1] Exception sending a multicast message:Network is unreachable
[gazebo-1] Exception sending a multicast message:Network is unreachable
[gazebo-1] Exception sending a multicast message:Network is unreachable
[gazebo-1] Exception sending a multicast message:Network is unreachable
[gazebo-1] Exception sending a multicast message:Network is unreachable
[gazebo-1] Exception sending a multicast message:Network is unreachable
[gazebo-1] Exception sending a multicast message:Network is unreachable
[gazebo-1] Exception sending a multicast message:Network is unreachable
[gazebo-1] Exception sending a multicast message:Network is unreachable
[gazebo-1] Exception sending a multicast message:Network is unreachable
[gazebo-1] Exception sending a multicast message:Network is unreachable
[gazebo-1] Exception sending a multicast message:Network is unreachable
[gazebo-1] Exception sending a multicast message:Network is unreachable
[gazebo-1] Exception sending a multicast message:Network is unreachable
[gazebo-1] Exception sending a multicast message:Network is unreachable
[gazebo-1] Exception sending a multicast message:Network is unreachable
[gazebo-1] Exception sending a multicast message:Network is unreachable
[gazebo-1] Exception sending a multicast message:Network is unreachable
[gazebo-1] Exception sending a multicast message:Network is unreachable
[gazebo-1] Exception sending a multicast message:Network is unreachable
[gazebo-1] Exception sending a multicast message:Network is unreachable
[gazebo-1] Exception sending a multicast message:Network is unreachable
[gazebo-1] Exception sending a multicast message:Network is unreachable
[gazebo-1] Exception sending a multicast message:Network is unreachable
[gazebo-1] Exception sending a multicast message:Network is unreachable
[gazebo-1] Exception sending a multicast message:Network is unreachable
[gazebo-1] Exception sending a multicast message:Network is unreachable
[gazebo-1] Exception sending a multicast message:Network is unreachable
[gazebo-1] Exception sending a multicast message:Network is unreachable
[gazebo-1] Exception sending a multicast message:Network is unreachable
[gazebo-1] Exception sending a multicast message:Network is unreachable
[gazebo-1] Exception sending a multicast message:Network is unreachable
[gazebo-1] Exception sending a multicast message:Network is unreachable
[gazebo-1] Exception sending a multicast message:Network is unreachable
[gazebo-1] Exception sending a multicast message:Network is unreachable
[gazebo-1] Exception sending a multicast message:Network is unreachable
[gazebo-1] Exception sending a multicast message:Network is unreachable
[gazebo-1] Exception sending a multicast message:Network is unreachable
[gazebo-1] Exception sending a multicast message:Network is unreachable
[gazebo-1] Exception sending a multicast message:Network is unreachable
[gazebo-1] Exception sending a multicast message:Network is unreachable
[gazebo-1] Exception sending a multicast message:Network is unreachable
[gazebo-1] Exception sending a multicast message:Network is unreachable
[gazebo-1] Exception sending a multicast message:Network is unreachable
[gazebo-1] Exception sending a multicast message:Network is unreachable
[gazebo-1] Exception sending a multicast message:Network is unreachable
[gazebo-1] Exception sending a multicast message:Network is unreachable
[gazebo-1] Exception sending a multicast message:Network is unreachable
[gazebo-1] Exception sending a multicast message:Network is unreachable
[gazebo-1] Exception sending a multicast message:Network is unreachable
[gazebo-1] Exception sending a multicast message:Network is unreachable
[gazebo-1] Exception sending a multicast message:Network is unreachable
[gazebo-1] Exception sending a multicast message:Network is unreachable
[gazebo-1] Exception sending a multicast message:Network is unreachable
[gazebo-1] Exception sending a multicast message:Network is unreachable
[gazebo-1] Exception sending a multicast message:Network is unreachable
[gazebo-1] Exception sending a multicast message:Network is unreachable
[gazebo-1] Exception sending a multicast message:Network is unreachable
[gazebo-1] Exception sending a multicast message:Network is unreachable
[gazebo-1] Exception sending a multicast message:Network is unreachable
[gazebo-1] Exception sending a multicast message:Network is unreachable
[gazebo-1] Exception sending a multicast message:Network is unreachable
[gazebo-1] Exception sending a multicast message:Network is unreachable
[gazebo-1] Exception sending a multicast message:Network is unreachable
[gazebo-1] Exception sending a multicast message:Network is unreachable
[gazebo-1] Exception sending a multicast message:Network is unreachable
[gazebo-1] Exception sending a multicast message:Network is unreachable
[gazebo-1] Exception sending a multicast message:Network is unreachable
[gazebo-1] Exception sending a multicast message:Network is unreachable
[gazebo-1] Exception sending a multicast message:Network is unreachable
[gazebo-1] Exception sending a multicast message:Network is unreachable
[gazebo-1] Exception sending a multicast message:Network is unreachable
[gazebo-1] Exception sending a multicast message:Network is unreachable
[parameter_bridge-23] Exception sending a multicast message:Network is unreachable
[parameter_bridge-24] Exception sending a multicast message:Network is unreachable
[parameter_bridge-2] Exception sending a multicast message:Network is unreachable
[parameter_bridge-9] Exception sending a multicast message:Network is unreachable
[parameter_bridge-20] Exception sending a multicast message:Network is unreachable
[parameter_bridge-10] Exception sending a multicast message:Network is unreachable
[parameter_bridge-13] Exception sending a multicast message:Network is unreachable
[parameter_bridge-23] Exception sending a multicast message:Network is unreachable
[parameter_bridge-12] Exception sending a multicast message:Network is unreachable
[parameter_bridge-18] Exception sending a multicast message:Network is unreachable
[parameter_bridge-12] Exception sending a multicast message:Network is unreachable
[parameter_bridge-2] Exception sending a multicast message:Network is unreachable
[parameter_bridge-21] Exception sending a multicast message:Network is unreachable
[parameter_bridge-18] Exception sending a multicast message:Network is unreachable
[parameter_bridge-17] Exception sending a multicast message:Network is unreachable
[parameter_bridge-19] Exception sending a multicast message:Network is unreachable
[parameter_bridge-28] Exception sending a multicast message:Network is unreachable
[parameter_bridge-14] Exception sending a multicast message:Network is unreachable
[parameter_bridge-17] Exception sending a multicast message:Network is unreachable
[parameter_bridge-29] Exception sending a multicast message:Network is unreachable
[parameter_bridge-13] Exception sending a multicast message:Network is unreachable
[parameter_bridge-16] Exception sending a multicast message:Network is unreachable
[parameter_bridge-14] Exception sending a multicast message:Network is unreachable
[parameter_bridge-28] Exception sending a multicast message:Network is unreachable
[parameter_bridge-11] Exception sending a multicast message:Network is unreachable
[parameter_bridge-26] Exception sending a multicast message:Network is unreachable
[parameter_bridge-27] Exception sending a multicast message:Network is unreachable
[parameter_bridge-22] Exception sending a multicast message:Network is unreachable
[parameter_bridge-26] Exception sending a multicast message:Network is unreachable
[parameter_bridge-11] Exception sending a multicast message:Network is unreachable
[parameter_bridge-22] Exception sending a multicast message:Network is unreachable
[parameter_bridge-21] Exception sending a multicast message:Network is unreachable
[parameter_bridge-10] Exception sending a multicast message:Network is unreachable
[parameter_bridge-19] Exception sending a multicast message:Network is unreachable
[parameter_bridge-24] Exception sending a multicast message:Network is unreachable
[parameter_bridge-20] Exception sending a multicast message:Network is unreachable
[parameter_bridge-15] Exception sending a multicast message:Network is unreachable
[parameter_bridge-9] Exception sending a multicast message:Network is unreachable
[parameter_bridge-9] Exception sending a multicast message:Network is unreachable
[parameter_bridge-29] Exception sending a multicast message:Network is unreachable
[parameter_bridge-15] Exception sending a multicast message:Network is unreachable
[parameter_bridge-25] Exception sending a multicast message:Network is unreachable
[parameter_bridge-16] Exception sending a multicast message:Network is unreachable
[gazebo-1] Exception sending a multicast message:网络不可达
[gazebo-1] Exception sending a multicast message:网络不可达
[gazebo-1] Exception sending a multicast message:网络不可达
[gazebo-1] Exception sending a multicast message:网络不可达
[parameter_bridge-25] Exception sending a multicast message:Network is unreachable
[parameter_bridge-25] Exception sending a multicast message:Network is unreachable
[parameter_bridge-25] Exception sending a multicast message:Network is unreachable
[gazebo-1] Exception sending a multicast message:网络不可达
[gazebo-1] Exception sending a multicast message:网络不可达
[gazebo-1] Exception sending a multicast message:网络不可达
[gazebo-1] Exception sending a multicast message:网络不可达
[parameter_bridge-27] Exception sending a multicast message:Network is unreachable
[parameter_bridge-27] Exception sending a multicast message:Network is unreachable
[parameter_bridge-27] Exception sending a multicast message:Network is unreachable
[parameter_bridge-27] Exception sending a multicast message:Network is unreachable
[parameter_bridge-27] Exception sending a multicast message:Network is unreachable
[parameter_bridge-27] Exception sending a multicast message:Network is unreachable
[parameter_bridge-27] Exception sending a multicast message:Network is unreachable
[parameter_bridge-27] Exception sending a multicast message:Network is unreachable
[gazebo-1] Exception sending a multicast message:Network is unreachable
[gazebo-1] Exception sending a multicast message:Network is unreachable
[gazebo-1] Exception sending a multicast message:Network is unreachable
[gazebo-1] Exception sending a multicast message:Network is unreachable
[gazebo-1] Exception sending a multicast message:Network is unreachable
[gazebo-1] Exception sending a multicast message:Network is unreachable
[gazebo-1] Exception sending a multicast message:Network is unreachable
[gazebo-1] Exception sending a multicast message:Network is unreachable
[gazebo-1] Exception sending a multicast message:Network is unreachable
[gazebo-1] Exception sending a multicast message:Network is unreachable
[gazebo-1] Exception sending a multicast message:Network is unreachable
[gazebo-1] Exception sending a multicast message:Network is unreachable
[gazebo-1] Exception sending a multicast message:Network is unreachable
[gazebo-1] Exception sending a multicast message:Network is unreachable
[gazebo-1] Exception sending a multicast message:Network is unreachable
[gazebo-1] Exception sending a multicast message:Network is unreachable
[gazebo-1] Exception sending a multicast message:Network is unreachable
[gazebo-1] Exception sending a multicast message:Network is unreachable
[gazebo-1] Exception sending a multicast message:Network is unreachable
[gazebo-1] Exception sending a multicast message:Network is unreachable
[gazebo-1] Exception sending a multicast message:Network is unreachable
[gazebo-1] Exception sending a multicast message:Network is unreachable
[gazebo-1] Exception sending a multicast message:Network is unreachable
[gazebo-1] Exception sending a multicast message:Network is unreachable
[gazebo-1] Exception sending a multicast message:Network is unreachable
[gazebo-1] Exception sending a multicast message:Network is unreachable
[gazebo-1] Exception sending a multicast message:Network is unreachable
[gazebo-1] Exception sending a multicast message:Network is unreachable
[gazebo-1] Exception sending a multicast message:Network is unreachable
[gazebo-1] Exception sending a multicast message:Network is unreachable
[gazebo-1] Exception sending a multicast message:Network is unreachable
[gazebo-1] Exception sending a multicast message:Network is unreachable
[gazebo-1] Exception sending a multicast message:Network is unreachable
[gazebo-1] Exception sending a multicast message:Network is unreachable
[gazebo-1] Exception sending a multicast message:Network is unreachable
[gazebo-1] Exception sending a multicast message:Network is unreachable
[gazebo-1] Exception sending a multicast message:Network is unreachable
[gazebo-1] Exception sending a multicast message:Network is unreachable
[gazebo-1] Exception sending a multicast message:Network is unreachable
[gazebo-1] Exception sending a multicast message:Network is unreachable
[gazebo-1] Exception sending a multicast message:Network is unreachable
[gazebo-1] Exception sending a multicast message:Network is unreachable
[gazebo-1] Exception sending a multicast message:Network is unreachable
[gazebo-1] Exception sending a multicast message:Network is unreachable
[gazebo-1] Exception sending a multicast message:Network is unreachable
[gazebo-1] Exception sending a multicast message:Network is unreachable
[gazebo-1] Exception sending a multicast message:Network is unreachable
[gazebo-1] Exception sending a multicast message:Network is unreachable
[gazebo-1] Exception sending a multicast message:Network is unreachable
[gazebo-1] Exception sending a multicast message:Network is unreachable
[gazebo-1] Exception sending a multicast message:Network is unreachable
[gazebo-1] Exception sending a multicast message:Network is unreachable
[gazebo-1] Exception sending a multicast message:Network is unreachable
[gazebo-1] Exception sending a multicast message:Network is unreachable
[gazebo-1] Exception sending a multicast message:Network is unreachable
[gazebo-1] Exception sending a multicast message:Network is unreachable
[gazebo-1] Exception sending a multicast message:Network is unreachable
[gazebo-1] Exception sending a multicast message:Network is unreachable
[gazebo-1] Exception sending a multicast message:Network is unreachable
[gazebo-1] Exception sending a multicast message:Network is unreachable
[gazebo-1] Exception sending a multicast message:Network is unreachable
[gazebo-1] Exception sending a multicast message:Network is unreachable
[gazebo-1] Exception sending a multicast message:Network is unreachable
[gazebo-1] Exception sending a multicast message:Network is unreachable
[gazebo-1] Exception sending a multicast message:Network is unreachable
[gazebo-1] Exception sending a multicast message:Network is unreachable
[gazebo-1] Exception sending a multicast message:Network is unreachable
[gazebo-1] Exception sending a multicast message:Network is unreachable
[gazebo-1] Exception sending a multicast message:Network is unreachable
[gazebo-1] Exception sending a multicast message:Network is unreachable
[gazebo-1] Exception sending a multicast message:Network is unreachable
[gazebo-1] Exception sending a multicast message:Network is unreachable
[gazebo-1] Exception sending a multicast message:Network is unreachable
[gazebo-1] Exception sending a multicast message:Network is unreachable
[gazebo-1] Exception sending a multicast message:Network is unreachable
[gazebo-1] Exception sending a multicast message:Network is unreachable
[gazebo-1] Exception sending a multicast message:Network is unreachable
[gazebo-1] Exception sending a multicast message:Network is unreachable
[gazebo-1] Exception sending a multicast message:Network is unreachable
[gazebo-1] Exception sending a multicast message:Network is unreachable
[gazebo-1] Exception sending a multicast message:Network is unreachable
[gazebo-1] Exception sending a multicast message:Network is unreachable
[gazebo-1] Exception sending a multicast message:Network is unreachable
[gazebo-1] Exception sending a multicast message:Network is unreachable
[gazebo-1] Exception sending a multicast message:Network is unreachable
[gazebo-1] Exception sending a multicast message:Network is unreachable
[gazebo-1] Exception sending a multicast message:Network is unreachable
[gazebo-1] Exception sending a multicast message:Network is unreachable
[gazebo-1] Exception sending a multicast message:Network is unreachable
[gazebo-1] Exception sending a multicast message:Network is unreachable
[gazebo-1] Exception sending a multicast message:Network is unreachable
[gazebo-1] Exception sending a multicast message:Network is unreachable
[gazebo-1] Exception sending a multicast message:Network is unreachable
[gazebo-1] Exception sending a multicast message:Network is unreachable
[gazebo-1] Exception sending a multicast message:Network is unreachable
[gazebo-1] Exception sending a multicast message:Network is unreachable
[gazebo-1] Exception sending a multicast message:Network is unreachable
[gazebo-1] Exception sending a multicast message:Network is unreachable
[gazebo-1] Exception sending a multicast message:Network is unreachable
[gazebo-1] Exception sending a multicast message:Network is unreachable
[gazebo-1] Exception sending a multicast message:Network is unreachable
[gazebo-1] Exception sending a multicast message:Network is unreachable
[gazebo-1] Exception sending a multicast message:Network is unreachable
[gazebo-1] Exception sending a multicast message:Network is unreachable
[gazebo-1] Exception sending a multicast message:Network is unreachable
[gazebo-1] Exception sending a multicast message:Network is unreachable
[gazebo-1] Exception sending a multicast message:Network is unreachable
[gazebo-1] Exception sending a multicast message:Network is unreachable
[gazebo-1] Exception sending a multicast message:Network is unreachable
[gazebo-1] Exception sending a multicast message:Network is unreachable
[gazebo-1] Exception sending a multicast message:Network is unreachable
[gazebo-1] Exception sending a multicast message:Network is unreachable
[gazebo-1] Exception sending a multicast message:Network is unreachable
[gazebo-1] Exception sending a multicast message:Network is unreachable
[gazebo-1] Exception sending a multicast message:Network is unreachable
[gazebo-1] Exception sending a multicast message:Network is unreachable
[gazebo-1] Exception sending a multicast message:Network is unreachable
[parameter_bridge-23] Exception sending a multicast message:Network is unreachable
[parameter_bridge-24] Exception sending a multicast message:Network is unreachable
[parameter_bridge-2] Exception sending a multicast message:Network is unreachable
[parameter_bridge-9] Exception sending a multicast message:Network is unreachable
[parameter_bridge-20] Exception sending a multicast message:Network is unreachable
[parameter_bridge-10] Exception sending a multicast message:Network is unreachable
[parameter_bridge-13] Exception sending a multicast message:Network is unreachable
[parameter_bridge-23] Exception sending a multicast message:Network is unreachable
[parameter_bridge-12] Exception sending a multicast message:Network is unreachable
[parameter_bridge-18] Exception sending a multicast message:Network is unreachable
[parameter_bridge-12] Exception sending a multicast message:Network is unreachable
[parameter_bridge-2] Exception sending a multicast message:Network is unreachable
[parameter_bridge-21] Exception sending a multicast message:Network is unreachable
[parameter_bridge-18] Exception sending a multicast message:Network is unreachable
[parameter_bridge-17] Exception sending a multicast message:Network is unreachable
[parameter_bridge-19] Exception sending a multicast message:Network is unreachable
[parameter_bridge-28] Exception sending a multicast message:Network is unreachable
[parameter_bridge-14] Exception sending a multicast message:Network is unreachable
[parameter_bridge-17] Exception sending a multicast message:Network is unreachable
[parameter_bridge-29] Exception sending a multicast message:Network is unreachable
[parameter_bridge-13] Exception sending a multicast message:Network is unreachable
[parameter_bridge-16] Exception sending a multicast message:Network is unreachable
[parameter_bridge-14] Exception sending a multicast message:Network is unreachable
[parameter_bridge-28] Exception sending a multicast message:Network is unreachable
[parameter_bridge-11] Exception sending a multicast message:Network is unreachable
[parameter_bridge-26] Exception sending a multicast message:Network is unreachable
[parameter_bridge-27] Exception sending a multicast message:Network is unreachable
[parameter_bridge-22] Exception sending a multicast message:Network is unreachable
[parameter_bridge-26] Exception sending a multicast message:Network is unreachable
[parameter_bridge-11] Exception sending a multicast message:Network is unreachable
[parameter_bridge-22] Exception sending a multicast message:Network is unreachable
[parameter_bridge-10] Exception sending a multicast message:Network is unreachable
[parameter_bridge-21] Exception sending a multicast message:Network is unreachable
[parameter_bridge-19] Exception sending a multicast message:Network is unreachable
[parameter_bridge-24] Exception sending a multicast message:Network is unreachable
[parameter_bridge-20] Exception sending a multicast message:Network is unreachable
[parameter_bridge-15] Exception sending a multicast message:Network is unreachable
[parameter_bridge-9] Exception sending a multicast message:Network is unreachable
[parameter_bridge-9] Exception sending a multicast message:Network is unreachable
[parameter_bridge-29] Exception sending a multicast message:Network is unreachable
[parameter_bridge-15] Exception sending a multicast message:Network is unreachable
[parameter_bridge-25] Exception sending a multicast message:Network is unreachable
[parameter_bridge-16] Exception sending a multicast message:Network is unreachable
[gazebo-1] Exception sending a multicast message:网络不可达
[gazebo-1] Exception sending a multicast message:网络不可达
[gazebo-1] Exception sending a multicast message:网络不可达
[gazebo-1] Exception sending a multicast message:网络不可达
[parameter_bridge-25] Exception sending a multicast message:Network is unreachable
[parameter_bridge-25] Exception sending a multicast message:Network is unreachable
[parameter_bridge-25] Exception sending a multicast message:Network is unreachable
[gazebo-1] Exception sending a multicast message:网络不可达
[gazebo-1] Exception sending a multicast message:网络不可达
[gazebo-1] Exception sending a multicast message:网络不可达
[gazebo-1] Exception sending a multicast message:网络不可达
[parameter_bridge-27] Exception sending a multicast message:Network is unreachable
[parameter_bridge-27] Exception sending a multicast message:Network is unreachable
[parameter_bridge-27] Exception sending a multicast message:Network is unreachable
[parameter_bridge-27] Exception sending a multicast message:Network is unreachable
[parameter_bridge-27] Exception sending a multicast message:Network is unreachable
[parameter_bridge-27] Exception sending a multicast message:Network is unreachable
[parameter_bridge-27] Exception sending a multicast message:Network is unreachable
[parameter_bridge-27] Exception sending a multicast message:Network is unreachable
[gazebo-1] Exception sending a multicast message:Network is unreachable
[gazebo-1] Exception sending a multicast message:Network is unreachable
[gazebo-1] Exception sending a multicast message:Network is unreachable
[gazebo-1] Exception sending a multicast message:Network is unreachable
[gazebo-1] Exception sending a multicast message:Network is unreachable
[gazebo-1] Exception sending a multicast message:Network is unreachable
[gazebo-1] Exception sending a multicast message:Network is unreachable
[gazebo-1] Exception sending a multicast message:Network is unreachable
[gazebo-1] Exception sending a multicast message:Network is unreachable
[gazebo-1] Exception sending a multicast message:Network is unreachable
[gazebo-1] Exception sending a multicast message:Network is unreachable
[gazebo-1] Exception sending a multicast message:Network is unreachable
[gazebo-1] Exception sending a multicast message:Network is unreachable
[gazebo-1] Exception sending a multicast message:Network is unreachable
[gazebo-1] Exception sending a multicast message:Network is unreachable
[gazebo-1] Exception sending a multicast message:Network is unreachable
[gazebo-1] Exception sending a multicast message:Network is unreachable
[gazebo-1] Exception sending a multicast message:Network is unreachable
[gazebo-1] Exception sending a multicast message:Network is unreachable
[gazebo-1] Exception sending a multicast message:Network is unreachable
[gazebo-1] Exception sending a multicast message:Network is unreachable
[gazebo-1] Exception sending a multicast message:Network is unreachable
[gazebo-1] Exception sending a multicast message:Network is unreachable
[gazebo-1] Exception sending a multicast message:Network is unreachable
[gazebo-1] Exception sending a multicast message:Network is unreachable
[gazebo-1] Exception sending a multicast message:Network is unreachable
[gazebo-1] Exception sending a multicast message:Network is unreachable
[gazebo-1] Exception sending a multicast message:Network is unreachable
[gazebo-1] Exception sending a multicast message:Network is unreachable
[gazebo-1] Exception sending a multicast message:Network is unreachable
[gazebo-1] Exception sending a multicast message:Network is unreachable
[gazebo-1] Exception sending a multicast message:Network is unreachable
[gazebo-1] Exception sending a multicast message:Network is unreachable
[gazebo-1] Exception sending a multicast message:Network is unreachable
[gazebo-1] Exception sending a multicast message:Network is unreachable
[gazebo-1] Exception sending a multicast message:Network is unreachable
[gazebo-1] Exception sending a multicast message:Network is unreachable
[gazebo-1] Exception sending a multicast message:Network is unreachable
[gazebo-1] Exception sending a multicast message:Network is unreachable
[gazebo-1] Exception sending a multicast message:Network is unreachable
[gazebo-1] Exception sending a multicast message:Network is unreachable
[gazebo-1] Exception sending a multicast message:Network is unreachable
[gazebo-1] Exception sending a multicast message:Network is unreachable
[gazebo-1] Exception sending a multicast message:Network is unreachable
[gazebo-1] Exception sending a multicast message:Network is unreachable
[gazebo-1] Exception sending a multicast message:Network is unreachable
[gazebo-1] Exception sending a multicast message:Network is unreachable
[gazebo-1] Exception sending a multicast message:Network is unreachable
[gazebo-1] Exception sending a multicast message:Network is unreachable
[gazebo-1] Exception sending a multicast message:Network is unreachable
[gazebo-1] Exception sending a multicast message:Network is unreachable
[gazebo-1] Exception sending a multicast message:Network is unreachable
[gazebo-1] Exception sending a multicast message:Network is unreachable
[gazebo-1] Exception sending a multicast message:Network is unreachable
[gazebo-1] Exception sending a multicast message:Network is unreachable
[gazebo-1] Exception sending a multicast message:Network is unreachable
[gazebo-1] Exception sending a multicast message:Network is unreachable
[gazebo-1] Exception sending a multicast message:Network is unreachable
[gazebo-1] Exception sending a multicast message:Network is unreachable
[gazebo-1] Exception sending a multicast message:Network is unreachable
[gazebo-1] Exception sending a multicast message:Network is unreachable
[gazebo-1] Exception sending a multicast message:Network is unreachable
[gazebo-1] Exception sending a multicast message:Network is unreachable
[gazebo-1] Exception sending a multicast message:Network is unreachable
[gazebo-1] Exception sending a multicast message:Network is unreachable
[gazebo-1] Exception sending a multicast message:Network is unreachable
[gazebo-1] Exception sending a multicast message:Network is unreachable
[gazebo-1] Exception sending a multicast message:Network is unreachable
[gazebo-1] Exception sending a multicast message:Network is unreachable
[gazebo-1] Exception sending a multicast message:Network is unreachable
[gazebo-1] Exception sending a multicast message:Network is unreachable
[gazebo-1] Exception sending a multicast message:Network is unreachable
[gazebo-1] Exception sending a multicast message:Network is unreachable
[gazebo-1] Exception sending a multicast message:Network is unreachable
[gazebo-1] Exception sending a multicast message:Network is unreachable
[gazebo-1] Exception sending a multicast message:Network is unreachable
[gazebo-1] Exception sending a multicast message:Network is unreachable
[gazebo-1] Exception sending a multicast message:Network is unreachable
[gazebo-1] Exception sending a multicast message:Network is unreachable
[gazebo-1] Exception sending a multicast message:Network is unreachable
[gazebo-1] Exception sending a multicast message:Network is unreachable
[gazebo-1] Exception sending a multicast message:Network is unreachable
[gazebo-1] Exception sending a multicast message:Network is unreachable
[gazebo-1] Exception sending a multicast message:Network is unreachable
[gazebo-1] Exception sending a multicast message:Network is unreachable
[gazebo-1] Exception sending a multicast message:Network is unreachable
[gazebo-1] Exception sending a multicast message:Network is unreachable
[gazebo-1] Exception sending a multicast message:Network is unreachable
[gazebo-1] Exception sending a multicast message:Network is unreachable
[gazebo-1] Exception sending a multicast message:Network is unreachable
[gazebo-1] Exception sending a multicast message:Network is unreachable
[gazebo-1] Exception sending a multicast message:Network is unreachable
[gazebo-1] Exception sending a multicast message:Network is unreachable
[gazebo-1] Exception sending a multicast message:Network is unreachable
[gazebo-1] Exception sending a multicast message:Network is unreachable
[gazebo-1] Exception sending a multicast message:Network is unreachable
[gazebo-1] Exception sending a multicast message:Network is unreachable
[gazebo-1] Exception sending a multicast message:Network is unreachable
[gazebo-1] Exception sending a multicast message:Network is unreachable
[gazebo-1] Exception sending a multicast message:Network is unreachable
[gazebo-1] Exception sending a multicast message:Network is unreachable
[gazebo-1] Exception sending a multicast message:Network is unreachable
[gazebo-1] Exception sending a multicast message:Network is unreachable
[gazebo-1] Exception sending a multicast message:Network is unreachable
[gazebo-1] Exception sending a multicast message:Network is unreachable
[gazebo-1] Exception sending a multicast message:Network is unreachable
[gazebo-1] Exception sending a multicast message:Network is unreachable
[gazebo-1] Exception sending a multicast message:Network is unreachable
[gazebo-1] Exception sending a multicast message:Network is unreachable
[gazebo-1] Exception sending a multicast message:Network is unreachable
[gazebo-1] Exception sending a multicast message:Network is unreachable
[gazebo-1] Exception sending a multicast message:Network is unreachable
[gazebo-1] Exception sending a multicast message:Network is unreachable
[gazebo-1] Exception sending a multicast message:Network is unreachable
[gazebo-1] Exception sending a multicast message:Network is unreachable
[gazebo-1] Exception sending a multicast message:Network is unreachable
[gazebo-1] Exception sending a multicast message:Network is unreachable
[parameter_bridge-2] Exception sending a multicast message:Network is unreachable
[parameter_bridge-14] Exception sending a multicast message:Network is unreachable
[parameter_bridge-12] Exception sending a multicast message:Network is unreachable
[parameter_bridge-13] Exception sending a multicast message:Network is unreachable
[parameter_bridge-19] Exception sending a multicast message:Network is unreachable
[parameter_bridge-21] Exception sending a multicast message:Network is unreachable
[parameter_bridge-14] Exception sending a multicast message:Network is unreachable
[parameter_bridge-26] Exception sending a multicast message:Network is unreachable
[parameter_bridge-16] Exception sending a multicast message:Network is unreachable
[parameter_bridge-27] Exception sending a multicast message:Network is unreachable
[parameter_bridge-28] Exception sending a multicast message:Network is unreachable
[parameter_bridge-23] Exception sending a multicast message:Network is unreachable
[parameter_bridge-15] Exception sending a multicast message:Network is unreachable
[parameter_bridge-28] Exception sending a multicast message:Network is unreachable
[parameter_bridge-17] Exception sending a multicast message:Network is unreachable
[parameter_bridge-16] Exception sending a multicast message:Network is unreachable
[parameter_bridge-23] Exception sending a multicast message:Network is unreachable
[parameter_bridge-26] Exception sending a multicast message:Network is unreachable
[parameter_bridge-11] Exception sending a multicast message:Network is unreachable
[parameter_bridge-20] Exception sending a multicast message:Network is unreachable
[gazebo-1] Exception sending a multicast message:网络不可达
[gazebo-1] Exception sending a multicast message:网络不可达
[gazebo-1] Exception sending a multicast message:网络不可达
[gazebo-1] Exception sending a multicast message:网络不可达
[gazebo-1] Exception sending a multicast message:Network is unreachable
[gazebo-1] Exception sending a multicast message:Network is unreachable
[gazebo-1] Exception sending a multicast message:Network is unreachable
[gazebo-1] Exception sending a multicast message:Network is unreachable
[gazebo-1] Exception sending a multicast message:Network is unreachable
[gazebo-1] Exception sending a multicast message:Network is unreachable
[gazebo-1] Exception sending a multicast message:Network is unreachable
[gazebo-1] Exception sending a multicast message:Network is unreachable
[gazebo-1] Exception sending a multicast message:Network is unreachable
[gazebo-1] Exception sending a multicast message:Network is unreachable
[gazebo-1] Exception sending a multicast message:Network is unreachable
[gazebo-1] Exception sending a multicast message:Network is unreachable
[gazebo-1] Exception sending a multicast message:Network is unreachable
[gazebo-1] Exception sending a multicast message:Network is unreachable
[gazebo-1] Exception sending a multicast message:Network is unreachable
[gazebo-1] Exception sending a multicast message:Network is unreachable
[gazebo-1] Exception sending a multicast message:Network is unreachable
[gazebo-1] Exception sending a multicast message:Network is unreachable
[gazebo-1] Exception sending a multicast message:Network is unreachable
[gazebo-1] Exception sending a multicast message:Network is unreachable
[gazebo-1] Exception sending a multicast message:Network is unreachable
[gazebo-1] Exception sending a multicast message:Network is unreachable
[gazebo-1] Exception sending a multicast message:Network is unreachable
[gazebo-1] Exception sending a multicast message:Network is unreachable
[gazebo-1] Exception sending a multicast message:Network is unreachable
[gazebo-1] Exception sending a multicast message:Network is unreachable
[gazebo-1] Exception sending a multicast message:Network is unreachable
[gazebo-1] Exception sending a multicast message:Network is unreachable
[gazebo-1] Exception sending a multicast message:Network is unreachable
[gazebo-1] Exception sending a multicast message:Network is unreachable
[gazebo-1] Exception sending a multicast message:Network is unreachable
[gazebo-1] Exception sending a multicast message:Network is unreachable
[gazebo-1] Exception sending a multicast message:Network is unreachable
[gazebo-1] Exception sending a multicast message:Network is unreachable
[gazebo-1] Exception sending a multicast message:Network is unreachable
[gazebo-1] Exception sending a multicast message:Network is unreachable
[gazebo-1] Exception sending a multicast message:Network is unreachable
[gazebo-1] Exception sending a multicast message:Network is unreachable
[gazebo-1] Exception sending a multicast message:Network is unreachable
[gazebo-1] Exception sending a multicast message:Network is unreachable
[gazebo-1] Exception sending a multicast message:Network is unreachable
[gazebo-1] Exception sending a multicast message:Network is unreachable
[gazebo-1] Exception sending a multicast message:Network is unreachable
[gazebo-1] Exception sending a multicast message:Network is unreachable
[gazebo-1] Exception sending a multicast message:Network is unreachable
[gazebo-1] Exception sending a multicast message:Network is unreachable
[gazebo-1] Exception sending a multicast message:Network is unreachable
[gazebo-1] Exception sending a multicast message:Network is unreachable
[gazebo-1] Exception sending a multicast message:Network is unreachable
[gazebo-1] Exception sending a multicast message:Network is unreachable
[gazebo-1] Exception sending a multicast message:Network is unreachable
[gazebo-1] Exception sending a multicast message:Network is unreachable
[parameter_bridge-2] Exception sending a multicast message:Network is unreachable
[parameter_bridge-27] Exception sending a multicast message:Network is unreachable
[parameter_bridge-27] Exception sending a multicast message:Network is unreachable
[parameter_bridge-27] Exception sending a multicast message:Network is unreachable
[parameter_bridge-27] Exception sending a multicast message:Network is unreachable
[parameter_bridge-27] Exception sending a multicast message:Network is unreachable
[parameter_bridge-27] Exception sending a multicast message:Network is unreachable
[parameter_bridge-27] Exception sending a multicast message:Network is unreachable
[parameter_bridge-27] Exception sending a multicast message:Network is unreachable
[parameter_bridge-9] Exception sending a multicast message:Network is unreachable
[parameter_bridge-9] Exception sending a multicast message:Network is unreachable
[parameter_bridge-9] Exception sending a multicast message:Network is unreachable
[parameter_bridge-10] Exception sending a multicast message:Network is unreachable
[parameter_bridge-11] Exception sending a multicast message:Network is unreachable
[parameter_bridge-19] Exception sending a multicast message:Network is unreachable
[parameter_bridge-12] Exception sending a multicast message:Network is unreachable
[parameter_bridge-13] Exception sending a multicast message:Network is unreachable
[parameter_bridge-22] Exception sending a multicast message:Network is unreachable
[parameter_bridge-18] Exception sending a multicast message:Network is unreachable
[parameter_bridge-15] Exception sending a multicast message:Network is unreachable
[parameter_bridge-17] Exception sending a multicast message:Network is unreachable
[parameter_bridge-24] Exception sending a multicast message:Network is unreachable
[parameter_bridge-20] Exception sending a multicast message:Network is unreachable
[parameter_bridge-25] Exception sending a multicast message:Network is unreachable
[parameter_bridge-29] Exception sending a multicast message:Network is unreachable
[gazebo-1] Exception sending a multicast message:Network is unreachable
[gazebo-1] Exception sending a multicast message:Network is unreachable
[gazebo-1] Exception sending a multicast message:Network is unreachable
[gazebo-1] Exception sending a multicast message:Network is unreachable
[gazebo-1] Exception sending a multicast message:Network is unreachable
[gazebo-1] Exception sending a multicast message:Network is unreachable
[gazebo-1] Exception sending a multicast message:Network is unreachable
[gazebo-1] Exception sending a multicast message:Network is unreachable
[gazebo-1] Exception sending a multicast message:Network is unreachable
[gazebo-1] Exception sending a multicast message:Network is unreachable
[gazebo-1] Exception sending a multicast message:Network is unreachable
[gazebo-1] Exception sending a multicast message:Network is unreachable
[gazebo-1] Exception sending a multicast message:Network is unreachable
[gazebo-1] Exception sending a multicast message:Network is unreachable
[gazebo-1] Exception sending a multicast message:Network is unreachable
[gazebo-1] Exception sending a multicast message:Network is unreachable
[gazebo-1] Exception sending a multicast message:Network is unreachable
[gazebo-1] Exception sending a multicast message:Network is unreachable
[gazebo-1] Exception sending a multicast message:Network is unreachable
[gazebo-1] Exception sending a multicast message:Network is unreachable
[gazebo-1] Exception sending a multicast message:Network is unreachable
[gazebo-1] Exception sending a multicast message:Network is unreachable
[gazebo-1] Exception sending a multicast message:Network is unreachable
[gazebo-1] Exception sending a multicast message:Network is unreachable
[gazebo-1] Exception sending a multicast message:Network is unreachable
[gazebo-1] Exception sending a multicast message:Network is unreachable
[gazebo-1] Exception sending a multicast message:Network is unreachable
[gazebo-1] Exception sending a multicast message:Network is unreachable
[gazebo-1] Exception sending a multicast message:Network is unreachable
[gazebo-1] Exception sending a multicast message:Network is unreachable
[gazebo-1] Exception sending a multicast message:Network is unreachable
[gazebo-1] Exception sending a multicast message:Network is unreachable
[gazebo-1] Exception sending a multicast message:Network is unreachable
[gazebo-1] Exception sending a multicast message:Network is unreachable
[parameter_bridge-21] Exception sending a multicast message:Network is unreachable
[gazebo-1] Exception sending a multicast message:网络不可达
[gazebo-1] Exception sending a multicast message:网络不可达
[gazebo-1] Exception sending a multicast message:网络不可达
[gazebo-1] Exception sending a multicast message:网络不可达
[parameter_bridge-29] Exception sending a multicast message:Network is unreachable
[parameter_bridge-25] Exception sending a multicast message:Network is unreachable
[parameter_bridge-25] Exception sending a multicast message:Network is unreachable
[parameter_bridge-25] Exception sending a multicast message:Network is unreachable
[parameter_bridge-10] Exception sending a multicast message:Network is unreachable
[parameter_bridge-18] Exception sending a multicast message:Network is unreachable
[gazebo-1] Exception sending a multicast message:Network is unreachable
[gazebo-1] Exception sending a multicast message:Network is unreachable
[gazebo-1] Exception sending a multicast message:Network is unreachable
[gazebo-1] Exception sending a multicast message:Network is unreachable
[gazebo-1] Exception sending a multicast message:Network is unreachable
[gazebo-1] Exception sending a multicast message:Network is unreachable
[gazebo-1] Exception sending a multicast message:Network is unreachable
[gazebo-1] Exception sending a multicast message:Network is unreachable
[gazebo-1] Exception sending a multicast message:Network is unreachable
[gazebo-1] Exception sending a multicast message:Network is unreachable
[gazebo-1] Exception sending a multicast message:Network is unreachable
[gazebo-1] Exception sending a multicast message:Network is unreachable
[gazebo-1] Exception sending a multicast message:Network is unreachable
[gazebo-1] Exception sending a multicast message:Network is unreachable
[gazebo-1] Exception sending a multicast message:Network is unreachable
[gazebo-1] Exception sending a multicast message:Network is unreachable
[gazebo-1] Exception sending a multicast message:Network is unreachable
[gazebo-1] Exception sending a multicast message:Network is unreachable
[gazebo-1] Exception sending a multicast message:Network is unreachable
[parameter_bridge-24] Exception sending a multicast message:Network is unreachable
[parameter_bridge-22] Exception sending a multicast message:Network is unreachable
[gazebo-1] Exception sending a multicast message:Network is unreachable
[gazebo-1] Exception sending a multicast message:Network is unreachable
[gazebo-1] Exception sending a multicast message:Network is unreachable
[gazebo-1] Exception sending a multicast message:Network is unreachable
[gazebo-1] Exception sending a multicast message:Network is unreachable
[gazebo-1] Exception sending a multicast message:Network is unreachable
[gazebo-1] Exception sending a multicast message:Network is unreachable
[gazebo-1] Exception sending a multicast message:Network is unreachable
[gazebo-1] Exception sending a multicast message:Network is unreachable
[gazebo-1] Exception sending a multicast message:Network is unreachable
[gazebo-1] Exception sending a multicast message:Network is unreachable
[gazebo-1] Exception sending a multicast message:Network is unreachable
[parameter_bridge-2] Exception sending a multicast message:Network is unreachable
[parameter_bridge-14] Exception sending a multicast message:Network is unreachable
[parameter_bridge-12] Exception sending a multicast message:Network is unreachable
[parameter_bridge-13] Exception sending a multicast message:Network is unreachable
[parameter_bridge-19] Exception sending a multicast message:Network is unreachable
[parameter_bridge-14] Exception sending a multicast message:Network is unreachable
[parameter_bridge-21] Exception sending a multicast message:Network is unreachable
[parameter_bridge-26] Exception sending a multicast message:Network is unreachable
[parameter_bridge-16] Exception sending a multicast message:Network is unreachable
[parameter_bridge-27] Exception sending a multicast message:Network is unreachable
[parameter_bridge-28] Exception sending a multicast message:Network is unreachable
[parameter_bridge-23] Exception sending a multicast message:Network is unreachable
[parameter_bridge-15] Exception sending a multicast message:Network is unreachable
[parameter_bridge-28] Exception sending a multicast message:Network is unreachable
[parameter_bridge-17] Exception sending a multicast message:Network is unreachable
[parameter_bridge-16] Exception sending a multicast message:Network is unreachable
[parameter_bridge-23] Exception sending a multicast message:Network is unreachable
[parameter_bridge-20] Exception sending a multicast message:Network is unreachable
[parameter_bridge-11] Exception sending a multicast message:Network is unreachable
[parameter_bridge-11] Exception sending a multicast message:Network is unreachable
[parameter_bridge-26] Exception sending a multicast message:Network is unreachable
[gazebo-1] Exception sending a multicast message:网络不可达
[gazebo-1] Exception sending a multicast message:网络不可达
[gazebo-1] Exception sending a multicast message:网络不可达
[gazebo-1] Exception sending a multicast message:网络不可达
[parameter_bridge-2] Exception sending a multicast message:Network is unreachable
[parameter_bridge-27] Exception sending a multicast message:Network is unreachable
[parameter_bridge-27] Exception sending a multicast message:Network is unreachable
[parameter_bridge-27] Exception sending a multicast message:Network is unreachable
[parameter_bridge-27] Exception sending a multicast message:Network is unreachable
[parameter_bridge-27] Exception sending a multicast message:Network is unreachable
[parameter_bridge-27] Exception sending a multicast message:Network is unreachable
[parameter_bridge-27] Exception sending a multicast message:Network is unreachable
[parameter_bridge-27] Exception sending a multicast message:Network is unreachable
[parameter_bridge-9] Exception sending a multicast message:Network is unreachable
[parameter_bridge-10] Exception sending a multicast message:Network is unreachable
[parameter_bridge-19] Exception sending a multicast message:Network is unreachable
[parameter_bridge-12] Exception sending a multicast message:Network is unreachable
[parameter_bridge-13] Exception sending a multicast message:Network is unreachable
[parameter_bridge-22] Exception sending a multicast message:Network is unreachable
[parameter_bridge-18] Exception sending a multicast message:Network is unreachable
[parameter_bridge-15] Exception sending a multicast message:Network is unreachable
[parameter_bridge-17] Exception sending a multicast message:Network is unreachable
[parameter_bridge-24] Exception sending a multicast message:Network is unreachable
[parameter_bridge-20] Exception sending a multicast message:Network is unreachable
[parameter_bridge-25] Exception sending a multicast message:Network is unreachable
[gazebo-1] Exception sending a multicast message:Network is unreachable
[gazebo-1] Exception sending a multicast message:Network is unreachable
[gazebo-1] Exception sending a multicast message:Network is unreachable
[gazebo-1] Exception sending a multicast message:Network is unreachable
[gazebo-1] Exception sending a multicast message:Network is unreachable
[gazebo-1] Exception sending a multicast message:Network is unreachable
[gazebo-1] Exception sending a multicast message:Network is unreachable
[gazebo-1] Exception sending a multicast message:Network is unreachable
[gazebo-1] Exception sending a multicast message:Network is unreachable
[gazebo-1] Exception sending a multicast message:Network is unreachable
[gazebo-1] Exception sending a multicast message:Network is unreachable
[gazebo-1] Exception sending a multicast message:Network is unreachable
[gazebo-1] Exception sending a multicast message:Network is unreachable
[gazebo-1] Exception sending a multicast message:Network is unreachable
[gazebo-1] Exception sending a multicast message:Network is unreachable
[parameter_bridge-29] Exception sending a multicast message:Network is unreachable
[gazebo-1] Exception sending a multicast message:Network is unreachable
[gazebo-1] Exception sending a multicast message:Network is unreachable
[gazebo-1] Exception sending a multicast message:Network is unreachable
[gazebo-1] Exception sending a multicast message:Network is unreachable
[gazebo-1] Exception sending a multicast message:Network is unreachable
[gazebo-1] Exception sending a multicast message:Network is unreachable
[gazebo-1] Exception sending a multicast message:Network is unreachable
[gazebo-1] Exception sending a multicast message:Network is unreachable
[gazebo-1] Exception sending a multicast message:Network is unreachable
[gazebo-1] Exception sending a multicast message:Network is unreachable
[gazebo-1] Exception sending a multicast message:Network is unreachable
[gazebo-1] Exception sending a multicast message:Network is unreachable
[gazebo-1] Exception sending a multicast message:Network is unreachable
[gazebo-1] Exception sending a multicast message:Network is unreachable
[gazebo-1] Exception sending a multicast message:Network is unreachable
[gazebo-1] Exception sending a multicast message:Network is unreachable
[gazebo-1] Exception sending a multicast message:Network is unreachable
[gazebo-1] Exception sending a multicast message:Network is unreachable
[gazebo-1] Exception sending a multicast message:Network is unreachable
[gazebo-1] Exception sending a multicast message:Network is unreachable
[gazebo-1] Exception sending a multicast message:Network is unreachable
[gazebo-1] Exception sending a multicast message:Network is unreachable
[gazebo-1] Exception sending a multicast message:Network is unreachable
[gazebo-1] Exception sending a multicast message:Network is unreachable
[gazebo-1] Exception sending a multicast message:Network is unreachable
[gazebo-1] Exception sending a multicast message:Network is unreachable
[gazebo-1] Exception sending a multicast message:Network is unreachable
[gazebo-1] Exception sending a multicast message:Network is unreachable
[gazebo-1] Exception sending a multicast message:Network is unreachable
[gazebo-1] Exception sending a multicast message:Network is unreachable
[gazebo-1] Exception sending a multicast message:Network is unreachable
[gazebo-1] Exception sending a multicast message:Network is unreachable
[gazebo-1] Exception sending a multicast message:Network is unreachable
[gazebo-1] Exception sending a multicast message:Network is unreachable
[gazebo-1] Exception sending a multicast message:Network is unreachable
[gazebo-1] Exception sending a multicast message:Network is unreachable
[parameter_bridge-9] Exception sending a multicast message:Network is unreachable
[parameter_bridge-9] Exception sending a multicast message:Network is unreachable
[parameter_bridge-21] Exception sending a multicast message:Network is unreachable
[parameter_bridge-29] Exception sending a multicast message:Network is unreachable
[gazebo-1] Exception sending a multicast message:网络不可达
[gazebo-1] Exception sending a multicast message:网络不可达
[gazebo-1] Exception sending a multicast message:网络不可达
[gazebo-1] Exception sending a multicast message:网络不可达
[parameter_bridge-25] Exception sending a multicast message:Network is unreachable
[parameter_bridge-25] Exception sending a multicast message:Network is unreachable
[parameter_bridge-25] Exception sending a multicast message:Network is unreachable
[parameter_bridge-10] Exception sending a multicast message:Network is unreachable
[parameter_bridge-18] Exception sending a multicast message:Network is unreachable
[parameter_bridge-24] Exception sending a multicast message:Network is unreachable
[parameter_bridge-22] Exception sending a multicast message:Network is unreachable
[gazebo-1] Exception sending a multicast message:Network is unreachable
[gazebo-1] Exception sending a multicast message:Network is unreachable
[gazebo-1] Exception sending a multicast message:Network is unreachable
[gazebo-1] Exception sending a multicast message:Network is unreachable
[gazebo-1] Exception sending a multicast message:Network is unreachable
[gazebo-1] Exception sending a multicast message:Network is unreachable
[gazebo-1] Exception sending a multicast message:Network is unreachable
[gazebo-1] Exception sending a multicast message:Network is unreachable
[gazebo-1] Exception sending a multicast message:Network is unreachable
[gazebo-1] Exception sending a multicast message:Network is unreachable
[gazebo-1] Exception sending a multicast message:Network is unreachable
[gazebo-1] Exception sending a multicast message:Network is unreachable
[gazebo-1] Exception sending a multicast message:Network is unreachable
[gazebo-1] Exception sending a multicast message:Network is unreachable
[gazebo-1] Exception sending a multicast message:Network is unreachable
[gazebo-1] Exception sending a multicast message:Network is unreachable
[gazebo-1] Exception sending a multicast message:Network is unreachable
[gazebo-1] Exception sending a multicast message:Network is unreachable
[gazebo-1] Exception sending a multicast message:Network is unreachable
[gazebo-1] Exception sending a multicast message:Network is unreachable
[gazebo-1] Exception sending a multicast message:Network is unreachable
[gazebo-1] Exception sending a multicast message:Network is unreachable
[gazebo-1] Exception sending a multicast message:Network is unreachable
[gazebo-1] Exception sending a multicast message:Network is unreachable
[gazebo-1] Exception sending a multicast message:Network is unreachable
[gazebo-1] Exception sending a multicast message:Network is unreachable
[gazebo-1] Exception sending a multicast message:Network is unreachable
[gazebo-1] Exception sending a multicast message:Network is unreachable
[gazebo-1] Exception sending a multicast message:Network is unreachable
[gazebo-1] Exception sending a multicast message:Network is unreachable
[gazebo-1] Exception sending a multicast message:Network is unreachable
[gazebo-1] Exception sending a multicast message:Network is unreachable
[gazebo-1] Exception sending a multicast message:Network is unreachable
[gazebo-1] Exception sending a multicast message:Network is unreachable
[gazebo-1] Exception sending a multicast message:Network is unreachable
[gazebo-1] Exception sending a multicast message:Network is unreachable
[gazebo-1] Exception sending a multicast message:Network is unreachable
[gazebo-1] Exception sending a multicast message:Network is unreachable
[gazebo-1] Exception sending a multicast message:Network is unreachable
[gazebo-1] Exception sending a multicast message:Network is unreachable
[gazebo-1] Exception sending a multicast message:Network is unreachable
[gazebo-1] Exception sending a multicast message:Network is unreachable
[gazebo-1] Exception sending a multicast message:Network is unreachable
[gazebo-1] Exception sending a multicast message:Network is unreachable
[gazebo-1] Exception sending a multicast message:Network is unreachable
[gazebo-1] Exception sending a multicast message:Network is unreachable
[gazebo-1] Exception sending a multicast message:Network is unreachable
[gazebo-1] Exception sending a multicast message:Network is unreachable
[gazebo-1] Exception sending a multicast message:Network is unreachable
[gazebo-1] Exception sending a multicast message:Network is unreachable
[gazebo-1] Exception sending a multicast message:Network is unreachable
[gazebo-1] Exception sending a multicast message:Network is unreachable
[gazebo-1] Exception sending a multicast message:Network is unreachable
[gazebo-1] Exception sending a multicast message:Network is unreachable
[gazebo-1] Exception sending a multicast message:Network is unreachable
[gazebo-1] Exception sending a multicast message:Network is unreachable
[gazebo-1] Exception sending a multicast message:Network is unreachable
[gazebo-1] Exception sending a multicast message:Network is unreachable
[gazebo-1] Exception sending a multicast message:Network is unreachable
[gazebo-1] Exception sending a multicast message:Network is unreachable
[gazebo-1] Exception sending a multicast message:Network is unreachable
[gazebo-1] Exception sending a multicast message:Network is unreachable
[gazebo-1] Exception sending a multicast message:Network is unreachable
[gazebo-1] Exception sending a multicast message:Network is unreachable
[gazebo-1] Exception sending a multicast message:Network is unreachable
[gazebo-1] Exception sending a multicast message:Network is unreachable
[parameter_bridge-2] Exception sending a multicast message:Network is unreachable
[parameter_bridge-14] Exception sending a multicast message:Network is unreachable
[parameter_bridge-12] Exception sending a multicast message:Network is unreachable
[parameter_bridge-13] Exception sending a multicast message:Network is unreachable
[parameter_bridge-14] Exception sending a multicast message:Network is unreachable
[parameter_bridge-21] Exception sending a multicast message:Network is unreachable
[parameter_bridge-19] Exception sending a multicast message:Network is unreachable
[parameter_bridge-26] Exception sending a multicast message:Network is unreachable
[parameter_bridge-16] Exception sending a multicast message:Network is unreachable
[parameter_bridge-27] Exception sending a multicast message:Network is unreachable
[parameter_bridge-28] Exception sending a multicast message:Network is unreachable
[parameter_bridge-23] Exception sending a multicast message:Network is unreachable
[parameter_bridge-15] Exception sending a multicast message:Network is unreachable
[parameter_bridge-28] Exception sending a multicast message:Network is unreachable
[parameter_bridge-17] Exception sending a multicast message:Network is unreachable
[parameter_bridge-16] Exception sending a multicast message:Network is unreachable
[parameter_bridge-23] Exception sending a multicast message:Network is unreachable
[parameter_bridge-20] Exception sending a multicast message:Network is unreachable
[parameter_bridge-11] Exception sending a multicast message:Network is unreachable
[parameter_bridge-26] Exception sending a multicast message:Network is unreachable
[gazebo-1] Exception sending a multicast message:网络不可达
[gazebo-1] Exception sending a multicast message:网络不可达
[gazebo-1] Exception sending a multicast message:网络不可达
[gazebo-1] Exception sending a multicast message:网络不可达
[parameter_bridge-2] Exception sending a multicast message:Network is unreachable
[parameter_bridge-27] Exception sending a multicast message:Network is unreachable
[parameter_bridge-27] Exception sending a multicast message:Network is unreachable
[parameter_bridge-27] Exception sending a multicast message:Network is unreachable
[parameter_bridge-27] Exception sending a multicast message:Network is unreachable
[parameter_bridge-27] Exception sending a multicast message:Network is unreachable
[parameter_bridge-27] Exception sending a multicast message:Network is unreachable
[parameter_bridge-27] Exception sending a multicast message:Network is unreachable
[parameter_bridge-27] Exception sending a multicast message:Network is unreachable
[parameter_bridge-9] Exception sending a multicast message:Network is unreachable
[parameter_bridge-10] Exception sending a multicast message:Network is unreachable
[parameter_bridge-11] Exception sending a multicast message:Network is unreachable
[parameter_bridge-19] Exception sending a multicast message:Network is unreachable
[parameter_bridge-12] Exception sending a multicast message:Network is unreachable
[parameter_bridge-13] Exception sending a multicast message:Network is unreachable
[parameter_bridge-22] Exception sending a multicast message:Network is unreachable
[parameter_bridge-18] Exception sending a multicast message:Network is unreachable
[parameter_bridge-15] Exception sending a multicast message:Network is unreachable
[parameter_bridge-17] Exception sending a multicast message:Network is unreachable
[parameter_bridge-24] Exception sending a multicast message:Network is unreachable
[parameter_bridge-20] Exception sending a multicast message:Network is unreachable
[parameter_bridge-25] Exception sending a multicast message:Network is unreachable
[parameter_bridge-29] Exception sending a multicast message:Network is unreachable
[parameter_bridge-9] Exception sending a multicast message:Network is unreachable
[parameter_bridge-9] Exception sending a multicast message:Network is unreachable
[gazebo-1] Exception sending a multicast message:Network is unreachable
[gazebo-1] Exception sending a multicast message:Network is unreachable
[gazebo-1] Exception sending a multicast message:Network is unreachable
[gazebo-1] Exception sending a multicast message:Network is unreachable
[gazebo-1] Exception sending a multicast message:Network is unreachable
[gazebo-1] Exception sending a multicast message:Network is unreachable
[gazebo-1] Exception sending a multicast message:Network is unreachable
[gazebo-1] Exception sending a multicast message:Network is unreachable
[gazebo-1] Exception sending a multicast message:Network is unreachable
[gazebo-1] Exception sending a multicast message:Network is unreachable
[gazebo-1] Exception sending a multicast message:Network is unreachable
[gazebo-1] Exception sending a multicast message:Network is unreachable
[gazebo-1] Exception sending a multicast message:Network is unreachable
[gazebo-1] Exception sending a multicast message:Network is unreachable
[gazebo-1] Exception sending a multicast message:Network is unreachable
[gazebo-1] Exception sending a multicast message:Network is unreachable
[gazebo-1] Exception sending a multicast message:Network is unreachable
[gazebo-1] Exception sending a multicast message:Network is unreachable
[gazebo-1] Exception sending a multicast message:Network is unreachable
[gazebo-1] Exception sending a multicast message:Network is unreachable
[gazebo-1] Exception sending a multicast message:Network is unreachable
[gazebo-1] Exception sending a multicast message:Network is unreachable
[gazebo-1] Exception sending a multicast message:Network is unreachable
[gazebo-1] Exception sending a multicast message:Network is unreachable
[gazebo-1] Exception sending a multicast message:Network is unreachable
[gazebo-1] Exception sending a multicast message:Network is unreachable
[gazebo-1] Exception sending a multicast message:Network is unreachable
[gazebo-1] Exception sending a multicast message:Network is unreachable
[gazebo-1] Exception sending a multicast message:Network is unreachable
[gazebo-1] Exception sending a multicast message:Network is unreachable
[gazebo-1] Exception sending a multicast message:Network is unreachable
[gazebo-1] Exception sending a multicast message:Network is unreachable
[gazebo-1] Exception sending a multicast message:Network is unreachable
[gazebo-1] Exception sending a multicast message:Network is unreachable
[gazebo-1] Exception sending a multicast message:Network is unreachable
[gazebo-1] Exception sending a multicast message:Network is unreachable
[gazebo-1] Exception sending a multicast message:Network is unreachable
[gazebo-1] Exception sending a multicast message:Network is unreachable
[gazebo-1] Exception sending a multicast message:Network is unreachable
[gazebo-1] Exception sending a multicast message:Network is unreachable
[gazebo-1] Exception sending a multicast message:Network is unreachable
[gazebo-1] Exception sending a multicast message:Network is unreachable
[gazebo-1] Exception sending a multicast message:Network is unreachable
[gazebo-1] Exception sending a multicast message:Network is unreachable
[gazebo-1] Exception sending a multicast message:Network is unreachable
[gazebo-1] Exception sending a multicast message:Network is unreachable
[gazebo-1] Exception sending a multicast message:Network is unreachable
[gazebo-1] Exception sending a multicast message:Network is unreachable
[gazebo-1] Exception sending a multicast message:Network is unreachable
[gazebo-1] Exception sending a multicast message:Network is unreachable
[gazebo-1] Exception sending a multicast message:Network is unreachable
[parameter_bridge-21] Exception sending a multicast message:Network is unreachable
[parameter_bridge-29] Exception sending a multicast message:Network is unreachable
[gazebo-1] Exception sending a multicast message:网络不可达
[gazebo-1] Exception sending a multicast message:网络不可达
[gazebo-1] Exception sending a multicast message:网络不可达
[gazebo-1] Exception sending a multicast message:网络不可达
[parameter_bridge-25] Exception sending a multicast message:Network is unreachable
[parameter_bridge-25] Exception sending a multicast message:Network is unreachable
[parameter_bridge-25] Exception sending a multicast message:Network is unreachable
[parameter_bridge-10] Exception sending a multicast message:Network is unreachable
[parameter_bridge-18] Exception sending a multicast message:Network is unreachable
[parameter_bridge-24] Exception sending a multicast message:Network is unreachable
[parameter_bridge-22] Exception sending a multicast message:Network is unreachable
[gazebo-1] Exception sending a multicast message:Network is unreachable
[gazebo-1] Exception sending a multicast message:Network is unreachable
[gazebo-1] Exception sending a multicast message:Network is unreachable
[gazebo-1] Exception sending a multicast message:Network is unreachable
[gazebo-1] Exception sending a multicast message:Network is unreachable
[gazebo-1] Exception sending a multicast message:Network is unreachable
[gazebo-1] Exception sending a multicast message:Network is unreachable
[gazebo-1] Exception sending a multicast message:Network is unreachable
[gazebo-1] Exception sending a multicast message:Network is unreachable
[gazebo-1] Exception sending a multicast message:Network is unreachable
[gazebo-1] Exception sending a multicast message:Network is unreachable
[gazebo-1] Exception sending a multicast message:Network is unreachable
[gazebo-1] Exception sending a multicast message:Network is unreachable
[gazebo-1] Exception sending a multicast message:Network is unreachable
[gazebo-1] Exception sending a multicast message:Network is unreachable
[gazebo-1] Exception sending a multicast message:Network is unreachable
[gazebo-1] Exception sending a multicast message:Network is unreachable
[gazebo-1] Exception sending a multicast message:Network is unreachable
[gazebo-1] Exception sending a multicast message:Network is unreachable
[gazebo-1] Exception sending a multicast message:Network is unreachable
[gazebo-1] Exception sending a multicast message:Network is unreachable
[gazebo-1] Exception sending a multicast message:Network is unreachable
[gazebo-1] Exception sending a multicast message:Network is unreachable
[gazebo-1] Exception sending a multicast message:Network is unreachable
[gazebo-1] Exception sending a multicast message:Network is unreachable
[gazebo-1] Exception sending a multicast message:Network is unreachable
[gazebo-1] Exception sending a multicast message:Network is unreachable
[gazebo-1] Exception sending a multicast message:Network is unreachable
[gazebo-1] Exception sending a multicast message:Network is unreachable
[gazebo-1] Exception sending a multicast message:Network is unreachable
[gazebo-1] Exception sending a multicast message:Network is unreachable
[gazebo-1] Exception sending a multicast message:Network is unreachable
[gazebo-1] Exception sending a multicast message:Network is unreachable
[gazebo-1] Exception sending a multicast message:Network is unreachable
[gazebo-1] Exception sending a multicast message:Network is unreachable
[gazebo-1] Exception sending a multicast message:Network is unreachable
[gazebo-1] Exception sending a multicast message:Network is unreachable
[gazebo-1] Exception sending a multicast message:Network is unreachable
[gazebo-1] Exception sending a multicast message:Network is unreachable
[gazebo-1] Exception sending a multicast message:Network is unreachable
[gazebo-1] Exception sending a multicast message:Network is unreachable
[gazebo-1] Exception sending a multicast message:Network is unreachable
[gazebo-1] Exception sending a multicast message:Network is unreachable
[gazebo-1] Exception sending a multicast message:Network is unreachable
[gazebo-1] Exception sending a multicast message:Network is unreachable
[gazebo-1] Exception sending a multicast message:Network is unreachable
[gazebo-1] Exception sending a multicast message:Network is unreachable
[gazebo-1] Exception sending a multicast message:Network is unreachable
[gazebo-1] Exception sending a multicast message:Network is unreachable
[gazebo-1] Exception sending a multicast message:Network is unreachable
[gazebo-1] Exception sending a multicast message:Network is unreachable
[gazebo-1] Exception sending a multicast message:Network is unreachable
[gazebo-1] Exception sending a multicast message:Network is unreachable
[gazebo-1] Exception sending a multicast message:Network is unreachable
[gazebo-1] Exception sending a multicast message:Network is unreachable
[gazebo-1] Exception sending a multicast message:Network is unreachable
[gazebo-1] Exception sending a multicast message:Network is unreachable
[gazebo-1] Exception sending a multicast message:Network is unreachable
[gazebo-1] Exception sending a multicast message:Network is unreachable
[gazebo-1] Exception sending a multicast message:Network is unreachable
[gazebo-1] Exception sending a multicast message:Network is unreachable
[gazebo-1] Exception sending a multicast message:Network is unreachable
[gazebo-1] Exception sending a multicast message:Network is unreachable
[gazebo-1] Exception sending a multicast message:Network is unreachable
[gazebo-1] Exception sending a multicast message:Network is unreachable
[gazebo-1] Exception sending a multicast message:Network is unreachable
[parameter_bridge-2] Exception sending a multicast message:Network is unreachable
[parameter_bridge-14] Exception sending a multicast message:Network is unreachable
[parameter_bridge-12] Exception sending a multicast message:Network is unreachable
[parameter_bridge-13] Exception sending a multicast message:Network is unreachable
[parameter_bridge-14] Exception sending a multicast message:Network is unreachable
[parameter_bridge-21] Exception sending a multicast message:Network is unreachable
[parameter_bridge-19] Exception sending a multicast message:Network is unreachable
[parameter_bridge-26] Exception sending a multicast message:Network is unreachable
[parameter_bridge-16] Exception sending a multicast message:Network is unreachable
[parameter_bridge-27] Exception sending a multicast message:Network is unreachable
[parameter_bridge-28] Exception sending a multicast message:Network is unreachable
[parameter_bridge-23] Exception sending a multicast message:Network is unreachable
[parameter_bridge-15] Exception sending a multicast message:Network is unreachable
[parameter_bridge-28] Exception sending a multicast message:Network is unreachable
[parameter_bridge-17] Exception sending a multicast message:Network is unreachable
[parameter_bridge-16] Exception sending a multicast message:Network is unreachable
[parameter_bridge-23] Exception sending a multicast message:Network is unreachable
[parameter_bridge-20] Exception sending a multicast message:Network is unreachable
[parameter_bridge-11] Exception sending a multicast message:Network is unreachable
[parameter_bridge-26] Exception sending a multicast message:Network is unreachable
[parameter_bridge-2] Exception sending a multicast message:Network is unreachable
[gazebo-1] Exception sending a multicast message:网络不可达
[gazebo-1] Exception sending a multicast message:网络不可达
[gazebo-1] Exception sending a multicast message:网络不可达
[gazebo-1] Exception sending a multicast message:网络不可达
[parameter_bridge-9] Exception sending a multicast message:Network is unreachable
[parameter_bridge-9] Exception sending a multicast message:Network is unreachable
[parameter_bridge-9] Exception sending a multicast message:Network is unreachable
[parameter_bridge-12] Exception sending a multicast message:Network is unreachable
[parameter_bridge-13] Exception sending a multicast message:Network is unreachable
[parameter_bridge-22] Exception sending a multicast message:Network is unreachable
[parameter_bridge-19] Exception sending a multicast message:Network is unreachable
[parameter_bridge-24] Exception sending a multicast message:Network is unreachable
[parameter_bridge-10] Exception sending a multicast message:Network is unreachable
[parameter_bridge-11] Exception sending a multicast message:Network is unreachable
[parameter_bridge-15] Exception sending a multicast message:Network is unreachable
[parameter_bridge-20] Exception sending a multicast message:Network is unreachable
[parameter_bridge-25] Exception sending a multicast message:Network is unreachable
[parameter_bridge-29] Exception sending a multicast message:Network is unreachable
[parameter_bridge-21] Exception sending a multicast message:Network is unreachable
[parameter_bridge-27] Exception sending a multicast message:Network is unreachable
[parameter_bridge-27] Exception sending a multicast message:Network is unreachable
[parameter_bridge-27] Exception sending a multicast message:Network is unreachable
[parameter_bridge-27] Exception sending a multicast message:Network is unreachable
[parameter_bridge-27] Exception sending a multicast message:Network is unreachable
[parameter_bridge-27] Exception sending a multicast message:Network is unreachable
[parameter_bridge-27] Exception sending a multicast message:Network is unreachable
[parameter_bridge-27] Exception sending a multicast message:Network is unreachable
[parameter_bridge-18] Exception sending a multicast message:Network is unreachable
[parameter_bridge-29] Exception sending a multicast message:Network is unreachable
[gazebo-1] Exception sending a multicast message:网络不可达
[gazebo-1] Exception sending a multicast message:网络不可达
[gazebo-1] Exception sending a multicast message:网络不可达
[gazebo-1] Exception sending a multicast message:网络不可达
[parameter_bridge-17] Exception sending a multicast message:Network is unreachable
[parameter_bridge-25] Exception sending a multicast message:Network is unreachable
[parameter_bridge-25] Exception sending a multicast message:Network is unreachable
[parameter_bridge-25] Exception sending a multicast message:Network is unreachable
[parameter_bridge-10] Exception sending a multicast message:Network is unreachable
[gazebo-1] Exception sending a multicast message:Network is unreachable
[gazebo-1] Exception sending a multicast message:Network is unreachable
[gazebo-1] Exception sending a multicast message:Network is unreachable
[gazebo-1] Exception sending a multicast message:Network is unreachable
[gazebo-1] Exception sending a multicast message:Network is unreachable
[gazebo-1] Exception sending a multicast message:Network is unreachable
[gazebo-1] Exception sending a multicast message:Network is unreachable
[gazebo-1] Exception sending a multicast message:Network is unreachable
[gazebo-1] Exception sending a multicast message:Network is unreachable
[gazebo-1] Exception sending a multicast message:Network is unreachable
[gazebo-1] Exception sending a multicast message:Network is unreachable
[gazebo-1] Exception sending a multicast message:Network is unreachable
[gazebo-1] Exception sending a multicast message:Network is unreachable
[gazebo-1] Exception sending a multicast message:Network is unreachable
[gazebo-1] Exception sending a multicast message:Network is unreachable
[gazebo-1] Exception sending a multicast message:Network is unreachable
[gazebo-1] Exception sending a multicast message:Network is unreachable
[gazebo-1] Exception sending a multicast message:Network is unreachable
[gazebo-1] Exception sending a multicast message:Network is unreachable
[gazebo-1] Exception sending a multicast message:Network is unreachable
[gazebo-1] Exception sending a multicast message:Network is unreachable
[gazebo-1] Exception sending a multicast message:Network is unreachable
[gazebo-1] Exception sending a multicast message:Network is unreachable
[gazebo-1] Exception sending a multicast message:Network is unreachable
[gazebo-1] Exception sending a multicast message:Network is unreachable
[gazebo-1] Exception sending a multicast message:Network is unreachable
[gazebo-1] Exception sending a multicast message:Network is unreachable
[gazebo-1] Exception sending a multicast message:Network is unreachable
[gazebo-1] Exception sending a multicast message:Network is unreachable
[gazebo-1] Exception sending a multicast message:Network is unreachable
[gazebo-1] Exception sending a multicast message:Network is unreachable
[gazebo-1] Exception sending a multicast message:Network is unreachable
[gazebo-1] Exception sending a multicast message:Network is unreachable
[gazebo-1] Exception sending a multicast message:Network is unreachable
[gazebo-1] Exception sending a multicast message:Network is unreachable
[gazebo-1] Exception sending a multicast message:Network is unreachable
[gazebo-1] Exception sending a multicast message:Network is unreachable
[gazebo-1] Exception sending a multicast message:Network is unreachable
[gazebo-1] Exception sending a multicast message:Network is unreachable
[gazebo-1] Exception sending a multicast message:Network is unreachable
[gazebo-1] Exception sending a multicast message:Network is unreachable
[gazebo-1] Exception sending a multicast message:Network is unreachable
[gazebo-1] Exception sending a multicast message:Network is unreachable
[gazebo-1] Exception sending a multicast message:Network is unreachable
[gazebo-1] Exception sending a multicast message:Network is unreachable
[gazebo-1] Exception sending a multicast message:Network is unreachable
[gazebo-1] Exception sending a multicast message:Network is unreachable
[gazebo-1] Exception sending a multicast message:Network is unreachable
[gazebo-1] Exception sending a multicast message:Network is unreachable
[gazebo-1] Exception sending a multicast message:Network is unreachable
[gazebo-1] Exception sending a multicast message:Network is unreachable
[parameter_bridge-18] Exception sending a multicast message:Network is unreachable
[parameter_bridge-24] Exception sending a multicast message:Network is unreachable
[parameter_bridge-22] Exception sending a multicast message:Network is unreachable
[gazebo-1] Exception sending a multicast message:Network is unreachable
[gazebo-1] Exception sending a multicast message:Network is unreachable
[gazebo-1] Exception sending a multicast message:Network is unreachable
[gazebo-1] Exception sending a multicast message:Network is unreachable
[gazebo-1] Exception sending a multicast message:Network is unreachable
[gazebo-1] Exception sending a multicast message:Network is unreachable
[gazebo-1] Exception sending a multicast message:Network is unreachable
[gazebo-1] Exception sending a multicast message:Network is unreachable
[gazebo-1] Exception sending a multicast message:Network is unreachable
[gazebo-1] Exception sending a multicast message:Network is unreachable
[gazebo-1] Exception sending a multicast message:Network is unreachable
[gazebo-1] Exception sending a multicast message:Network is unreachable
[gazebo-1] Exception sending a multicast message:Network is unreachable
[gazebo-1] Exception sending a multicast message:Network is unreachable
[gazebo-1] Exception sending a multicast message:Network is unreachable
[gazebo-1] Exception sending a multicast message:Network is unreachable
[gazebo-1] Exception sending a multicast message:Network is unreachable
[gazebo-1] Exception sending a multicast message:Network is unreachable
[gazebo-1] Exception sending a multicast message:Network is unreachable
[gazebo-1] Exception sending a multicast message:Network is unreachable
[gazebo-1] Exception sending a multicast message:Network is unreachable
[gazebo-1] Exception sending a multicast message:Network is unreachable
[gazebo-1] Exception sending a multicast message:Network is unreachable
[gazebo-1] Exception sending a multicast message:Network is unreachable
[gazebo-1] Exception sending a multicast message:Network is unreachable
[gazebo-1] Exception sending a multicast message:Network is unreachable
[gazebo-1] Exception sending a multicast message:Network is unreachable
[gazebo-1] Exception sending a multicast message:Network is unreachable
[gazebo-1] Exception sending a multicast message:Network is unreachable
[gazebo-1] Exception sending a multicast message:Network is unreachable
[gazebo-1] Exception sending a multicast message:Network is unreachable
[gazebo-1] Exception sending a multicast message:Network is unreachable
[gazebo-1] Exception sending a multicast message:Network is unreachable
[gazebo-1] Exception sending a multicast message:Network is unreachable
[gazebo-1] Exception sending a multicast message:Network is unreachable
[gazebo-1] Exception sending a multicast message:Network is unreachable
[gazebo-1] Exception sending a multicast message:Network is unreachable
[gazebo-1] Exception sending a multicast message:Network is unreachable
[gazebo-1] Exception sending a multicast message:Network is unreachable
[gazebo-1] Exception sending a multicast message:Network is unreachable
[gazebo-1] Exception sending a multicast message:Network is unreachable
[gazebo-1] Exception sending a multicast message:Network is unreachable
[gazebo-1] Exception sending a multicast message:Network is unreachable
[gazebo-1] Exception sending a multicast message:Network is unreachable
[gazebo-1] Exception sending a multicast message:Network is unreachable
[gazebo-1] Exception sending a multicast message:Network is unreachable
[gazebo-1] Exception sending a multicast message:Network is unreachable
[gazebo-1] Exception sending a multicast message:Network is unreachable
[gazebo-1] Exception sending a multicast message:Network is unreachable
[gazebo-1] Exception sending a multicast message:Network is unreachable
[gazebo-1] Exception sending a multicast message:Network is unreachable
[gazebo-1] Exception sending a multicast message:Network is unreachable
[gazebo-1] Exception sending a multicast message:Network is unreachable
[gazebo-1] Exception sending a multicast message:Network is unreachable
[gazebo-1] Exception sending a multicast message:Network is unreachable
[gazebo-1] Exception sending a multicast message:Network is unreachable
[gazebo-1] Exception sending a multicast message:Network is unreachable
[gazebo-1] Exception sending a multicast message:Network is unreachable
[gazebo-1] Exception sending a multicast message:Network is unreachable
[gazebo-1] Exception sending a multicast message:Network is unreachable
[gazebo-1] Exception sending a multicast message:Network is unreachable
[gazebo-1] Exception sending a multicast message:Network is unreachable
[gazebo-1] Exception sending a multicast message:Network is unreachable
[gazebo-1] Exception sending a multicast message:Network is unreachable
[gazebo-1] Exception sending a multicast message:Network is unreachable
[gazebo-1] Exception sending a multicast message:Network is unreachable
[parameter_bridge-2] Exception sending a multicast message:Network is unreachable
[parameter_bridge-14] Exception sending a multicast message:Network is unreachable
[parameter_bridge-12] Exception sending a multicast message:Network is unreachable
[parameter_bridge-13] Exception sending a multicast message:Network is unreachable
[parameter_bridge-14] Exception sending a multicast message:Network is unreachable
[parameter_bridge-21] Exception sending a multicast message:Network is unreachable
[parameter_bridge-19] Exception sending a multicast message:Network is unreachable
[parameter_bridge-26] Exception sending a multicast message:Network is unreachable
[parameter_bridge-16] Exception sending a multicast message:Network is unreachable
[parameter_bridge-27] Exception sending a multicast message:Network is unreachable
[parameter_bridge-28] Exception sending a multicast message:Network is unreachable
[parameter_bridge-23] Exception sending a multicast message:Network is unreachable
[parameter_bridge-15] Exception sending a multicast message:Network is unreachable
[parameter_bridge-28] Exception sending a multicast message:Network is unreachable
[parameter_bridge-17] Exception sending a multicast message:Network is unreachable
[parameter_bridge-16] Exception sending a multicast message:Network is unreachable
[parameter_bridge-23] Exception sending a multicast message:Network is unreachable
[parameter_bridge-20] Exception sending a multicast message:Network is unreachable
[parameter_bridge-11] Exception sending a multicast message:Network is unreachable
[parameter_bridge-26] Exception sending a multicast message:Network is unreachable
[parameter_bridge-2] Exception sending a multicast message:Network is unreachable
[gazebo-1] Exception sending a multicast message:网络不可达
[gazebo-1] Exception sending a multicast message:网络不可达
[gazebo-1] Exception sending a multicast message:网络不可达
[gazebo-1] Exception sending a multicast message:网络不可达
[parameter_bridge-9] Exception sending a multicast message:Network is unreachable
[parameter_bridge-12] Exception sending a multicast message:Network is unreachable
[parameter_bridge-13] Exception sending a multicast message:Network is unreachable
[parameter_bridge-22] Exception sending a multicast message:Network is unreachable
[parameter_bridge-19] Exception sending a multicast message:Network is unreachable
[parameter_bridge-24] Exception sending a multicast message:Network is unreachable
[parameter_bridge-10] Exception sending a multicast message:Network is unreachable
[parameter_bridge-11] Exception sending a multicast message:Network is unreachable
[parameter_bridge-15] Exception sending a multicast message:Network is unreachable
[parameter_bridge-20] Exception sending a multicast message:Network is unreachable
[parameter_bridge-25] Exception sending a multicast message:Network is unreachable
[parameter_bridge-29] Exception sending a multicast message:Network is unreachable
[parameter_bridge-9] Exception sending a multicast message:Network is unreachable
[parameter_bridge-9] Exception sending a multicast message:Network is unreachable
[parameter_bridge-21] Exception sending a multicast message:Network is unreachable
[parameter_bridge-18] Exception sending a multicast message:Network is unreachable
[parameter_bridge-27] Exception sending a multicast message:Network is unreachable
[parameter_bridge-27] Exception sending a multicast message:Network is unreachable
[parameter_bridge-27] Exception sending a multicast message:Network is unreachable
[parameter_bridge-27] Exception sending a multicast message:Network is unreachable
[parameter_bridge-27] Exception sending a multicast message:Network is unreachable
[parameter_bridge-27] Exception sending a multicast message:Network is unreachable
[parameter_bridge-27] Exception sending a multicast message:Network is unreachable
[parameter_bridge-27] Exception sending a multicast message:Network is unreachable
[parameter_bridge-29] Exception sending a multicast message:Network is unreachable
[parameter_bridge-17] Exception sending a multicast message:Network is unreachable
[gazebo-1] Exception sending a multicast message:网络不可达
[gazebo-1] Exception sending a multicast message:网络不可达
[gazebo-1] Exception sending a multicast message:网络不可达
[gazebo-1] Exception sending a multicast message:网络不可达
[parameter_bridge-25] Exception sending a multicast message:Network is unreachable
[parameter_bridge-25] Exception sending a multicast message:Network is unreachable
[parameter_bridge-25] Exception sending a multicast message:Network is unreachable
[parameter_bridge-10] Exception sending a multicast message:Network is unreachable
[gazebo-1] Exception sending a multicast message:Network is unreachable
[gazebo-1] Exception sending a multicast message:Network is unreachable
[parameter_bridge-18] Exception sending a multicast message:Network is unreachable
[gazebo-1] Exception sending a multicast message:Network is unreachable
[gazebo-1] Exception sending a multicast message:Network is unreachable
[gazebo-1] Exception sending a multicast message:Network is unreachable
[gazebo-1] Exception sending a multicast message:Network is unreachable
[gazebo-1] Exception sending a multicast message:Network is unreachable
[gazebo-1] Exception sending a multicast message:Network is unreachable
[gazebo-1] Exception sending a multicast message:Network is unreachable
[gazebo-1] Exception sending a multicast message:Network is unreachable
[gazebo-1] Exception sending a multicast message:Network is unreachable
[gazebo-1] Exception sending a multicast message:Network is unreachable
[gazebo-1] Exception sending a multicast message:Network is unreachable
[gazebo-1] Exception sending a multicast message:Network is unreachable
[gazebo-1] Exception sending a multicast message:Network is unreachable
[gazebo-1] Exception sending a multicast message:Network is unreachable
[gazebo-1] Exception sending a multicast message:Network is unreachable
[gazebo-1] Exception sending a multicast message:Network is unreachable
[gazebo-1] Exception sending a multicast message:Network is unreachable
[gazebo-1] Exception sending a multicast message:Network is unreachable
[gazebo-1] Exception sending a multicast message:Network is unreachable
[gazebo-1] Exception sending a multicast message:Network is unreachable
[gazebo-1] Exception sending a multicast message:Network is unreachable
[gazebo-1] Exception sending a multicast message:Network is unreachable
[gazebo-1] Exception sending a multicast message:Network is unreachable
[gazebo-1] Exception sending a multicast message:Network is unreachable
[gazebo-1] Exception sending a multicast message:Network is unreachable
[gazebo-1] Exception sending a multicast message:Network is unreachable
[gazebo-1] Exception sending a multicast message:Network is unreachable
[gazebo-1] Exception sending a multicast message:Network is unreachable
[gazebo-1] Exception sending a multicast message:Network is unreachable
[gazebo-1] Exception sending a multicast message:Network is unreachable
[gazebo-1] Exception sending a multicast message:Network is unreachable
[gazebo-1] Exception sending a multicast message:Network is unreachable
[gazebo-1] Exception sending a multicast message:Network is unreachable
[gazebo-1] Exception sending a multicast message:Network is unreachable
[gazebo-1] Exception sending a multicast message:Network is unreachable
[gazebo-1] Exception sending a multicast message:Network is unreachable
[gazebo-1] Exception sending a multicast message:Network is unreachable
[gazebo-1] Exception sending a multicast message:Network is unreachable
[gazebo-1] Exception sending a multicast message:Network is unreachable
[gazebo-1] Exception sending a multicast message:Network is unreachable
[gazebo-1] Exception sending a multicast message:Network is unreachable
[gazebo-1] Exception sending a multicast message:Network is unreachable
[gazebo-1] Exception sending a multicast message:Network is unreachable
[gazebo-1] Exception sending a multicast message:Network is unreachable
[gazebo-1] Exception sending a multicast message:Network is unreachable
[gazebo-1] Exception sending a multicast message:Network is unreachable
[gazebo-1] Exception sending a multicast message:Network is unreachable
[gazebo-1] Exception sending a multicast message:Network is unreachable
[gazebo-1] Exception sending a multicast message:Network is unreachable
[parameter_bridge-24] Exception sending a multicast message:Network is unreachable
[parameter_bridge-22] Exception sending a multicast message:Network is unreachable
[gazebo-1] Exception sending a multicast message:Network is unreachable
[gazebo-1] Exception sending a multicast message:Network is unreachable
[gazebo-1] Exception sending a multicast message:Network is unreachable
[gazebo-1] Exception sending a multicast message:Network is unreachable
[gazebo-1] Exception sending a multicast message:Network is unreachable
[gazebo-1] Exception sending a multicast message:Network is unreachable
[gazebo-1] Exception sending a multicast message:Network is unreachable
[gazebo-1] Exception sending a multicast message:Network is unreachable
[gazebo-1] Exception sending a multicast message:Network is unreachable
[gazebo-1] Exception sending a multicast message:Network is unreachable
[gazebo-1] Exception sending a multicast message:Network is unreachable
[gazebo-1] Exception sending a multicast message:Network is unreachable
[gazebo-1] Exception sending a multicast message:Network is unreachable
[gazebo-1] Exception sending a multicast message:Network is unreachable
[gazebo-1] Exception sending a multicast message:Network is unreachable
[gazebo-1] Exception sending a multicast message:Network is unreachable
[gazebo-1] Exception sending a multicast message:Network is unreachable
[gazebo-1] Exception sending a multicast message:Network is unreachable
[gazebo-1] Exception sending a multicast message:Network is unreachable
[gazebo-1] Exception sending a multicast message:Network is unreachable
[gazebo-1] Exception sending a multicast message:Network is unreachable
[gazebo-1] Exception sending a multicast message:Network is unreachable
[gazebo-1] Exception sending a multicast message:Network is unreachable
[gazebo-1] Exception sending a multicast message:Network is unreachable
[gazebo-1] Exception sending a multicast message:Network is unreachable
[gazebo-1] Exception sending a multicast message:Network is unreachable
[gazebo-1] Exception sending a multicast message:Network is unreachable
[gazebo-1] Exception sending a multicast message:Network is unreachable
[gazebo-1] Exception sending a multicast message:Network is unreachable
[gazebo-1] Exception sending a multicast message:Network is unreachable
[gazebo-1] Exception sending a multicast message:Network is unreachable
[gazebo-1] Exception sending a multicast message:Network is unreachable
[gazebo-1] Exception sending a multicast message:Network is unreachable
[gazebo-1] Exception sending a multicast message:Network is unreachable
[gazebo-1] Exception sending a multicast message:Network is unreachable
[gazebo-1] Exception sending a multicast message:Network is unreachable
[gazebo-1] Exception sending a multicast message:Network is unreachable
[gazebo-1] Exception sending a multicast message:Network is unreachable
[gazebo-1] Exception sending a multicast message:Network is unreachable
[gazebo-1] Exception sending a multicast message:Network is unreachable
[gazebo-1] Exception sending a multicast message:Network is unreachable
[gazebo-1] Exception sending a multicast message:Network is unreachable
[gazebo-1] Exception sending a multicast message:Network is unreachable
[gazebo-1] Exception sending a multicast message:Network is unreachable
[gazebo-1] Exception sending a multicast message:Network is unreachable
[gazebo-1] Exception sending a multicast message:Network is unreachable
[gazebo-1] Exception sending a multicast message:Network is unreachable
[gazebo-1] Exception sending a multicast message:Network is unreachable
[gazebo-1] Exception sending a multicast message:Network is unreachable
[gazebo-1] Exception sending a multicast message:Network is unreachable
[gazebo-1] Exception sending a multicast message:Network is unreachable
[gazebo-1] Exception sending a multicast message:Network is unreachable
[gazebo-1] Exception sending a multicast message:Network is unreachable
[gazebo-1] Exception sending a multicast message:Network is unreachable
[gazebo-1] Exception sending a multicast message:Network is unreachable
[gazebo-1] Exception sending a multicast message:Network is unreachable
[gazebo-1] Exception sending a multicast message:Network is unreachable
[gazebo-1] Exception sending a multicast message:Network is unreachable
[gazebo-1] Exception sending a multicast message:Network is unreachable
[gazebo-1] Exception sending a multicast message:Network is unreachable
[gazebo-1] Exception sending a multicast message:Network is unreachable
[gazebo-1] Exception sending a multicast message:Network is unreachable
[gazebo-1] Exception sending a multicast message:Network is unreachable
[gazebo-1] Exception sending a multicast message:Network is unreachable
[gazebo-1] Exception sending a multicast message:Network is unreachable
[gazebo-1] Exception sending a multicast message:Network is unreachable
[parameter_bridge-2] Exception sending a multicast message:Network is unreachable
[parameter_bridge-14] Exception sending a multicast message:Network is unreachable
[parameter_bridge-12] Exception sending a multicast message:Network is unreachable
[parameter_bridge-13] Exception sending a multicast message:Network is unreachable
[parameter_bridge-14] Exception sending a multicast message:Network is unreachable
[parameter_bridge-21] Exception sending a multicast message:Network is unreachable
[parameter_bridge-19] Exception sending a multicast message:Network is unreachable
[parameter_bridge-26] Exception sending a multicast message:Network is unreachable
[parameter_bridge-16] Exception sending a multicast message:Network is unreachable
[parameter_bridge-27] Exception sending a multicast message:Network is unreachable
[parameter_bridge-28] Exception sending a multicast message:Network is unreachable
[parameter_bridge-23] Exception sending a multicast message:Network is unreachable
[parameter_bridge-15] Exception sending a multicast message:Network is unreachable
[parameter_bridge-28] Exception sending a multicast message:Network is unreachable
[parameter_bridge-17] Exception sending a multicast message:Network is unreachable
[parameter_bridge-16] Exception sending a multicast message:Network is unreachable
[parameter_bridge-23] Exception sending a multicast message:Network is unreachable
[parameter_bridge-20] Exception sending a multicast message:Network is unreachable
[parameter_bridge-11] Exception sending a multicast message:Network is unreachable
[parameter_bridge-26] Exception sending a multicast message:Network is unreachable
[parameter_bridge-2] Exception sending a multicast message:Network is unreachable
[gazebo-1] Exception sending a multicast message:网络不可达
[gazebo-1] Exception sending a multicast message:网络不可达
[gazebo-1] Exception sending a multicast message:网络不可达
[gazebo-1] Exception sending a multicast message:网络不可达
[parameter_bridge-9] Exception sending a multicast message:Network is unreachable
[parameter_bridge-12] Exception sending a multicast message:Network is unreachable
[parameter_bridge-13] Exception sending a multicast message:Network is unreachable
[parameter_bridge-22] Exception sending a multicast message:Network is unreachable
[parameter_bridge-19] Exception sending a multicast message:Network is unreachable
[parameter_bridge-24] Exception sending a multicast message:Network is unreachable
[parameter_bridge-10] Exception sending a multicast message:Network is unreachable
[parameter_bridge-11] Exception sending a multicast message:Network is unreachable
[parameter_bridge-15] Exception sending a multicast message:Network is unreachable
[parameter_bridge-20] Exception sending a multicast message:Network is unreachable
[parameter_bridge-25] Exception sending a multicast message:Network is unreachable
[parameter_bridge-29] Exception sending a multicast message:Network is unreachable
[parameter_bridge-9] Exception sending a multicast message:Network is unreachable
[parameter_bridge-9] Exception sending a multicast message:Network is unreachable
[parameter_bridge-21] Exception sending a multicast message:Network is unreachable
[parameter_bridge-18] Exception sending a multicast message:Network is unreachable
[parameter_bridge-27] Exception sending a multicast message:Network is unreachable
[parameter_bridge-27] Exception sending a multicast message:Network is unreachable
[parameter_bridge-27] Exception sending a multicast message:Network is unreachable
[parameter_bridge-27] Exception sending a multicast message:Network is unreachable
[parameter_bridge-27] Exception sending a multicast message:Network is unreachable
[parameter_bridge-27] Exception sending a multicast message:Network is unreachable
[parameter_bridge-27] Exception sending a multicast message:Network is unreachable
[parameter_bridge-27] Exception sending a multicast message:Network is unreachable
[parameter_bridge-29] Exception sending a multicast message:Network is unreachable
[parameter_bridge-17] Exception sending a multicast message:Network is unreachable
[gazebo-1] Exception sending a multicast message:网络不可达
[gazebo-1] Exception sending a multicast message:网络不可达
[gazebo-1] Exception sending a multicast message:网络不可达
[gazebo-1] Exception sending a multicast message:网络不可达
[parameter_bridge-25] Exception sending a multicast message:Network is unreachable
[parameter_bridge-25] Exception sending a multicast message:Network is unreachable
[parameter_bridge-25] Exception sending a multicast message:Network is unreachable
[parameter_bridge-10] Exception sending a multicast message:Network is unreachable
[parameter_bridge-18] Exception sending a multicast message:Network is unreachable
[parameter_bridge-24] Exception sending a multicast message:Network is unreachable
[parameter_bridge-22] Exception sending a multicast message:Network is unreachable
[gazebo-1] Exception sending a multicast message:Network is unreachable
[gazebo-1] Exception sending a multicast message:Network is unreachable
[gazebo-1] Exception sending a multicast message:Network is unreachable
[gazebo-1] Exception sending a multicast message:Network is unreachable
[gazebo-1] Exception sending a multicast message:Network is unreachable
[gazebo-1] Exception sending a multicast message:Network is unreachable
[gazebo-1] Exception sending a multicast message:Network is unreachable
[gazebo-1] Exception sending a multicast message:Network is unreachable
[gazebo-1] Exception sending a multicast message:Network is unreachable
[gazebo-1] Exception sending a multicast message:Network is unreachable
[gazebo-1] Exception sending a multicast message:Network is unreachable
[gazebo-1] Exception sending a multicast message:Network is unreachable
[gazebo-1] Exception sending a multicast message:Network is unreachable
[gazebo-1] Exception sending a multicast message:Network is unreachable
[gazebo-1] Exception sending a multicast message:Network is unreachable
[gazebo-1] Exception sending a multicast message:Network is unreachable
[gazebo-1] Exception sending a multicast message:Network is unreachable
[gazebo-1] Exception sending a multicast message:Network is unreachable
[gazebo-1] Exception sending a multicast message:Network is unreachable
[gazebo-1] Exception sending a multicast message:Network is unreachable
[gazebo-1] Exception sending a multicast message:Network is unreachable
[gazebo-1] Exception sending a multicast message:Network is unreachable
[gazebo-1] Exception sending a multicast message:Network is unreachable
[gazebo-1] Exception sending a multicast message:Network is unreachable
[gazebo-1] Exception sending a multicast message:Network is unreachable
[gazebo-1] Exception sending a multicast message:Network is unreachable
[gazebo-1] Exception sending a multicast message:Network is unreachable
[gazebo-1] Exception sending a multicast message:Network is unreachable
[gazebo-1] Exception sending a multicast message:Network is unreachable
[gazebo-1] Exception sending a multicast message:Network is unreachable
[gazebo-1] Exception sending a multicast message:Network is unreachable
[gazebo-1] Exception sending a multicast message:Network is unreachable
[gazebo-1] Exception sending a multicast message:Network is unreachable
[gazebo-1] Exception sending a multicast message:Network is unreachable
[gazebo-1] Exception sending a multicast message:Network is unreachable
[gazebo-1] Exception sending a multicast message:Network is unreachable
[gazebo-1] Exception sending a multicast message:Network is unreachable
[gazebo-1] Exception sending a multicast message:Network is unreachable
[gazebo-1] Exception sending a multicast message:Network is unreachable
[gazebo-1] Exception sending a multicast message:Network is unreachable
[gazebo-1] Exception sending a multicast message:Network is unreachable
[gazebo-1] Exception sending a multicast message:Network is unreachable
[gazebo-1] Exception sending a multicast message:Network is unreachable
[gazebo-1] Exception sending a multicast message:Network is unreachable
[gazebo-1] Exception sending a multicast message:Network is unreachable
[gazebo-1] Exception sending a multicast message:Network is unreachable
[gazebo-1] Exception sending a multicast message:Network is unreachable
[gazebo-1] Exception sending a multicast message:Network is unreachable
[gazebo-1] Exception sending a multicast message:Network is unreachable
[gazebo-1] Exception sending a multicast message:Network is unreachable
[gazebo-1] Exception sending a multicast message:Network is unreachable
[gazebo-1] Exception sending a multicast message:Network is unreachable
[gazebo-1] Exception sending a multicast message:Network is unreachable
[gazebo-1] Exception sending a multicast message:Network is unreachable
[gazebo-1] Exception sending a multicast message:Network is unreachable
[gazebo-1] Exception sending a multicast message:Network is unreachable
[gazebo-1] Exception sending a multicast message:Network is unreachable
[gazebo-1] Exception sending a multicast message:Network is unreachable
[gazebo-1] Exception sending a multicast message:Network is unreachable
[gazebo-1] Exception sending a multicast message:Network is unreachable
[gazebo-1] Exception sending a multicast message:Network is unreachable
[gazebo-1] Exception sending a multicast message:Network is unreachable
[gazebo-1] Exception sending a multicast message:Network is unreachable
[gazebo-1] Exception sending a multicast message:Network is unreachable
[gazebo-1] Exception sending a multicast message:Network is unreachable
[gazebo-1] Exception sending a multicast message:Network is unreachable
[gazebo-1] Exception sending a multicast message:Network is unreachable
[gazebo-1] Exception sending a multicast message:Network is unreachable
[gazebo-1] Exception sending a multicast message:Network is unreachable
[gazebo-1] Exception sending a multicast message:Network is unreachable
[gazebo-1] Exception sending a multicast message:Network is unreachable
[gazebo-1] Exception sending a multicast message:Network is unreachable
[gazebo-1] Exception sending a multicast message:Network is unreachable
[gazebo-1] Exception sending a multicast message:Network is unreachable
[gazebo-1] Exception sending a multicast message:Network is unreachable
[gazebo-1] Exception sending a multicast message:Network is unreachable
[gazebo-1] Exception sending a multicast message:Network is unreachable
[gazebo-1] Exception sending a multicast message:Network is unreachable
[gazebo-1] Exception sending a multicast message:Network is unreachable
[gazebo-1] Exception sending a multicast message:Network is unreachable
[gazebo-1] Exception sending a multicast message:Network is unreachable
[gazebo-1] Exception sending a multicast message:Network is unreachable
[gazebo-1] Exception sending a multicast message:Network is unreachable
[gazebo-1] Exception sending a multicast message:Network is unreachable
[gazebo-1] Exception sending a multicast message:Network is unreachable
[gazebo-1] Exception sending a multicast message:Network is unreachable
[gazebo-1] Exception sending a multicast message:Network is unreachable
[gazebo-1] Exception sending a multicast message:Network is unreachable
[gazebo-1] Exception sending a multicast message:Network is unreachable
[gazebo-1] Exception sending a multicast message:Network is unreachable
[gazebo-1] Exception sending a multicast message:Network is unreachable
[gazebo-1] Exception sending a multicast message:Network is unreachable
[gazebo-1] Exception sending a multicast message:Network is unreachable
[gazebo-1] Exception sending a multicast message:Network is unreachable
[gazebo-1] Exception sending a multicast message:Network is unreachable
[gazebo-1] Exception sending a multicast message:Network is unreachable
[gazebo-1] Exception sending a multicast message:Network is unreachable
[gazebo-1] Exception sending a multicast message:Network is unreachable
[gazebo-1] Exception sending a multicast message:Network is unreachable
[gazebo-1] Exception sending a multicast message:Network is unreachable
[gazebo-1] Exception sending a multicast message:Network is unreachable
[gazebo-1] Exception sending a multicast message:Network is unreachable
[gazebo-1] Exception sending a multicast message:Network is unreachable
[gazebo-1] Exception sending a multicast message:Network is unreachable
[gazebo-1] Exception sending a multicast message:Network is unreachable
[gazebo-1] Exception sending a multicast message:Network is unreachable
[gazebo-1] Exception sending a multicast message:Network is unreachable
[gazebo-1] Exception sending a multicast message:Network is unreachable
[gazebo-1] Exception sending a multicast message:Network is unreachable
[gazebo-1] Exception sending a multicast message:Network is unreachable
[gazebo-1] Exception sending a multicast message:Network is unreachable
[gazebo-1] Exception sending a multicast message:Network is unreachable
[gazebo-1] Exception sending a multicast message:Network is unreachable
[gazebo-1] Exception sending a multicast message:Network is unreachable
[gazebo-1] Exception sending a multicast message:Network is unreachable
[gazebo-1] Exception sending a multicast message:Network is unreachable
[gazebo-1] Exception sending a multicast message:Network is unreachable
[parameter_bridge-2] Exception sending a multicast message:Network is unreachable
[parameter_bridge-14] Exception sending a multicast message:Network is unreachable
[parameter_bridge-14] Exception sending a multicast message:Network is unreachable
[parameter_bridge-12] Exception sending a multicast message:Network is unreachable
[parameter_bridge-13] Exception sending a multicast message:Network is unreachable
[parameter_bridge-21] Exception sending a multicast message:Network is unreachable
[parameter_bridge-19] Exception sending a multicast message:Network is unreachable
[parameter_bridge-26] Exception sending a multicast message:Network is unreachable
[parameter_bridge-16] Exception sending a multicast message:Network is unreachable
[parameter_bridge-27] Exception sending a multicast message:Network is unreachable
[parameter_bridge-28] Exception sending a multicast message:Network is unreachable
[parameter_bridge-28] Exception sending a multicast message:Network is unreachable
[parameter_bridge-23] Exception sending a multicast message:Network is unreachable
[parameter_bridge-15] Exception sending a multicast message:Network is unreachable
[parameter_bridge-16] Exception sending a multicast message:Network is unreachable
[parameter_bridge-20] Exception sending a multicast message:Network is unreachable
[parameter_bridge-26] Exception sending a multicast message:Network is unreachable
[parameter_bridge-2] Exception sending a multicast message:Network is unreachable
[parameter_bridge-11] Exception sending a multicast message:Network is unreachable
[gazebo-1] Exception sending a multicast message:网络不可达
[gazebo-1] Exception sending a multicast message:网络不可达
[gazebo-1] Exception sending a multicast message:网络不可达
[gazebo-1] Exception sending a multicast message:网络不可达
[parameter_bridge-9] Exception sending a multicast message:Network is unreachable
[parameter_bridge-12] Exception sending a multicast message:Network is unreachable
[parameter_bridge-13] Exception sending a multicast message:Network is unreachable
[parameter_bridge-23] Exception sending a multicast message:Network is unreachable
[parameter_bridge-22] Exception sending a multicast message:Network is unreachable
[parameter_bridge-19] Exception sending a multicast message:Network is unreachable
[parameter_bridge-10] Exception sending a multicast message:Network is unreachable
[parameter_bridge-24] Exception sending a multicast message:Network is unreachable
[parameter_bridge-15] Exception sending a multicast message:Network is unreachable
[parameter_bridge-29] Exception sending a multicast message:Network is unreachable
[parameter_bridge-9] Exception sending a multicast message:Network is unreachable
[parameter_bridge-9] Exception sending a multicast message:Network is unreachable
[parameter_bridge-25] Exception sending a multicast message:Network is unreachable
[parameter_bridge-17] Exception sending a multicast message:Network is unreachable
[parameter_bridge-11] Exception sending a multicast message:Network is unreachable
[parameter_bridge-29] Exception sending a multicast message:Network is unreachable
[parameter_bridge-17] Exception sending a multicast message:Network is unreachable
[parameter_bridge-25] Exception sending a multicast message:Network is unreachable
[parameter_bridge-25] Exception sending a multicast message:Network is unreachable
[parameter_bridge-25] Exception sending a multicast message:Network is unreachable
[parameter_bridge-27] Exception sending a multicast message:Network is unreachable
[parameter_bridge-27] Exception sending a multicast message:Network is unreachable
[parameter_bridge-27] Exception sending a multicast message:Network is unreachable
[parameter_bridge-27] Exception sending a multicast message:Network is unreachable
[parameter_bridge-27] Exception sending a multicast message:Network is unreachable
[parameter_bridge-27] Exception sending a multicast message:Network is unreachable
[parameter_bridge-27] Exception sending a multicast message:Network is unreachable
[parameter_bridge-27] Exception sending a multicast message:Network is unreachable
[gazebo-1] Exception sending a multicast message:网络不可达
[gazebo-1] Exception sending a multicast message:网络不可达
[gazebo-1] Exception sending a multicast message:网络不可达
[gazebo-1] Exception sending a multicast message:网络不可达
[parameter_bridge-18] Exception sending a multicast message:Network is unreachable
[parameter_bridge-18] Exception sending a multicast message:Network is unreachable
[gazebo-1] Exception sending a multicast message:Network is unreachable
[gazebo-1] Exception sending a multicast message:Network is unreachable
[gazebo-1] Exception sending a multicast message:Network is unreachable
[gazebo-1] Exception sending a multicast message:Network is unreachable
[gazebo-1] Exception sending a multicast message:Network is unreachable
[gazebo-1] Exception sending a multicast message:Network is unreachable
[gazebo-1] Exception sending a multicast message:Network is unreachable
[gazebo-1] Exception sending a multicast message:Network is unreachable
[gazebo-1] Exception sending a multicast message:Network is unreachable
[gazebo-1] Exception sending a multicast message:Network is unreachable
[gazebo-1] Exception sending a multicast message:Network is unreachable
[gazebo-1] Exception sending a multicast message:Network is unreachable
[gazebo-1] Exception sending a multicast message:Network is unreachable
[gazebo-1] Exception sending a multicast message:Network is unreachable
[gazebo-1] Exception sending a multicast message:Network is unreachable
[gazebo-1] Exception sending a multicast message:Network is unreachable
[gazebo-1] Exception sending a multicast message:Network is unreachable
[gazebo-1] Exception sending a multicast message:Network is unreachable
[gazebo-1] Exception sending a multicast message:Network is unreachable
[gazebo-1] Exception sending a multicast message:Network is unreachable
[gazebo-1] Exception sending a multicast message:Network is unreachable
[gazebo-1] Exception sending a multicast message:Network is unreachable
[gazebo-1] Exception sending a multicast message:Network is unreachable
[gazebo-1] Exception sending a multicast message:Network is unreachable
[gazebo-1] Exception sending a multicast message:Network is unreachable
[gazebo-1] Exception sending a multicast message:Network is unreachable
[gazebo-1] Exception sending a multicast message:Network is unreachable
[gazebo-1] Exception sending a multicast message:Network is unreachable
[gazebo-1] Exception sending a multicast message:Network is unreachable
[gazebo-1] Exception sending a multicast message:Network is unreachable
[gazebo-1] Exception sending a multicast message:Network is unreachable
[gazebo-1] Exception sending a multicast message:Network is unreachable
[gazebo-1] Exception sending a multicast message:Network is unreachable
[gazebo-1] Exception sending a multicast message:Network is unreachable
[gazebo-1] Exception sending a multicast message:Network is unreachable
[gazebo-1] Exception sending a multicast message:Network is unreachable
[gazebo-1] Exception sending a multicast message:Network is unreachable
[gazebo-1] Exception sending a multicast message:Network is unreachable
[gazebo-1] Exception sending a multicast message:Network is unreachable
[gazebo-1] Exception sending a multicast message:Network is unreachable
[gazebo-1] Exception sending a multicast message:Network is unreachable
[gazebo-1] Exception sending a multicast message:Network is unreachable
[gazebo-1] Exception sending a multicast message:Network is unreachable
[gazebo-1] Exception sending a multicast message:Network is unreachable
[gazebo-1] Exception sending a multicast message:Network is unreachable
[gazebo-1] Exception sending a multicast message:Network is unreachable
[gazebo-1] Exception sending a multicast message:Network is unreachable
[gazebo-1] Exception sending a multicast message:Network is unreachable
[gazebo-1] Exception sending a multicast message:Network is unreachable
[gazebo-1] Exception sending a multicast message:Network is unreachable
[gazebo-1] Exception sending a multicast message:Network is unreachable
[gazebo-1] Exception sending a multicast message:Network is unreachable
[gazebo-1] Exception sending a multicast message:Network is unreachable
[gazebo-1] Exception sending a multicast message:Network is unreachable
[gazebo-1] Exception sending a multicast message:Network is unreachable
[gazebo-1] Exception sending a multicast message:Network is unreachable
[gazebo-1] Exception sending a multicast message:Network is unreachable
[gazebo-1] Exception sending a multicast message:Network is unreachable
[gazebo-1] Exception sending a multicast message:Network is unreachable
[gazebo-1] Exception sending a multicast message:Network is unreachable
[gazebo-1] Exception sending a multicast message:Network is unreachable
[gazebo-1] Exception sending a multicast message:Network is unreachable
[gazebo-1] Exception sending a multicast message:Network is unreachable
[gazebo-1] Exception sending a multicast message:Network is unreachable
[gazebo-1] Exception sending a multicast message:Network is unreachable
[gazebo-1] Exception sending a multicast message:Network is unreachable
[gazebo-1] Exception sending a multicast message:Network is unreachable
[gazebo-1] Exception sending a multicast message:Network is unreachable
[gazebo-1] Exception sending a multicast message:Network is unreachable
[gazebo-1] Exception sending a multicast message:Network is unreachable
[gazebo-1] Exception sending a multicast message:Network is unreachable
[gazebo-1] Exception sending a multicast message:Network is unreachable
[gazebo-1] Exception sending a multicast message:Network is unreachable
[gazebo-1] Exception sending a multicast message:Network is unreachable
[gazebo-1] Exception sending a multicast message:Network is unreachable
[gazebo-1] Exception sending a multicast message:Network is unreachable
[gazebo-1] Exception sending a multicast message:Network is unreachable
[gazebo-1] Exception sending a multicast message:Network is unreachable
[gazebo-1] Exception sending a multicast message:Network is unreachable
[gazebo-1] Exception sending a multicast message:Network is unreachable
[gazebo-1] Exception sending a multicast message:Network is unreachable
[gazebo-1] Exception sending a multicast message:Network is unreachable
[gazebo-1] Exception sending a multicast message:Network is unreachable
[gazebo-1] Exception sending a multicast message:Network is unreachable
[gazebo-1] Exception sending a multicast message:Network is unreachable
[gazebo-1] Exception sending a multicast message:Network is unreachable
[gazebo-1] Exception sending a multicast message:Network is unreachable
[gazebo-1] Exception sending a multicast message:Network is unreachable
[gazebo-1] Exception sending a multicast message:Network is unreachable
[gazebo-1] Exception sending a multicast message:Network is unreachable
[gazebo-1] Exception sending a multicast message:Network is unreachable
[gazebo-1] Exception sending a multicast message:Network is unreachable
[gazebo-1] Exception sending a multicast message:Network is unreachable
[gazebo-1] Exception sending a multicast message:Network is unreachable
[gazebo-1] Exception sending a multicast message:Network is unreachable
[gazebo-1] Exception sending a multicast message:Network is unreachable
[gazebo-1] Exception sending a multicast message:Network is unreachable
[gazebo-1] Exception sending a multicast message:Network is unreachable
[gazebo-1] Exception sending a multicast message:Network is unreachable
[gazebo-1] Exception sending a multicast message:Network is unreachable
[gazebo-1] Exception sending a multicast message:Network is unreachable
[gazebo-1] Exception sending a multicast message:Network is unreachable
[gazebo-1] Exception sending a multicast message:Network is unreachable
[gazebo-1] Exception sending a multicast message:Network is unreachable
[gazebo-1] Exception sending a multicast message:Network is unreachable
[gazebo-1] Exception sending a multicast message:Network is unreachable
[gazebo-1] Exception sending a multicast message:Network is unreachable
[gazebo-1] Exception sending a multicast message:Network is unreachable
[gazebo-1] Exception sending a multicast message:Network is unreachable
[gazebo-1] Exception sending a multicast message:Network is unreachable
[gazebo-1] Exception sending a multicast message:Network is unreachable
[gazebo-1] Exception sending a multicast message:Network is unreachable
[gazebo-1] Exception sending a multicast message:Network is unreachable
[gazebo-1] Exception sending a multicast message:Network is unreachable
[gazebo-1] Exception sending a multicast message:Network is unreachable
[gazebo-1] Exception sending a multicast message:Network is unreachable
[gazebo-1] Exception sending a multicast message:Network is unreachable
[parameter_bridge-22] Exception sending a multicast message:Network is unreachable
[parameter_bridge-24] Exception sending a multicast message:Network is unreachable
[parameter_bridge-10] Exception sending a multicast message:Network is unreachable
[parameter_bridge-21] Exception sending a multicast message:Network is unreachable
[parameter_bridge-20] Exception sending a multicast message:Network is unreachable
[gazebo-1] [WARN] [1781980310.289427053] [diffdrive_controller]: Ignoring the received message (timestamp 2925.6030000000) because it is older than the current time by 0.5010000000 seconds, which exceeds the allowed timeout (0.5000)
[gazebo-1] [WARN] [1781980310.745528134] [diffdrive_controller]: Ignoring the received message (timestamp 2929.2270000000) because it is older than the current time by 0.5010000000 seconds, which exceeds the allowed timeout (0.5000)
[parameter_bridge-19] Exception sending a multicast message:Network is unreachable
[parameter_bridge-16] Exception sending a multicast message:Network is unreachable
[parameter_bridge-28] Exception sending a multicast message:Network is unreachable
[parameter_bridge-14] Exception sending a multicast message:Network is unreachable
[parameter_bridge-13] Exception sending a multicast message:Network is unreachable
[parameter_bridge-27] Exception sending a multicast message:Network is unreachable
[parameter_bridge-2] Exception sending a multicast message:Network is unreachable
[parameter_bridge-28] Exception sending a multicast message:Network is unreachable
[parameter_bridge-14] Exception sending a multicast message:Network is unreachable
[parameter_bridge-15] Exception sending a multicast message:Network is unreachable
[parameter_bridge-21] Exception sending a multicast message:Network is unreachable
[parameter_bridge-26] Exception sending a multicast message:Network is unreachable
[parameter_bridge-9] Exception sending a multicast message:Network is unreachable
[parameter_bridge-12] Exception sending a multicast message:Network is unreachable
[parameter_bridge-20] Exception sending a multicast message:Network is unreachable
[parameter_bridge-13] Exception sending a multicast message:Network is unreachable
[parameter_bridge-16] Exception sending a multicast message:Network is unreachable
[parameter_bridge-26] Exception sending a multicast message:Network is unreachable
[parameter_bridge-10] Exception sending a multicast message:Network is unreachable
[parameter_bridge-23] Exception sending a multicast message:Network is unreachable
[parameter_bridge-17] Exception sending a multicast message:Network is unreachable
[parameter_bridge-23] Exception sending a multicast message:Network is unreachable
[parameter_bridge-2] Exception sending a multicast message:Network is unreachable
[parameter_bridge-25] Exception sending a multicast message:Network is unreachable
[parameter_bridge-11] Exception sending a multicast message:Network is unreachable
[parameter_bridge-19] Exception sending a multicast message:Network is unreachable
[parameter_bridge-29] Exception sending a multicast message:Network is unreachable
[parameter_bridge-24] Exception sending a multicast message:Network is unreachable
[parameter_bridge-10] Exception sending a multicast message:Network is unreachable
[parameter_bridge-22] Exception sending a multicast message:Network is unreachable
[parameter_bridge-12] Exception sending a multicast message:Network is unreachable
[parameter_bridge-17] Exception sending a multicast message:Network is unreachable
[parameter_bridge-18] Exception sending a multicast message:Network is unreachable
[parameter_bridge-24] Exception sending a multicast message:Network is unreachable
[parameter_bridge-22] Exception sending a multicast message:Network is unreachable
[parameter_bridge-21] Exception sending a multicast message:Network is unreachable
[parameter_bridge-29] Exception sending a multicast message:Network is unreachable
[parameter_bridge-9] Exception sending a multicast message:Network is unreachable
[parameter_bridge-9] Exception sending a multicast message:Network is unreachable
[parameter_bridge-11] Exception sending a multicast message:Network is unreachable
[parameter_bridge-20] Exception sending a multicast message:Network is unreachable
[parameter_bridge-15] Exception sending a multicast message:Network is unreachable
[parameter_bridge-25] Exception sending a multicast message:Network is unreachable
[parameter_bridge-25] Exception sending a multicast message:Network is unreachable
[parameter_bridge-25] Exception sending a multicast message:Network is unreachable
[parameter_bridge-18] Exception sending a multicast message:Network is unreachable
[gazebo-1] Exception sending a multicast message:网络不可达
[gazebo-1] Exception sending a multicast message:网络不可达
[gazebo-1] Exception sending a multicast message:网络不可达
[gazebo-1] Exception sending a multicast message:网络不可达
[gazebo-1] Exception sending a multicast message:网络不可达
[gazebo-1] Exception sending a multicast message:网络不可达
[gazebo-1] Exception sending a multicast message:网络不可达
[gazebo-1] Exception sending a multicast message:网络不可达
[parameter_bridge-27] Exception sending a multicast message:Network is unreachable
[parameter_bridge-27] Exception sending a multicast message:Network is unreachable
[parameter_bridge-27] Exception sending a multicast message:Network is unreachable
[parameter_bridge-27] Exception sending a multicast message:Network is unreachable
[parameter_bridge-27] Exception sending a multicast message:Network is unreachable
[parameter_bridge-27] Exception sending a multicast message:Network is unreachable
[parameter_bridge-27] Exception sending a multicast message:Network is unreachable
[parameter_bridge-27] Exception sending a multicast message:Network is unreachable
[gazebo-1] Exception sending a multicast message:Network is unreachable
[gazebo-1] Exception sending a multicast message:Network is unreachable
[gazebo-1] Exception sending a multicast message:Network is unreachable
[gazebo-1] Exception sending a multicast message:Network is unreachable
[gazebo-1] Exception sending a multicast message:Network is unreachable
[gazebo-1] Exception sending a multicast message:Network is unreachable
[gazebo-1] Exception sending a multicast message:Network is unreachable
[gazebo-1] Exception sending a multicast message:Network is unreachable
[gazebo-1] Exception sending a multicast message:Network is unreachable
[gazebo-1] Exception sending a multicast message:Network is unreachable
[gazebo-1] Exception sending a multicast message:Network is unreachable
[gazebo-1] Exception sending a multicast message:Network is unreachable
[gazebo-1] Exception sending a multicast message:Network is unreachable
[gazebo-1] Exception sending a multicast message:Network is unreachable
[gazebo-1] Exception sending a multicast message:Network is unreachable
[gazebo-1] Exception sending a multicast message:Network is unreachable
[gazebo-1] Exception sending a multicast message:Network is unreachable
[gazebo-1] Exception sending a multicast message:Network is unreachable
[gazebo-1] Exception sending a multicast message:Network is unreachable
[gazebo-1] Exception sending a multicast message:Network is unreachable
[gazebo-1] Exception sending a multicast message:Network is unreachable
[gazebo-1] Exception sending a multicast message:Network is unreachable
[gazebo-1] Exception sending a multicast message:Network is unreachable
[gazebo-1] Exception sending a multicast message:Network is unreachable
[gazebo-1] Exception sending a multicast message:Network is unreachable
[gazebo-1] Exception sending a multicast message:Network is unreachable
[gazebo-1] Exception sending a multicast message:Network is unreachable
[gazebo-1] Exception sending a multicast message:Network is unreachable
[gazebo-1] Exception sending a multicast message:Network is unreachable
[gazebo-1] Exception sending a multicast message:Network is unreachable
[gazebo-1] Exception sending a multicast message:Network is unreachable
[gazebo-1] Exception sending a multicast message:Network is unreachable
[gazebo-1] Exception sending a multicast message:Network is unreachable
[gazebo-1] Exception sending a multicast message:Network is unreachable
[gazebo-1] Exception sending a multicast message:Network is unreachable
[gazebo-1] Exception sending a multicast message:Network is unreachable
[gazebo-1] Exception sending a multicast message:Network is unreachable
[gazebo-1] Exception sending a multicast message:Network is unreachable
[gazebo-1] Exception sending a multicast message:Network is unreachable
[gazebo-1] Exception sending a multicast message:Network is unreachable
[gazebo-1] Exception sending a multicast message:Network is unreachable
[gazebo-1] Exception sending a multicast message:Network is unreachable
[gazebo-1] Exception sending a multicast message:Network is unreachable
[gazebo-1] Exception sending a multicast message:Network is unreachable
[gazebo-1] Exception sending a multicast message:Network is unreachable
[gazebo-1] Exception sending a multicast message:Network is unreachable
[gazebo-1] Exception sending a multicast message:Network is unreachable
[gazebo-1] Exception sending a multicast message:Network is unreachable
[gazebo-1] Exception sending a multicast message:Network is unreachable
[gazebo-1] Exception sending a multicast message:Network is unreachable
[gazebo-1] Exception sending a multicast message:Network is unreachable
[gazebo-1] Exception sending a multicast message:Network is unreachable
[gazebo-1] Exception sending a multicast message:Network is unreachable
[gazebo-1] Exception sending a multicast message:Network is unreachable
[gazebo-1] Exception sending a multicast message:Network is unreachable
[gazebo-1] Exception sending a multicast message:Network is unreachable
[gazebo-1] Exception sending a multicast message:Network is unreachable
[gazebo-1] Exception sending a multicast message:Network is unreachable
[gazebo-1] Exception sending a multicast message:Network is unreachable
[gazebo-1] Exception sending a multicast message:Network is unreachable
[gazebo-1] Exception sending a multicast message:Network is unreachable
[gazebo-1] Exception sending a multicast message:Network is unreachable
[gazebo-1] Exception sending a multicast message:Network is unreachable
[gazebo-1] Exception sending a multicast message:Network is unreachable
[gazebo-1] Exception sending a multicast message:Network is unreachable
[gazebo-1] Exception sending a multicast message:Network is unreachable
[gazebo-1] Exception sending a multicast message:Network is unreachable
[gazebo-1] Exception sending a multicast message:Network is unreachable
[gazebo-1] Exception sending a multicast message:Network is unreachable
[gazebo-1] Exception sending a multicast message:Network is unreachable
[gazebo-1] Exception sending a multicast message:Network is unreachable
[gazebo-1] Exception sending a multicast message:Network is unreachable
[gazebo-1] Exception sending a multicast message:Network is unreachable
[gazebo-1] Exception sending a multicast message:Network is unreachable
[gazebo-1] Exception sending a multicast message:Network is unreachable
[gazebo-1] Exception sending a multicast message:Network is unreachable
[gazebo-1] Exception sending a multicast message:Network is unreachable
[gazebo-1] Exception sending a multicast message:Network is unreachable
[gazebo-1] Exception sending a multicast message:Network is unreachable
[gazebo-1] Exception sending a multicast message:Network is unreachable
[gazebo-1] Exception sending a multicast message:Network is unreachable
[gazebo-1] Exception sending a multicast message:Network is unreachable
[gazebo-1] Exception sending a multicast message:Network is unreachable
[gazebo-1] Exception sending a multicast message:Network is unreachable
[gazebo-1] Exception sending a multicast message:Network is unreachable
[gazebo-1] Exception sending a multicast message:Network is unreachable
[gazebo-1] Exception sending a multicast message:Network is unreachable
[gazebo-1] Exception sending a multicast message:Network is unreachable
[gazebo-1] Exception sending a multicast message:Network is unreachable
[gazebo-1] Exception sending a multicast message:Network is unreachable
[gazebo-1] Exception sending a multicast message:Network is unreachable
[gazebo-1] Exception sending a multicast message:Network is unreachable
[gazebo-1] Exception sending a multicast message:Network is unreachable
[gazebo-1] Exception sending a multicast message:Network is unreachable
[gazebo-1] Exception sending a multicast message:Network is unreachable
[gazebo-1] Exception sending a multicast message:Network is unreachable
[gazebo-1] Exception sending a multicast message:Network is unreachable
[gazebo-1] Exception sending a multicast message:Network is unreachable
[gazebo-1] Exception sending a multicast message:Network is unreachable
[gazebo-1] Exception sending a multicast message:Network is unreachable
[gazebo-1] Exception sending a multicast message:Network is unreachable
[gazebo-1] Exception sending a multicast message:Network is unreachable
[gazebo-1] Exception sending a multicast message:Network is unreachable
[gazebo-1] Exception sending a multicast message:Network is unreachable
[gazebo-1] Exception sending a multicast message:Network is unreachable
[gazebo-1] Exception sending a multicast message:Network is unreachable
[gazebo-1] Exception sending a multicast message:Network is unreachable
[gazebo-1] Exception sending a multicast message:Network is unreachable
[gazebo-1] Exception sending a multicast message:Network is unreachable
[gazebo-1] Exception sending a multicast message:Network is unreachable
[gazebo-1] Exception sending a multicast message:Network is unreachable
[gazebo-1] Exception sending a multicast message:Network is unreachable
[gazebo-1] Exception sending a multicast message:Network is unreachable
[gazebo-1] Exception sending a multicast message:Network is unreachable
[gazebo-1] Exception sending a multicast message:Network is unreachable
[gazebo-1] Exception sending a multicast message:Network is unreachable
[gazebo-1] Exception sending a multicast message:Network is unreachable
[parameter_bridge-19] Exception sending a multicast message:Network is unreachable
[parameter_bridge-16] Exception sending a multicast message:Network is unreachable
[parameter_bridge-28] Exception sending a multicast message:Network is unreachable
[parameter_bridge-14] Exception sending a multicast message:Network is unreachable
[parameter_bridge-13] Exception sending a multicast message:Network is unreachable
[parameter_bridge-27] Exception sending a multicast message:Network is unreachable
[parameter_bridge-2] Exception sending a multicast message:Network is unreachable
[parameter_bridge-28] Exception sending a multicast message:Network is unreachable
[parameter_bridge-14] Exception sending a multicast message:Network is unreachable
[parameter_bridge-15] Exception sending a multicast message:Network is unreachable
[parameter_bridge-21] Exception sending a multicast message:Network is unreachable
[parameter_bridge-26] Exception sending a multicast message:Network is unreachable
[parameter_bridge-9] Exception sending a multicast message:Network is unreachable
[parameter_bridge-12] Exception sending a multicast message:Network is unreachable
[parameter_bridge-20] Exception sending a multicast message:Network is unreachable
[parameter_bridge-13] Exception sending a multicast message:Network is unreachable
[parameter_bridge-16] Exception sending a multicast message:Network is unreachable
[parameter_bridge-26] Exception sending a multicast message:Network is unreachable
[parameter_bridge-10] Exception sending a multicast message:Network is unreachable
[parameter_bridge-23] Exception sending a multicast message:Network is unreachable
[parameter_bridge-17] Exception sending a multicast message:Network is unreachable
[parameter_bridge-23] Exception sending a multicast message:Network is unreachable
[parameter_bridge-2] Exception sending a multicast message:Network is unreachable
[parameter_bridge-11] Exception sending a multicast message:Network is unreachable
[parameter_bridge-25] Exception sending a multicast message:Network is unreachable
[parameter_bridge-19] Exception sending a multicast message:Network is unreachable
[parameter_bridge-29] Exception sending a multicast message:Network is unreachable
[parameter_bridge-24] Exception sending a multicast message:Network is unreachable
[parameter_bridge-10] Exception sending a multicast message:Network is unreachable
[parameter_bridge-22] Exception sending a multicast message:Network is unreachable
[parameter_bridge-12] Exception sending a multicast message:Network is unreachable
[parameter_bridge-17] Exception sending a multicast message:Network is unreachable
[parameter_bridge-18] Exception sending a multicast message:Network is unreachable
[parameter_bridge-24] Exception sending a multicast message:Network is unreachable
[parameter_bridge-21] Exception sending a multicast message:Network is unreachable
[parameter_bridge-22] Exception sending a multicast message:Network is unreachable
[parameter_bridge-29] Exception sending a multicast message:Network is unreachable
[parameter_bridge-9] Exception sending a multicast message:Network is unreachable
[parameter_bridge-9] Exception sending a multicast message:Network is unreachable
[parameter_bridge-11] Exception sending a multicast message:Network is unreachable
[parameter_bridge-20] Exception sending a multicast message:Network is unreachable
[parameter_bridge-15] Exception sending a multicast message:Network is unreachable
[parameter_bridge-25] Exception sending a multicast message:Network is unreachable
[parameter_bridge-25] Exception sending a multicast message:Network is unreachable
[parameter_bridge-25] Exception sending a multicast message:Network is unreachable
[parameter_bridge-18] Exception sending a multicast message:Network is unreachable
[gazebo-1] Exception sending a multicast message:网络不可达
[gazebo-1] Exception sending a multicast message:网络不可达
[gazebo-1] Exception sending a multicast message:网络不可达
[gazebo-1] Exception sending a multicast message:网络不可达
[gazebo-1] Exception sending a multicast message:网络不可达
[gazebo-1] Exception sending a multicast message:网络不可达
[gazebo-1] Exception sending a multicast message:网络不可达
[gazebo-1] Exception sending a multicast message:网络不可达
[parameter_bridge-27] Exception sending a multicast message:Network is unreachable
[parameter_bridge-27] Exception sending a multicast message:Network is unreachable
[parameter_bridge-27] Exception sending a multicast message:Network is unreachable
[parameter_bridge-27] Exception sending a multicast message:Network is unreachable
[parameter_bridge-27] Exception sending a multicast message:Network is unreachable
[parameter_bridge-27] Exception sending a multicast message:Network is unreachable
[parameter_bridge-27] Exception sending a multicast message:Network is unreachable
[parameter_bridge-27] Exception sending a multicast message:Network is unreachable
[gazebo-1] Exception sending a multicast message:Network is unreachable
[gazebo-1] Exception sending a multicast message:Network is unreachable
[gazebo-1] Exception sending a multicast message:Network is unreachable
[gazebo-1] Exception sending a multicast message:Network is unreachable
[gazebo-1] Exception sending a multicast message:Network is unreachable
[gazebo-1] Exception sending a multicast message:Network is unreachable
[gazebo-1] Exception sending a multicast message:Network is unreachable
[gazebo-1] Exception sending a multicast message:Network is unreachable
[gazebo-1] Exception sending a multicast message:Network is unreachable
[gazebo-1] Exception sending a multicast message:Network is unreachable
[gazebo-1] Exception sending a multicast message:Network is unreachable
[gazebo-1] Exception sending a multicast message:Network is unreachable
[gazebo-1] Exception sending a multicast message:Network is unreachable
[gazebo-1] Exception sending a multicast message:Network is unreachable
[gazebo-1] Exception sending a multicast message:Network is unreachable
[gazebo-1] Exception sending a multicast message:Network is unreachable
[gazebo-1] Exception sending a multicast message:Network is unreachable
[gazebo-1] Exception sending a multicast message:Network is unreachable
[gazebo-1] Exception sending a multicast message:Network is unreachable
[gazebo-1] Exception sending a multicast message:Network is unreachable
[gazebo-1] Exception sending a multicast message:Network is unreachable
[gazebo-1] Exception sending a multicast message:Network is unreachable
[gazebo-1] Exception sending a multicast message:Network is unreachable
[gazebo-1] Exception sending a multicast message:Network is unreachable
[gazebo-1] Exception sending a multicast message:Network is unreachable
[gazebo-1] Exception sending a multicast message:Network is unreachable
[gazebo-1] Exception sending a multicast message:Network is unreachable
[gazebo-1] Exception sending a multicast message:Network is unreachable
[gazebo-1] Exception sending a multicast message:Network is unreachable
[gazebo-1] Exception sending a multicast message:Network is unreachable
[gazebo-1] Exception sending a multicast message:Network is unreachable
[gazebo-1] Exception sending a multicast message:Network is unreachable
[gazebo-1] Exception sending a multicast message:Network is unreachable
[gazebo-1] Exception sending a multicast message:Network is unreachable
[gazebo-1] Exception sending a multicast message:Network is unreachable
[gazebo-1] Exception sending a multicast message:Network is unreachable
[gazebo-1] Exception sending a multicast message:Network is unreachable
[gazebo-1] Exception sending a multicast message:Network is unreachable
[gazebo-1] Exception sending a multicast message:Network is unreachable
[gazebo-1] Exception sending a multicast message:Network is unreachable
[gazebo-1] Exception sending a multicast message:Network is unreachable
[gazebo-1] Exception sending a multicast message:Network is unreachable
[gazebo-1] Exception sending a multicast message:Network is unreachable
[gazebo-1] Exception sending a multicast message:Network is unreachable
[gazebo-1] Exception sending a multicast message:Network is unreachable
[gazebo-1] Exception sending a multicast message:Network is unreachable
[gazebo-1] Exception sending a multicast message:Network is unreachable
[gazebo-1] Exception sending a multicast message:Network is unreachable
[gazebo-1] Exception sending a multicast message:Network is unreachable
[gazebo-1] Exception sending a multicast message:Network is unreachable
[gazebo-1] Exception sending a multicast message:Network is unreachable
[gazebo-1] Exception sending a multicast message:Network is unreachable
[gazebo-1] Exception sending a multicast message:Network is unreachable
[gazebo-1] Exception sending a multicast message:Network is unreachable
[gazebo-1] Exception sending a multicast message:Network is unreachable
[gazebo-1] Exception sending a multicast message:Network is unreachable
[gazebo-1] Exception sending a multicast message:Network is unreachable
[gazebo-1] Exception sending a multicast message:Network is unreachable
[gazebo-1] Exception sending a multicast message:Network is unreachable
[gazebo-1] Exception sending a multicast message:Network is unreachable
[gazebo-1] Exception sending a multicast message:Network is unreachable
[gazebo-1] Exception sending a multicast message:Network is unreachable
[gazebo-1] Exception sending a multicast message:Network is unreachable
[gazebo-1] Exception sending a multicast message:Network is unreachable
[gazebo-1] Exception sending a multicast message:Network is unreachable
[gazebo-1] Exception sending a multicast message:Network is unreachable
[gazebo-1] Exception sending a multicast message:Network is unreachable
[gazebo-1] Exception sending a multicast message:Network is unreachable
[gazebo-1] Exception sending a multicast message:Network is unreachable
[gazebo-1] Exception sending a multicast message:Network is unreachable
[gazebo-1] Exception sending a multicast message:Network is unreachable
[gazebo-1] Exception sending a multicast message:Network is unreachable
[gazebo-1] Exception sending a multicast message:Network is unreachable
[gazebo-1] Exception sending a multicast message:Network is unreachable
[gazebo-1] Exception sending a multicast message:Network is unreachable
[gazebo-1] Exception sending a multicast message:Network is unreachable
[gazebo-1] Exception sending a multicast message:Network is unreachable
[gazebo-1] Exception sending a multicast message:Network is unreachable
[gazebo-1] Exception sending a multicast message:Network is unreachable
[gazebo-1] Exception sending a multicast message:Network is unreachable
[gazebo-1] Exception sending a multicast message:Network is unreachable
[gazebo-1] Exception sending a multicast message:Network is unreachable
[gazebo-1] Exception sending a multicast message:Network is unreachable
[gazebo-1] Exception sending a multicast message:Network is unreachable
[gazebo-1] Exception sending a multicast message:Network is unreachable
[gazebo-1] Exception sending a multicast message:Network is unreachable
[gazebo-1] Exception sending a multicast message:Network is unreachable
[gazebo-1] Exception sending a multicast message:Network is unreachable
[gazebo-1] Exception sending a multicast message:Network is unreachable
[gazebo-1] Exception sending a multicast message:Network is unreachable
[gazebo-1] Exception sending a multicast message:Network is unreachable
[gazebo-1] Exception sending a multicast message:Network is unreachable
[gazebo-1] Exception sending a multicast message:Network is unreachable
[gazebo-1] Exception sending a multicast message:Network is unreachable
[gazebo-1] Exception sending a multicast message:Network is unreachable
[gazebo-1] Exception sending a multicast message:Network is unreachable
[gazebo-1] Exception sending a multicast message:Network is unreachable
[gazebo-1] Exception sending a multicast message:Network is unreachable
[gazebo-1] Exception sending a multicast message:Network is unreachable
[gazebo-1] Exception sending a multicast message:Network is unreachable
[gazebo-1] Exception sending a multicast message:Network is unreachable
[gazebo-1] Exception sending a multicast message:Network is unreachable
[gazebo-1] Exception sending a multicast message:Network is unreachable
[gazebo-1] Exception sending a multicast message:Network is unreachable
[gazebo-1] Exception sending a multicast message:Network is unreachable
[gazebo-1] Exception sending a multicast message:Network is unreachable
[gazebo-1] Exception sending a multicast message:Network is unreachable
[gazebo-1] Exception sending a multicast message:Network is unreachable
[gazebo-1] Exception sending a multicast message:Network is unreachable
[gazebo-1] Exception sending a multicast message:Network is unreachable
[gazebo-1] Exception sending a multicast message:Network is unreachable
[gazebo-1] Exception sending a multicast message:Network is unreachable
[gazebo-1] Exception sending a multicast message:Network is unreachable
[gazebo-1] Exception sending a multicast message:Network is unreachable
[gazebo-1] Exception sending a multicast message:Network is unreachable
[gazebo-1] Exception sending a multicast message:Network is unreachable
[gazebo-1] Exception sending a multicast message:Network is unreachable
[parameter_bridge-19] Exception sending a multicast message:Network is unreachable
[parameter_bridge-16] Exception sending a multicast message:Network is unreachable
[parameter_bridge-28] Exception sending a multicast message:Network is unreachable
[parameter_bridge-14] Exception sending a multicast message:Network is unreachable
[parameter_bridge-13] Exception sending a multicast message:Network is unreachable
[parameter_bridge-27] Exception sending a multicast message:Network is unreachable
[parameter_bridge-2] Exception sending a multicast message:Network is unreachable
[parameter_bridge-28] Exception sending a multicast message:Network is unreachable
[parameter_bridge-14] Exception sending a multicast message:Network is unreachable
[parameter_bridge-15] Exception sending a multicast message:Network is unreachable
[parameter_bridge-21] Exception sending a multicast message:Network is unreachable
[parameter_bridge-26] Exception sending a multicast message:Network is unreachable
[parameter_bridge-9] Exception sending a multicast message:Network is unreachable
[parameter_bridge-12] Exception sending a multicast message:Network is unreachable
[parameter_bridge-20] Exception sending a multicast message:Network is unreachable
[parameter_bridge-13] Exception sending a multicast message:Network is unreachable
[parameter_bridge-16] Exception sending a multicast message:Network is unreachable
[parameter_bridge-26] Exception sending a multicast message:Network is unreachable
[parameter_bridge-10] Exception sending a multicast message:Network is unreachable
[parameter_bridge-23] Exception sending a multicast message:Network is unreachable
[parameter_bridge-17] Exception sending a multicast message:Network is unreachable
[parameter_bridge-23] Exception sending a multicast message:Network is unreachable
[parameter_bridge-2] Exception sending a multicast message:Network is unreachable
[parameter_bridge-11] Exception sending a multicast message:Network is unreachable
[parameter_bridge-25] Exception sending a multicast message:Network is unreachable
[parameter_bridge-19] Exception sending a multicast message:Network is unreachable
[parameter_bridge-29] Exception sending a multicast message:Network is unreachable
[parameter_bridge-24] Exception sending a multicast message:Network is unreachable
[parameter_bridge-10] Exception sending a multicast message:Network is unreachable
[parameter_bridge-22] Exception sending a multicast message:Network is unreachable
[parameter_bridge-12] Exception sending a multicast message:Network is unreachable
[parameter_bridge-17] Exception sending a multicast message:Network is unreachable
[parameter_bridge-18] Exception sending a multicast message:Network is unreachable
[parameter_bridge-24] Exception sending a multicast message:Network is unreachable
[parameter_bridge-21] Exception sending a multicast message:Network is unreachable
[parameter_bridge-22] Exception sending a multicast message:Network is unreachable
[parameter_bridge-29] Exception sending a multicast message:Network is unreachable
[parameter_bridge-9] Exception sending a multicast message:Network is unreachable
[parameter_bridge-9] Exception sending a multicast message:Network is unreachable
[parameter_bridge-11] Exception sending a multicast message:Network is unreachable
[parameter_bridge-20] Exception sending a multicast message:Network is unreachable
[parameter_bridge-15] Exception sending a multicast message:Network is unreachable
[parameter_bridge-25] Exception sending a multicast message:Network is unreachable
[parameter_bridge-25] Exception sending a multicast message:Network is unreachable
[parameter_bridge-25] Exception sending a multicast message:Network is unreachable
[parameter_bridge-18] Exception sending a multicast message:Network is unreachable
[gazebo-1] Exception sending a multicast message:网络不可达
[gazebo-1] Exception sending a multicast message:网络不可达
[gazebo-1] Exception sending a multicast message:网络不可达
[gazebo-1] Exception sending a multicast message:网络不可达
[gazebo-1] Exception sending a multicast message:网络不可达
[gazebo-1] Exception sending a multicast message:网络不可达
[gazebo-1] Exception sending a multicast message:网络不可达
[gazebo-1] Exception sending a multicast message:网络不可达
[parameter_bridge-27] Exception sending a multicast message:Network is unreachable
[parameter_bridge-27] Exception sending a multicast message:Network is unreachable
[parameter_bridge-27] Exception sending a multicast message:Network is unreachable
[parameter_bridge-27] Exception sending a multicast message:Network is unreachable
[parameter_bridge-27] Exception sending a multicast message:Network is unreachable
[parameter_bridge-27] Exception sending a multicast message:Network is unreachable
[parameter_bridge-27] Exception sending a multicast message:Network is unreachable
[parameter_bridge-27] Exception sending a multicast message:Network is unreachable
[gazebo-1] Exception sending a multicast message:Network is unreachable
[gazebo-1] Exception sending a multicast message:Network is unreachable
[gazebo-1] Exception sending a multicast message:Network is unreachable
[gazebo-1] Exception sending a multicast message:Network is unreachable
[gazebo-1] Exception sending a multicast message:Network is unreachable
[gazebo-1] Exception sending a multicast message:Network is unreachable
[gazebo-1] Exception sending a multicast message:Network is unreachable
[gazebo-1] Exception sending a multicast message:Network is unreachable
[gazebo-1] Exception sending a multicast message:Network is unreachable
[gazebo-1] Exception sending a multicast message:Network is unreachable
[gazebo-1] Exception sending a multicast message:Network is unreachable
[gazebo-1] Exception sending a multicast message:Network is unreachable
[gazebo-1] Exception sending a multicast message:Network is unreachable
[gazebo-1] Exception sending a multicast message:Network is unreachable
[gazebo-1] Exception sending a multicast message:Network is unreachable
[gazebo-1] Exception sending a multicast message:Network is unreachable
[gazebo-1] Exception sending a multicast message:Network is unreachable
[gazebo-1] Exception sending a multicast message:Network is unreachable
[gazebo-1] Exception sending a multicast message:Network is unreachable
[gazebo-1] Exception sending a multicast message:Network is unreachable
[gazebo-1] Exception sending a multicast message:Network is unreachable
[gazebo-1] Exception sending a multicast message:Network is unreachable
[gazebo-1] Exception sending a multicast message:Network is unreachable
[gazebo-1] Exception sending a multicast message:Network is unreachable
[gazebo-1] Exception sending a multicast message:Network is unreachable
[gazebo-1] Exception sending a multicast message:Network is unreachable
[gazebo-1] Exception sending a multicast message:Network is unreachable
[gazebo-1] Exception sending a multicast message:Network is unreachable
[gazebo-1] Exception sending a multicast message:Network is unreachable
[gazebo-1] Exception sending a multicast message:Network is unreachable
[gazebo-1] Exception sending a multicast message:Network is unreachable
[gazebo-1] Exception sending a multicast message:Network is unreachable
[gazebo-1] Exception sending a multicast message:Network is unreachable
[gazebo-1] Exception sending a multicast message:Network is unreachable
[gazebo-1] Exception sending a multicast message:Network is unreachable
[gazebo-1] Exception sending a multicast message:Network is unreachable
[gazebo-1] Exception sending a multicast message:Network is unreachable
[gazebo-1] Exception sending a multicast message:Network is unreachable
[gazebo-1] Exception sending a multicast message:Network is unreachable
[gazebo-1] Exception sending a multicast message:Network is unreachable
[gazebo-1] Exception sending a multicast message:Network is unreachable
[gazebo-1] Exception sending a multicast message:Network is unreachable
[gazebo-1] Exception sending a multicast message:Network is unreachable
[gazebo-1] Exception sending a multicast message:Network is unreachable
[gazebo-1] Exception sending a multicast message:Network is unreachable
[gazebo-1] Exception sending a multicast message:Network is unreachable
[gazebo-1] Exception sending a multicast message:Network is unreachable
[gazebo-1] Exception sending a multicast message:Network is unreachable
[gazebo-1] Exception sending a multicast message:Network is unreachable
[gazebo-1] Exception sending a multicast message:Network is unreachable
[gazebo-1] Exception sending a multicast message:Network is unreachable
[gazebo-1] Exception sending a multicast message:Network is unreachable
[gazebo-1] Exception sending a multicast message:Network is unreachable
[gazebo-1] Exception sending a multicast message:Network is unreachable
[gazebo-1] Exception sending a multicast message:Network is unreachable
[gazebo-1] Exception sending a multicast message:Network is unreachable
[gazebo-1] Exception sending a multicast message:Network is unreachable
[gazebo-1] Exception sending a multicast message:Network is unreachable
[gazebo-1] Exception sending a multicast message:Network is unreachable
[gazebo-1] Exception sending a multicast message:Network is unreachable
[gazebo-1] Exception sending a multicast message:Network is unreachable
[gazebo-1] Exception sending a multicast message:Network is unreachable
[gazebo-1] Exception sending a multicast message:Network is unreachable
[gazebo-1] Exception sending a multicast message:Network is unreachable
[gazebo-1] Exception sending a multicast message:Network is unreachable
[gazebo-1] Exception sending a multicast message:Network is unreachable
[gazebo-1] Exception sending a multicast message:Network is unreachable
[gazebo-1] Exception sending a multicast message:Network is unreachable
[gazebo-1] Exception sending a multicast message:Network is unreachable
[gazebo-1] Exception sending a multicast message:Network is unreachable
[gazebo-1] Exception sending a multicast message:Network is unreachable
[gazebo-1] Exception sending a multicast message:Network is unreachable
[gazebo-1] Exception sending a multicast message:Network is unreachable
[gazebo-1] Exception sending a multicast message:Network is unreachable
[gazebo-1] Exception sending a multicast message:Network is unreachable
[gazebo-1] Exception sending a multicast message:Network is unreachable
[gazebo-1] Exception sending a multicast message:Network is unreachable
[gazebo-1] Exception sending a multicast message:Network is unreachable
[gazebo-1] Exception sending a multicast message:Network is unreachable
[gazebo-1] Exception sending a multicast message:Network is unreachable
[gazebo-1] Exception sending a multicast message:Network is unreachable
[gazebo-1] Exception sending a multicast message:Network is unreachable
[gazebo-1] Exception sending a multicast message:Network is unreachable
[gazebo-1] Exception sending a multicast message:Network is unreachable
[gazebo-1] Exception sending a multicast message:Network is unreachable
[gazebo-1] Exception sending a multicast message:Network is unreachable
[gazebo-1] Exception sending a multicast message:Network is unreachable
[gazebo-1] Exception sending a multicast message:Network is unreachable
[gazebo-1] Exception sending a multicast message:Network is unreachable
[gazebo-1] Exception sending a multicast message:Network is unreachable
[gazebo-1] Exception sending a multicast message:Network is unreachable
[gazebo-1] Exception sending a multicast message:Network is unreachable
[gazebo-1] Exception sending a multicast message:Network is unreachable
[gazebo-1] Exception sending a multicast message:Network is unreachable
[gazebo-1] Exception sending a multicast message:Network is unreachable
[gazebo-1] Exception sending a multicast message:Network is unreachable
[gazebo-1] Exception sending a multicast message:Network is unreachable
[gazebo-1] Exception sending a multicast message:Network is unreachable
[gazebo-1] Exception sending a multicast message:Network is unreachable
[gazebo-1] Exception sending a multicast message:Network is unreachable
[gazebo-1] Exception sending a multicast message:Network is unreachable
[gazebo-1] Exception sending a multicast message:Network is unreachable
[gazebo-1] Exception sending a multicast message:Network is unreachable
[gazebo-1] Exception sending a multicast message:Network is unreachable
[gazebo-1] Exception sending a multicast message:Network is unreachable
[gazebo-1] Exception sending a multicast message:Network is unreachable
[gazebo-1] Exception sending a multicast message:Network is unreachable
[gazebo-1] Exception sending a multicast message:Network is unreachable
[gazebo-1] Exception sending a multicast message:Network is unreachable
[gazebo-1] Exception sending a multicast message:Network is unreachable
[gazebo-1] Exception sending a multicast message:Network is unreachable
[gazebo-1] Exception sending a multicast message:Network is unreachable
[gazebo-1] Exception sending a multicast message:Network is unreachable
[gazebo-1] Exception sending a multicast message:Network is unreachable
[gazebo-1] Exception sending a multicast message:Network is unreachable
[gazebo-1] Exception sending a multicast message:Network is unreachable
[gazebo-1] Exception sending a multicast message:Network is unreachable
[parameter_bridge-19] Exception sending a multicast message:Network is unreachable
[parameter_bridge-16] Exception sending a multicast message:Network is unreachable
[parameter_bridge-28] Exception sending a multicast message:Network is unreachable
[parameter_bridge-14] Exception sending a multicast message:Network is unreachable
[parameter_bridge-27] Exception sending a multicast message:Network is unreachable
[parameter_bridge-13] Exception sending a multicast message:Network is unreachable
[parameter_bridge-2] Exception sending a multicast message:Network is unreachable
[parameter_bridge-28] Exception sending a multicast message:Network is unreachable
[parameter_bridge-14] Exception sending a multicast message:Network is unreachable
[parameter_bridge-15] Exception sending a multicast message:Network is unreachable
[parameter_bridge-21] Exception sending a multicast message:Network is unreachable
[parameter_bridge-26] Exception sending a multicast message:Network is unreachable
[parameter_bridge-9] Exception sending a multicast message:Network is unreachable
[parameter_bridge-12] Exception sending a multicast message:Network is unreachable
[parameter_bridge-20] Exception sending a multicast message:Network is unreachable
[parameter_bridge-13] Exception sending a multicast message:Network is unreachable
[parameter_bridge-16] Exception sending a multicast message:Network is unreachable
[parameter_bridge-26] Exception sending a multicast message:Network is unreachable
[parameter_bridge-10] Exception sending a multicast message:Network is unreachable
[parameter_bridge-23] Exception sending a multicast message:Network is unreachable
[parameter_bridge-17] Exception sending a multicast message:Network is unreachable
[parameter_bridge-23] Exception sending a multicast message:Network is unreachable
[parameter_bridge-2] Exception sending a multicast message:Network is unreachable
[parameter_bridge-11] Exception sending a multicast message:Network is unreachable
[parameter_bridge-25] Exception sending a multicast message:Network is unreachable
[parameter_bridge-19] Exception sending a multicast message:Network is unreachable
[parameter_bridge-29] Exception sending a multicast message:Network is unreachable
[parameter_bridge-24] Exception sending a multicast message:Network is unreachable
[parameter_bridge-10] Exception sending a multicast message:Network is unreachable
[parameter_bridge-22] Exception sending a multicast message:Network is unreachable
[parameter_bridge-12] Exception sending a multicast message:Network is unreachable
[parameter_bridge-17] Exception sending a multicast message:Network is unreachable
[parameter_bridge-18] Exception sending a multicast message:Network is unreachable
[parameter_bridge-24] Exception sending a multicast message:Network is unreachable
[parameter_bridge-21] Exception sending a multicast message:Network is unreachable
[parameter_bridge-29] Exception sending a multicast message:Network is unreachable
[parameter_bridge-22] Exception sending a multicast message:Network is unreachable
[parameter_bridge-9] Exception sending a multicast message:Network is unreachable
[parameter_bridge-9] Exception sending a multicast message:Network is unreachable
[parameter_bridge-11] Exception sending a multicast message:Network is unreachable
[parameter_bridge-20] Exception sending a multicast message:Network is unreachable
[parameter_bridge-15] Exception sending a multicast message:Network is unreachable
[parameter_bridge-25] Exception sending a multicast message:Network is unreachable
[parameter_bridge-25] Exception sending a multicast message:Network is unreachable
[parameter_bridge-25] Exception sending a multicast message:Network is unreachable
[parameter_bridge-18] Exception sending a multicast message:Network is unreachable
[gazebo-1] Exception sending a multicast message:网络不可达
[gazebo-1] Exception sending a multicast message:网络不可达
[gazebo-1] Exception sending a multicast message:网络不可达
[gazebo-1] Exception sending a multicast message:网络不可达
[gazebo-1] Exception sending a multicast message:网络不可达
[gazebo-1] Exception sending a multicast message:网络不可达
[gazebo-1] Exception sending a multicast message:网络不可达
[gazebo-1] Exception sending a multicast message:网络不可达
[parameter_bridge-27] Exception sending a multicast message:Network is unreachable
[parameter_bridge-27] Exception sending a multicast message:Network is unreachable
[parameter_bridge-27] Exception sending a multicast message:Network is unreachable
[parameter_bridge-27] Exception sending a multicast message:Network is unreachable
[parameter_bridge-27] Exception sending a multicast message:Network is unreachable
[parameter_bridge-27] Exception sending a multicast message:Network is unreachable
[parameter_bridge-27] Exception sending a multicast message:Network is unreachable
[parameter_bridge-27] Exception sending a multicast message:Network is unreachable
[gazebo-1] Exception sending a multicast message:Network is unreachable
[gazebo-1] Exception sending a multicast message:Network is unreachable
[gazebo-1] Exception sending a multicast message:Network is unreachable
[gazebo-1] Exception sending a multicast message:Network is unreachable
[gazebo-1] Exception sending a multicast message:Network is unreachable
[gazebo-1] Exception sending a multicast message:Network is unreachable
[gazebo-1] Exception sending a multicast message:Network is unreachable
[gazebo-1] Exception sending a multicast message:Network is unreachable
[gazebo-1] Exception sending a multicast message:Network is unreachable
[gazebo-1] Exception sending a multicast message:Network is unreachable
[gazebo-1] Exception sending a multicast message:Network is unreachable
[gazebo-1] Exception sending a multicast message:Network is unreachable
[gazebo-1] Exception sending a multicast message:Network is unreachable
[gazebo-1] Exception sending a multicast message:Network is unreachable
[gazebo-1] Exception sending a multicast message:Network is unreachable
[gazebo-1] Exception sending a multicast message:Network is unreachable
[gazebo-1] Exception sending a multicast message:Network is unreachable
[gazebo-1] Exception sending a multicast message:Network is unreachable
[gazebo-1] Exception sending a multicast message:Network is unreachable
[gazebo-1] Exception sending a multicast message:Network is unreachable
[gazebo-1] Exception sending a multicast message:Network is unreachable
[gazebo-1] Exception sending a multicast message:Network is unreachable
[gazebo-1] Exception sending a multicast message:Network is unreachable
[gazebo-1] Exception sending a multicast message:Network is unreachable
[gazebo-1] Exception sending a multicast message:Network is unreachable
[gazebo-1] Exception sending a multicast message:Network is unreachable
[gazebo-1] Exception sending a multicast message:Network is unreachable
[gazebo-1] Exception sending a multicast message:Network is unreachable
[gazebo-1] Exception sending a multicast message:Network is unreachable
[gazebo-1] Exception sending a multicast message:Network is unreachable
[gazebo-1] Exception sending a multicast message:Network is unreachable
[gazebo-1] Exception sending a multicast message:Network is unreachable
[gazebo-1] Exception sending a multicast message:Network is unreachable
[gazebo-1] Exception sending a multicast message:Network is unreachable
[gazebo-1] Exception sending a multicast message:Network is unreachable
[gazebo-1] Exception sending a multicast message:Network is unreachable
[gazebo-1] Exception sending a multicast message:Network is unreachable
[gazebo-1] Exception sending a multicast message:Network is unreachable
[gazebo-1] Exception sending a multicast message:Network is unreachable
[gazebo-1] Exception sending a multicast message:Network is unreachable
[gazebo-1] Exception sending a multicast message:Network is unreachable
[gazebo-1] Exception sending a multicast message:Network is unreachable
[gazebo-1] Exception sending a multicast message:Network is unreachable
[gazebo-1] Exception sending a multicast message:Network is unreachable
[gazebo-1] Exception sending a multicast message:Network is unreachable
[gazebo-1] Exception sending a multicast message:Network is unreachable
[gazebo-1] Exception sending a multicast message:Network is unreachable
[gazebo-1] Exception sending a multicast message:Network is unreachable
[gazebo-1] Exception sending a multicast message:Network is unreachable
[gazebo-1] Exception sending a multicast message:Network is unreachable
[gazebo-1] Exception sending a multicast message:Network is unreachable
[gazebo-1] Exception sending a multicast message:Network is unreachable
[gazebo-1] Exception sending a multicast message:Network is unreachable
[gazebo-1] Exception sending a multicast message:Network is unreachable
[gazebo-1] Exception sending a multicast message:Network is unreachable
[gazebo-1] Exception sending a multicast message:Network is unreachable
[gazebo-1] Exception sending a multicast message:Network is unreachable
[gazebo-1] Exception sending a multicast message:Network is unreachable
[gazebo-1] Exception sending a multicast message:Network is unreachable
[gazebo-1] Exception sending a multicast message:Network is unreachable
[gazebo-1] Exception sending a multicast message:Network is unreachable
[gazebo-1] Exception sending a multicast message:Network is unreachable
[gazebo-1] Exception sending a multicast message:Network is unreachable
[gazebo-1] Exception sending a multicast message:Network is unreachable
[gazebo-1] Exception sending a multicast message:Network is unreachable
[gazebo-1] Exception sending a multicast message:Network is unreachable
[gazebo-1] Exception sending a multicast message:Network is unreachable
[gazebo-1] Exception sending a multicast message:Network is unreachable
[gazebo-1] Exception sending a multicast message:Network is unreachable
[gazebo-1] Exception sending a multicast message:Network is unreachable
[gazebo-1] Exception sending a multicast message:Network is unreachable
[gazebo-1] Exception sending a multicast message:Network is unreachable
[gazebo-1] Exception sending a multicast message:Network is unreachable
[gazebo-1] Exception sending a multicast message:Network is unreachable
[gazebo-1] Exception sending a multicast message:Network is unreachable
[gazebo-1] Exception sending a multicast message:Network is unreachable
[gazebo-1] Exception sending a multicast message:Network is unreachable
[gazebo-1] Exception sending a multicast message:Network is unreachable
[gazebo-1] Exception sending a multicast message:Network is unreachable
[gazebo-1] Exception sending a multicast message:Network is unreachable
[gazebo-1] Exception sending a multicast message:Network is unreachable
[gazebo-1] Exception sending a multicast message:Network is unreachable
[gazebo-1] Exception sending a multicast message:Network is unreachable
[gazebo-1] Exception sending a multicast message:Network is unreachable
[gazebo-1] Exception sending a multicast message:Network is unreachable
[gazebo-1] Exception sending a multicast message:Network is unreachable
[gazebo-1] Exception sending a multicast message:Network is unreachable
[gazebo-1] Exception sending a multicast message:Network is unreachable
[gazebo-1] Exception sending a multicast message:Network is unreachable
[gazebo-1] Exception sending a multicast message:Network is unreachable
[gazebo-1] Exception sending a multicast message:Network is unreachable
[gazebo-1] Exception sending a multicast message:Network is unreachable
[gazebo-1] Exception sending a multicast message:Network is unreachable
[gazebo-1] Exception sending a multicast message:Network is unreachable
[gazebo-1] Exception sending a multicast message:Network is unreachable
[gazebo-1] Exception sending a multicast message:Network is unreachable
[gazebo-1] Exception sending a multicast message:Network is unreachable
[gazebo-1] Exception sending a multicast message:Network is unreachable
[gazebo-1] Exception sending a multicast message:Network is unreachable
[gazebo-1] Exception sending a multicast message:Network is unreachable
[gazebo-1] Exception sending a multicast message:Network is unreachable
[gazebo-1] Exception sending a multicast message:Network is unreachable
[gazebo-1] Exception sending a multicast message:Network is unreachable
[gazebo-1] Exception sending a multicast message:Network is unreachable
[gazebo-1] Exception sending a multicast message:Network is unreachable
[gazebo-1] Exception sending a multicast message:Network is unreachable
[gazebo-1] Exception sending a multicast message:Network is unreachable
[gazebo-1] Exception sending a multicast message:Network is unreachable
[gazebo-1] Exception sending a multicast message:Network is unreachable
[gazebo-1] Exception sending a multicast message:Network is unreachable
[gazebo-1] Exception sending a multicast message:Network is unreachable
[gazebo-1] Exception sending a multicast message:Network is unreachable
[gazebo-1] Exception sending a multicast message:Network is unreachable
[gazebo-1] Exception sending a multicast message:Network is unreachable
[gazebo-1] Exception sending a multicast message:Network is unreachable
[gazebo-1] Exception sending a multicast message:Network is unreachable
[gazebo-1] Exception sending a multicast message:Network is unreachable
[parameter_bridge-2] Exception sending a multicast message:Network is unreachable
[parameter_bridge-2] Exception sending a multicast message:Network is unreachable
[parameter_bridge-9] Exception sending a multicast message:Network is unreachable
[parameter_bridge-10] Exception sending a multicast message:Network is unreachable
[parameter_bridge-13] Exception sending a multicast message:Network is unreachable
[parameter_bridge-11] Exception sending a multicast message:Network is unreachable
[parameter_bridge-14] Exception sending a multicast message:Network is unreachable
[parameter_bridge-9] Exception sending a multicast message:Network is unreachable
[parameter_bridge-9] Exception sending a multicast message:Network is unreachable
[parameter_bridge-17] Exception sending a multicast message:Network is unreachable
[parameter_bridge-12] Exception sending a multicast message:Network is unreachable
[parameter_bridge-20] Exception sending a multicast message:Network is unreachable
[parameter_bridge-25] Exception sending a multicast message:Network is unreachable
[parameter_bridge-25] Exception sending a multicast message:Network is unreachable
[parameter_bridge-25] Exception sending a multicast message:Network is unreachable
[parameter_bridge-25] Exception sending a multicast message:Network is unreachable
[parameter_bridge-12] Exception sending a multicast message:Network is unreachable
[parameter_bridge-15] Exception sending a multicast message:Network is unreachable
[parameter_bridge-11] Exception sending a multicast message:Network is unreachable
[parameter_bridge-21] Exception sending a multicast message:Network is unreachable
[parameter_bridge-15] Exception sending a multicast message:Network is unreachable
[parameter_bridge-13] Exception sending a multicast message:Network is unreachable
[parameter_bridge-16] Exception sending a multicast message:Network is unreachable
[gazebo-1] Exception sending a multicast message:Network is unreachable
[parameter_bridge-17] Exception sending a multicast message:Network is unreachable
[parameter_bridge-18] Exception sending a multicast message:Network is unreachable
[parameter_bridge-23] Exception sending a multicast message:Network is unreachable
[gazebo-1] Exception sending a multicast message:Network is unreachable
[gazebo-1] Exception sending a multicast message:Network is unreachable
[gazebo-1] Exception sending a multicast message:Network is unreachable
[parameter_bridge-27] Exception sending a multicast message:Network is unreachable
[parameter_bridge-27] Exception sending a multicast message:Network is unreachable
[parameter_bridge-27] Exception sending a multicast message:Network is unreachable
[parameter_bridge-27] Exception sending a multicast message:Network is unreachable
[parameter_bridge-27] Exception sending a multicast message:Network is unreachable
[parameter_bridge-27] Exception sending a multicast message:Network is unreachable
[parameter_bridge-27] Exception sending a multicast message:Network is unreachable
[parameter_bridge-27] Exception sending a multicast message:Network is unreachable
[parameter_bridge-19] Exception sending a multicast message:Network is unreachable
[parameter_bridge-21] Exception sending a multicast message:Network is unreachable
[gazebo-1] Exception sending a multicast message:Network is unreachable
[gazebo-1] Exception sending a multicast message:Network is unreachable
[gazebo-1] Exception sending a multicast message:Network is unreachable
[gazebo-1] Exception sending a multicast message:Network is unreachable
[gazebo-1] Exception sending a multicast message:Network is unreachable
[gazebo-1] Exception sending a multicast message:Network is unreachable
[gazebo-1] Exception sending a multicast message:Network is unreachable
[gazebo-1] Exception sending a multicast message:Network is unreachable
[gazebo-1] Exception sending a multicast message:Network is unreachable
[gazebo-1] Exception sending a multicast message:Network is unreachable
[gazebo-1] Exception sending a multicast message:Network is unreachable
[gazebo-1] Exception sending a multicast message:Network is unreachable
[gazebo-1] Exception sending a multicast message:Network is unreachable
[gazebo-1] Exception sending a multicast message:Network is unreachable
[gazebo-1] Exception sending a multicast message:Network is unreachable
[gazebo-1] Exception sending a multicast message:Network is unreachable
[gazebo-1] Exception sending a multicast message:Network is unreachable
[gazebo-1] Exception sending a multicast message:Network is unreachable
[gazebo-1] Exception sending a multicast message:Network is unreachable
[gazebo-1] Exception sending a multicast message:Network is unreachable
[gazebo-1] Exception sending a multicast message:Network is unreachable
[gazebo-1] Exception sending a multicast message:Network is unreachable
[gazebo-1] Exception sending a multicast message:Network is unreachable
[gazebo-1] Exception sending a multicast message:Network is unreachable
[gazebo-1] Exception sending a multicast message:Network is unreachable
[gazebo-1] Exception sending a multicast message:Network is unreachable
[gazebo-1] Exception sending a multicast message:Network is unreachable
[gazebo-1] Exception sending a multicast message:Network is unreachable
[gazebo-1] Exception sending a multicast message:Network is unreachable
[gazebo-1] Exception sending a multicast message:Network is unreachable
[gazebo-1] Exception sending a multicast message:Network is unreachable
[gazebo-1] Exception sending a multicast message:Network is unreachable
[gazebo-1] Exception sending a multicast message:Network is unreachable
[gazebo-1] Exception sending a multicast message:Network is unreachable
[gazebo-1] Exception sending a multicast message:Network is unreachable
[gazebo-1] Exception sending a multicast message:Network is unreachable
[gazebo-1] Exception sending a multicast message:Network is unreachable
[gazebo-1] Exception sending a multicast message:Network is unreachable
[gazebo-1] Exception sending a multicast message:Network is unreachable
[gazebo-1] Exception sending a multicast message:Network is unreachable
[gazebo-1] Exception sending a multicast message:Network is unreachable
[gazebo-1] Exception sending a multicast message:Network is unreachable
[gazebo-1] Exception sending a multicast message:Network is unreachable
[gazebo-1] Exception sending a multicast message:Network is unreachable
[gazebo-1] Exception sending a multicast message:Network is unreachable
[gazebo-1] Exception sending a multicast message:Network is unreachable
[gazebo-1] Exception sending a multicast message:Network is unreachable
[gazebo-1] Exception sending a multicast message:Network is unreachable
[gazebo-1] Exception sending a multicast message:Network is unreachable
[gazebo-1] Exception sending a multicast message:Network is unreachable
[gazebo-1] Exception sending a multicast message:Network is unreachable
[gazebo-1] Exception sending a multicast message:Network is unreachable
[gazebo-1] Exception sending a multicast message:Network is unreachable
[gazebo-1] Exception sending a multicast message:Network is unreachable
[gazebo-1] Exception sending a multicast message:Network is unreachable
[gazebo-1] Exception sending a multicast message:Network is unreachable
[gazebo-1] Exception sending a multicast message:Network is unreachable
[gazebo-1] Exception sending a multicast message:Network is unreachable
[gazebo-1] Exception sending a multicast message:Network is unreachable
[gazebo-1] Exception sending a multicast message:Network is unreachable
[gazebo-1] Exception sending a multicast message:Network is unreachable
[gazebo-1] Exception sending a multicast message:Network is unreachable
[gazebo-1] Exception sending a multicast message:Network is unreachable
[gazebo-1] Exception sending a multicast message:Network is unreachable
[gazebo-1] Exception sending a multicast message:Network is unreachable
[gazebo-1] Exception sending a multicast message:Network is unreachable
[gazebo-1] Exception sending a multicast message:Network is unreachable
[gazebo-1] Exception sending a multicast message:Network is unreachable
[gazebo-1] Exception sending a multicast message:Network is unreachable
[gazebo-1] Exception sending a multicast message:Network is unreachable
[gazebo-1] Exception sending a multicast message:Network is unreachable
[gazebo-1] Exception sending a multicast message:Network is unreachable
[gazebo-1] Exception sending a multicast message:Network is unreachable
[gazebo-1] Exception sending a multicast message:Network is unreachable
[gazebo-1] Exception sending a multicast message:Network is unreachable
[gazebo-1] Exception sending a multicast message:Network is unreachable
[gazebo-1] Exception sending a multicast message:Network is unreachable
[gazebo-1] Exception sending a multicast message:Network is unreachable
[gazebo-1] Exception sending a multicast message:Network is unreachable
[gazebo-1] Exception sending a multicast message:Network is unreachable
[gazebo-1] Exception sending a multicast message:Network is unreachable
[gazebo-1] Exception sending a multicast message:Network is unreachable
[gazebo-1] Exception sending a multicast message:Network is unreachable
[gazebo-1] Exception sending a multicast message:Network is unreachable
[gazebo-1] Exception sending a multicast message:Network is unreachable
[gazebo-1] Exception sending a multicast message:Network is unreachable
[gazebo-1] Exception sending a multicast message:Network is unreachable
[gazebo-1] Exception sending a multicast message:Network is unreachable
[gazebo-1] Exception sending a multicast message:Network is unreachable
[gazebo-1] Exception sending a multicast message:Network is unreachable
[gazebo-1] Exception sending a multicast message:Network is unreachable
[gazebo-1] Exception sending a multicast message:Network is unreachable
[gazebo-1] Exception sending a multicast message:Network is unreachable
[gazebo-1] Exception sending a multicast message:Network is unreachable
[gazebo-1] Exception sending a multicast message:Network is unreachable
[gazebo-1] Exception sending a multicast message:Network is unreachable
[gazebo-1] Exception sending a multicast message:Network is unreachable
[gazebo-1] Exception sending a multicast message:Network is unreachable
[gazebo-1] Exception sending a multicast message:Network is unreachable
[gazebo-1] Exception sending a multicast message:Network is unreachable
[gazebo-1] Exception sending a multicast message:Network is unreachable
[gazebo-1] Exception sending a multicast message:Network is unreachable
[gazebo-1] Exception sending a multicast message:Network is unreachable
[gazebo-1] Exception sending a multicast message:Network is unreachable
[gazebo-1] Exception sending a multicast message:Network is unreachable
[gazebo-1] Exception sending a multicast message:Network is unreachable
[gazebo-1] Exception sending a multicast message:Network is unreachable
[gazebo-1] Exception sending a multicast message:Network is unreachable
[gazebo-1] Exception sending a multicast message:Network is unreachable
[gazebo-1] Exception sending a multicast message:Network is unreachable
[gazebo-1] Exception sending a multicast message:Network is unreachable
[gazebo-1] Exception sending a multicast message:Network is unreachable
[gazebo-1] Exception sending a multicast message:Network is unreachable
[gazebo-1] Exception sending a multicast message:网络不可达
[gazebo-1] Exception sending a multicast message:网络不可达
[gazebo-1] Exception sending a multicast message:网络不可达
[gazebo-1] Exception sending a multicast message:网络不可达
[parameter_bridge-24] Exception sending a multicast message:Network is unreachable
[parameter_bridge-24] Exception sending a multicast message:Network is unreachable
[parameter_bridge-14] Exception sending a multicast message:Network is unreachable
[parameter_bridge-29] Exception sending a multicast message:Network is unreachable
[parameter_bridge-22] Exception sending a multicast message:Network is unreachable
[parameter_bridge-22] Exception sending a multicast message:Network is unreachable
[parameter_bridge-23] Exception sending a multicast message:Network is unreachable
[parameter_bridge-29] Exception sending a multicast message:Network is unreachable
[parameter_bridge-16] Exception sending a multicast message:Network is unreachable
[parameter_bridge-18] Exception sending a multicast message:Network is unreachable
[parameter_bridge-19] Exception sending a multicast message:Network is unreachable
[parameter_bridge-20] Exception sending a multicast message:Network is unreachable
[parameter_bridge-26] Exception sending a multicast message:Network is unreachable
[parameter_bridge-27] Exception sending a multicast message:Network is unreachable
[parameter_bridge-10] Exception sending a multicast message:Network is unreachable
[parameter_bridge-28] Exception sending a multicast message:Network is unreachable
[gazebo-1] Exception sending a multicast message:网络不可达
[gazebo-1] Exception sending a multicast message:网络不可达
[gazebo-1] Exception sending a multicast message:网络不可达
[gazebo-1] Exception sending a multicast message:网络不可达
[parameter_bridge-26] Exception sending a multicast message:Network is unreachable
[parameter_bridge-28] Exception sending a multicast message:Network is unreachable
[parameter_bridge-2] Exception sending a multicast message:Exception sending a multicast message:Network is unreachable
[parameter_bridge-2] Network is unreachable
[parameter_bridge-9] Exception sending a multicast message:Network is unreachable
[parameter_bridge-9] Exception sending a multicast message:Network is unreachable
[parameter_bridge-10] Exception sending a multicast message:Network is unreachable
[parameter_bridge-13] Exception sending a multicast message:Network is unreachable
[parameter_bridge-11] Exception sending a multicast message:Network is unreachable
[parameter_bridge-14] Exception sending a multicast message:Network is unreachable
[parameter_bridge-9] Exception sending a multicast message:Network is unreachable
[parameter_bridge-17] Exception sending a multicast message:Network is unreachable
[parameter_bridge-12] Exception sending a multicast message:Network is unreachable
[parameter_bridge-20] Exception sending a multicast message:Network is unreachable
[parameter_bridge-25] Exception sending a multicast message:Network is unreachable
[parameter_bridge-25] Exception sending a multicast message:Network is unreachable
[parameter_bridge-25] Exception sending a multicast message:Network is unreachable
[parameter_bridge-25] Exception sending a multicast message:Network is unreachable
[parameter_bridge-12] Exception sending a multicast message:Network is unreachable
[parameter_bridge-15] Exception sending a multicast message:Network is unreachable
[parameter_bridge-11] Exception sending a multicast message:Network is unreachable
[parameter_bridge-21] Exception sending a multicast message:Network is unreachable
[parameter_bridge-15] Exception sending a multicast message:Network is unreachable
[parameter_bridge-13] Exception sending a multicast message:Network is unreachable
[parameter_bridge-16] Exception sending a multicast message:Network is unreachable
[parameter_bridge-17] Exception sending a multicast message:Network is unreachable
[parameter_bridge-18] Exception sending a multicast message:Network is unreachable
[parameter_bridge-23] Exception sending a multicast message:Network is unreachable
[parameter_bridge-19] Exception sending a multicast message:Network is unreachable
[parameter_bridge-27] Exception sending a multicast message:Network is unreachable
[parameter_bridge-27] Exception sending a multicast message:Network is unreachable
[parameter_bridge-27] Exception sending a multicast message:Network is unreachable
[parameter_bridge-27] Exception sending a multicast message:Network is unreachable
[parameter_bridge-27] Exception sending a multicast message:Network is unreachable
[parameter_bridge-27] Exception sending a multicast message:Network is unreachable
[parameter_bridge-27] Exception sending a multicast message:Network is unreachable
[parameter_bridge-27] Exception sending a multicast message:Network is unreachable
[parameter_bridge-21] Exception sending a multicast message:Network is unreachable
[parameter_bridge-24] Exception sending a multicast message:Network is unreachable
[parameter_bridge-14] Exception sending a multicast message:Network is unreachable
[gazebo-1] Exception sending a multicast message:Network is unreachable
[gazebo-1] Exception sending a multicast message:Network is unreachable
[gazebo-1] Exception sending a multicast message:Network is unreachable
[gazebo-1] Exception sending a multicast message:Network is unreachable
[gazebo-1] Exception sending a multicast message:Network is unreachable
[gazebo-1] Exception sending a multicast message:Network is unreachable
[gazebo-1] Exception sending a multicast message:Network is unreachable
[gazebo-1] Exception sending a multicast message:Network is unreachable
[gazebo-1] Exception sending a multicast message:Network is unreachable
[gazebo-1] Exception sending a multicast message:Network is unreachable
[gazebo-1] Exception sending a multicast message:Network is unreachable
[gazebo-1] Exception sending a multicast message:Network is unreachable
[gazebo-1] Exception sending a multicast message:Network is unreachable
[gazebo-1] Exception sending a multicast message:Network is unreachable
[gazebo-1] Exception sending a multicast message:Network is unreachable
[gazebo-1] Exception sending a multicast message:Network is unreachable
[gazebo-1] Exception sending a multicast message:Network is unreachable
[gazebo-1] Exception sending a multicast message:Network is unreachable
[gazebo-1] Exception sending a multicast message:Network is unreachable
[gazebo-1] Exception sending a multicast message:Network is unreachable
[gazebo-1] Exception sending a multicast message:Network is unreachable
[gazebo-1] Exception sending a multicast message:Network is unreachable
[gazebo-1] Exception sending a multicast message:Network is unreachable
[gazebo-1] Exception sending a multicast message:Network is unreachable
[gazebo-1] Exception sending a multicast message:Network is unreachable
[gazebo-1] Exception sending a multicast message:Network is unreachable
[gazebo-1] Exception sending a multicast message:Network is unreachable
[gazebo-1] Exception sending a multicast message:Network is unreachable
[gazebo-1] Exception sending a multicast message:Network is unreachable
[gazebo-1] Exception sending a multicast message:Network is unreachable
[gazebo-1] Exception sending a multicast message:Network is unreachable
[gazebo-1] Exception sending a multicast message:Network is unreachable
[gazebo-1] Exception sending a multicast message:Network is unreachable
[gazebo-1] Exception sending a multicast message:Network is unreachable
[gazebo-1] Exception sending a multicast message:Network is unreachable
[gazebo-1] Exception sending a multicast message:Network is unreachable
[gazebo-1] Exception sending a multicast message:Network is unreachable
[gazebo-1] Exception sending a multicast message:Network is unreachable
[gazebo-1] Exception sending a multicast message:Network is unreachable
[gazebo-1] Exception sending a multicast message:Network is unreachable
[gazebo-1] Exception sending a multicast message:Network is unreachable
[gazebo-1] Exception sending a multicast message:Network is unreachable
[gazebo-1] Exception sending a multicast message:Network is unreachable
[gazebo-1] Exception sending a multicast message:Network is unreachable
[gazebo-1] Exception sending a multicast message:Network is unreachable
[gazebo-1] Exception sending a multicast message:Network is unreachable
[gazebo-1] Exception sending a multicast message:Network is unreachable
[gazebo-1] Exception sending a multicast message:Network is unreachable
[gazebo-1] Exception sending a multicast message:Network is unreachable
[gazebo-1] Exception sending a multicast message:Network is unreachable
[gazebo-1] Exception sending a multicast message:Network is unreachable
[parameter_bridge-29] Exception sending a multicast message:Network is unreachable
[parameter_bridge-24] Exception sending a multicast message:Network is unreachable
[parameter_bridge-22] Exception sending a multicast message:Network is unreachable
[gazebo-1] Exception sending a multicast message:Network is unreachable
[gazebo-1] Exception sending a multicast message:Network is unreachable
[gazebo-1] Exception sending a multicast message:Network is unreachable
[gazebo-1] Exception sending a multicast message:Network is unreachable
[gazebo-1] Exception sending a multicast message:Network is unreachable
[gazebo-1] Exception sending a multicast message:Network is unreachable
[gazebo-1] Exception sending a multicast message:Network is unreachable
[gazebo-1] Exception sending a multicast message:Network is unreachable
[gazebo-1] Exception sending a multicast message:Network is unreachable
[gazebo-1] Exception sending a multicast message:Network is unreachable
[gazebo-1] Exception sending a multicast message:Network is unreachable
[gazebo-1] Exception sending a multicast message:Network is unreachable
[gazebo-1] Exception sending a multicast message:Network is unreachable
[gazebo-1] Exception sending a multicast message:Network is unreachable
[gazebo-1] Exception sending a multicast message:Network is unreachable
[gazebo-1] Exception sending a multicast message:Network is unreachable
[gazebo-1] Exception sending a multicast message:Network is unreachable
[gazebo-1] Exception sending a multicast message:Network is unreachable
[gazebo-1] Exception sending a multicast message:Network is unreachable
[gazebo-1] Exception sending a multicast message:Network is unreachable
[gazebo-1] Exception sending a multicast message:Network is unreachable
[gazebo-1] Exception sending a multicast message:Network is unreachable
[gazebo-1] Exception sending a multicast message:Network is unreachable
[gazebo-1] Exception sending a multicast message:Network is unreachable
[gazebo-1] Exception sending a multicast message:Network is unreachable
[gazebo-1] Exception sending a multicast message:Network is unreachable
[gazebo-1] Exception sending a multicast message:Network is unreachable
[gazebo-1] Exception sending a multicast message:Network is unreachable
[gazebo-1] Exception sending a multicast message:Network is unreachable
[gazebo-1] Exception sending a multicast message:Network is unreachable
[gazebo-1] Exception sending a multicast message:Network is unreachable
[gazebo-1] Exception sending a multicast message:Network is unreachable
[gazebo-1] Exception sending a multicast message:Network is unreachable
[gazebo-1] Exception sending a multicast message:Network is unreachable
[gazebo-1] Exception sending a multicast message:Network is unreachable
[gazebo-1] Exception sending a multicast message:Network is unreachable
[gazebo-1] Exception sending a multicast message:Network is unreachable
[gazebo-1] Exception sending a multicast message:Network is unreachable
[gazebo-1] Exception sending a multicast message:Network is unreachable
[gazebo-1] Exception sending a multicast message:Network is unreachable
[gazebo-1] Exception sending a multicast message:Network is unreachable
[gazebo-1] Exception sending a multicast message:Network is unreachable
[gazebo-1] Exception sending a multicast message:Network is unreachable
[gazebo-1] Exception sending a multicast message:Network is unreachable
[gazebo-1] Exception sending a multicast message:Network is unreachable
[gazebo-1] Exception sending a multicast message:Network is unreachable
[gazebo-1] Exception sending a multicast message:Exception sending a multicast message:Network is unreachable
[gazebo-1] Exception sending a multicast message:网络不可达Network is unreachable
[gazebo-1] 
[gazebo-1] Exception sending a multicast message:Network is unreachable
[gazebo-1] Exception sending a multicast message:Network is unreachable
[gazebo-1] Exception sending a multicast message:Network is unreachable
[gazebo-1] Exception sending a multicast message:网络不可达Exception sending a multicast message:
[gazebo-1] Network is unreachable
[gazebo-1] Exception sending a multicast message:Exception sending a multicast message:网络不可达Network is unreachable
[gazebo-1] 
[gazebo-1] Exception sending a multicast message:Exception sending a multicast message:网络不可达Network is unreachable
[gazebo-1] 
[gazebo-1] Exception sending a multicast message:Network is unreachable
[gazebo-1] Exception sending a multicast message:Network is unreachable
[gazebo-1] Exception sending a multicast message:Network is unreachable
[gazebo-1] Exception sending a multicast message:Network is unreachable
[gazebo-1] Exception sending a multicast message:Network is unreachable
[gazebo-1] Exception sending a multicast message:Network is unreachable
[gazebo-1] Exception sending a multicast message:Network is unreachable
[gazebo-1] Exception sending a multicast message:Network is unreachable
[gazebo-1] Exception sending a multicast message:Network is unreachable
[gazebo-1] Exception sending a multicast message:Network is unreachable
[gazebo-1] Exception sending a multicast message:Network is unreachable
[gazebo-1] Exception sending a multicast message:Network is unreachable
[parameter_bridge-22] Exception sending a multicast message:Network is unreachable
[parameter_bridge-23] Exception sending a multicast message:Network is unreachable
[parameter_bridge-29] Exception sending a multicast message:Network is unreachable
[parameter_bridge-16] Exception sending a multicast message:Network is unreachable
[parameter_bridge-18] Exception sending a multicast message:Network is unreachable
[parameter_bridge-19] Exception sending a multicast message:Network is unreachable
[parameter_bridge-20] Exception sending a multicast message:Network is unreachable
[parameter_bridge-26] Exception sending a multicast message:Network is unreachable
[parameter_bridge-27] Exception sending a multicast message:Network is unreachable
[parameter_bridge-10] Exception sending a multicast message:Network is unreachable
[parameter_bridge-28] Exception sending a multicast message:Network is unreachable
[gazebo-1] Exception sending a multicast message:网络不可达
[gazebo-1] Exception sending a multicast message:网络不可达
[gazebo-1] Exception sending a multicast message:网络不可达
[gazebo-1] Exception sending a multicast message:网络不可达
[parameter_bridge-26] Exception sending a multicast message:Network is unreachable
[parameter_bridge-28] Exception sending a multicast message:Network is unreachable
[parameter_bridge-2] Exception sending a multicast message:Network is unreachable
[parameter_bridge-2] Exception sending a multicast message:Network is unreachable
[parameter_bridge-9] Exception sending a multicast message:Network is unreachable
[parameter_bridge-10] Exception sending a multicast message:Network is unreachable
[parameter_bridge-13] Exception sending a multicast message:Network is unreachable
[parameter_bridge-11] Exception sending a multicast message:Network is unreachable
[parameter_bridge-14] Exception sending a multicast message:Network is unreachable
[parameter_bridge-9] Exception sending a multicast message:Network is unreachable
[parameter_bridge-9] Exception sending a multicast message:Network is unreachable
[parameter_bridge-17] Exception sending a multicast message:Network is unreachable
[parameter_bridge-12] Exception sending a multicast message:Network is unreachable
[parameter_bridge-20] Exception sending a multicast message:Network is unreachable
[parameter_bridge-25] Exception sending a multicast message:Network is unreachable
[parameter_bridge-12] Exception sending a multicast message:Network is unreachable
[parameter_bridge-25] Exception sending a multicast message:Network is unreachable
[parameter_bridge-25] Exception sending a multicast message:Network is unreachable
[parameter_bridge-25] Exception sending a multicast message:Network is unreachable
[parameter_bridge-15] Exception sending a multicast message:Network is unreachable
[parameter_bridge-11] Exception sending a multicast message:Network is unreachable
[parameter_bridge-21] Exception sending a multicast message:Network is unreachable
[parameter_bridge-15] Exception sending a multicast message:Network is unreachable
[parameter_bridge-13] Exception sending a multicast message:Network is unreachable
[parameter_bridge-16] Exception sending a multicast message:Network is unreachable
[parameter_bridge-17] Exception sending a multicast message:Network is unreachable
[parameter_bridge-18] Exception sending a multicast message:Network is unreachable
[parameter_bridge-23] Exception sending a multicast message:Network is unreachable
[parameter_bridge-19] Exception sending a multicast message:Network is unreachable
[parameter_bridge-21] Exception sending a multicast message:Network is unreachable
[parameter_bridge-27] Exception sending a multicast message:Network is unreachable
[parameter_bridge-27] Exception sending a multicast message:Network is unreachable
[parameter_bridge-27] Exception sending a multicast message:Network is unreachable
[parameter_bridge-27] Exception sending a multicast message:Network is unreachable
[parameter_bridge-27] Exception sending a multicast message:Network is unreachable
[parameter_bridge-27] Exception sending a multicast message:Network is unreachable
[parameter_bridge-27] Exception sending a multicast message:Network is unreachable
[parameter_bridge-27] Exception sending a multicast message:Network is unreachable
[parameter_bridge-24] Exception sending a multicast message:Network is unreachable
[parameter_bridge-14] Exception sending a multicast message:Network is unreachable
[gazebo-1] Exception sending a multicast message:Network is unreachable
[gazebo-1] Exception sending a multicast message:Network is unreachable
[gazebo-1] Exception sending a multicast message:Network is unreachable
[gazebo-1] Exception sending a multicast message:Network is unreachable
[gazebo-1] Exception sending a multicast message:Network is unreachable
[gazebo-1] Exception sending a multicast message:Network is unreachable
[gazebo-1] Exception sending a multicast message:Network is unreachable
[gazebo-1] Exception sending a multicast message:Network is unreachable
[gazebo-1] Exception sending a multicast message:Network is unreachable
[gazebo-1] Exception sending a multicast message:Network is unreachable
[gazebo-1] Exception sending a multicast message:Network is unreachable
[gazebo-1] Exception sending a multicast message:Network is unreachable
[gazebo-1] Exception sending a multicast message:Network is unreachable
[gazebo-1] Exception sending a multicast message:Network is unreachable
[gazebo-1] Exception sending a multicast message:Network is unreachable
[gazebo-1] Exception sending a multicast message:Network is unreachable
[gazebo-1] Exception sending a multicast message:Network is unreachable
[gazebo-1] Exception sending a multicast message:Network is unreachable
[gazebo-1] Exception sending a multicast message:Network is unreachable
[gazebo-1] Exception sending a multicast message:Network is unreachable
[gazebo-1] Exception sending a multicast message:Network is unreachable
[gazebo-1] Exception sending a multicast message:Network is unreachable
[gazebo-1] Exception sending a multicast message:Network is unreachable
[gazebo-1] Exception sending a multicast message:Network is unreachable
[gazebo-1] Exception sending a multicast message:Network is unreachable
[gazebo-1] Exception sending a multicast message:Network is unreachable
[gazebo-1] Exception sending a multicast message:Network is unreachable
[gazebo-1] Exception sending a multicast message:Network is unreachable
[gazebo-1] Exception sending a multicast message:Network is unreachable
[gazebo-1] Exception sending a multicast message:Network is unreachable
[gazebo-1] Exception sending a multicast message:Network is unreachable
[gazebo-1] Exception sending a multicast message:Network is unreachable
[gazebo-1] Exception sending a multicast message:Network is unreachable
[gazebo-1] Exception sending a multicast message:Network is unreachable
[gazebo-1] Exception sending a multicast message:Network is unreachable
[gazebo-1] Exception sending a multicast message:Network is unreachable
[gazebo-1] Exception sending a multicast message:Network is unreachable
[gazebo-1] Exception sending a multicast message:Network is unreachable
[gazebo-1] Exception sending a multicast message:Network is unreachable
[gazebo-1] Exception sending a multicast message:Network is unreachable
[gazebo-1] Exception sending a multicast message:Network is unreachable
[gazebo-1] Exception sending a multicast message:Network is unreachable
[gazebo-1] Exception sending a multicast message:Network is unreachable
[gazebo-1] Exception sending a multicast message:Network is unreachable
[gazebo-1] Exception sending a multicast message:Network is unreachable
[gazebo-1] Exception sending a multicast message:Network is unreachable
[gazebo-1] Exception sending a multicast message:Network is unreachable
[gazebo-1] Exception sending a multicast message:Network is unreachable
[gazebo-1] Exception sending a multicast message:Network is unreachable
[gazebo-1] Exception sending a multicast message:Network is unreachable
[gazebo-1] Exception sending a multicast message:Network is unreachable
[parameter_bridge-29] Exception sending a multicast message:Network is unreachable
[parameter_bridge-24] Exception sending a multicast message:Network is unreachable
[parameter_bridge-22] Exception sending a multicast message:Network is unreachable
[gazebo-1] Exception sending a multicast message:网络不可达
[gazebo-1] Exception sending a multicast message:网络不可达
[gazebo-1] Exception sending a multicast message:网络不可达
[gazebo-1] Exception sending a multicast message:网络不可达
[gazebo-1] Exception sending a multicast message:Network is unreachable
[gazebo-1] Exception sending a multicast message:Network is unreachable
[gazebo-1] Exception sending a multicast message:Network is unreachable
[gazebo-1] Exception sending a multicast message:Network is unreachable
[gazebo-1] Exception sending a multicast message:Network is unreachable
[gazebo-1] Exception sending a multicast message:Network is unreachable
[gazebo-1] Exception sending a multicast message:Network is unreachable
[gazebo-1] Exception sending a multicast message:Network is unreachable
[gazebo-1] Exception sending a multicast message:Network is unreachable
[gazebo-1] Exception sending a multicast message:Network is unreachable
[gazebo-1] Exception sending a multicast message:Network is unreachable
[gazebo-1] Exception sending a multicast message:Network is unreachable
[gazebo-1] Exception sending a multicast message:Network is unreachable
[gazebo-1] Exception sending a multicast message:Network is unreachable
[gazebo-1] Exception sending a multicast message:Network is unreachable
[gazebo-1] Exception sending a multicast message:Network is unreachable
[gazebo-1] Exception sending a multicast message:Network is unreachable
[gazebo-1] Exception sending a multicast message:Network is unreachable
[gazebo-1] Exception sending a multicast message:Network is unreachable
[gazebo-1] Exception sending a multicast message:Network is unreachable
[gazebo-1] Exception sending a multicast message:Network is unreachable
[gazebo-1] Exception sending a multicast message:Network is unreachable
[gazebo-1] Exception sending a multicast message:Network is unreachable
[gazebo-1] Exception sending a multicast message:Network is unreachable
[gazebo-1] Exception sending a multicast message:Network is unreachable
[gazebo-1] Exception sending a multicast message:Network is unreachable
[gazebo-1] Exception sending a multicast message:Network is unreachable
[gazebo-1] Exception sending a multicast message:Network is unreachable
[gazebo-1] Exception sending a multicast message:Network is unreachable
[gazebo-1] Exception sending a multicast message:Network is unreachable
[gazebo-1] Exception sending a multicast message:Network is unreachable
[gazebo-1] Exception sending a multicast message:Network is unreachable
[gazebo-1] Exception sending a multicast message:Network is unreachable
[gazebo-1] Exception sending a multicast message:Network is unreachable
[gazebo-1] Exception sending a multicast message:Network is unreachable
[gazebo-1] Exception sending a multicast message:Network is unreachable
[gazebo-1] Exception sending a multicast message:Network is unreachable
[gazebo-1] Exception sending a multicast message:Network is unreachable
[gazebo-1] Exception sending a multicast message:Network is unreachable
[gazebo-1] Exception sending a multicast message:Network is unreachable
[gazebo-1] Exception sending a multicast message:Network is unreachable
[gazebo-1] Exception sending a multicast message:Network is unreachable
[gazebo-1] Exception sending a multicast message:Network is unreachable
[gazebo-1] Exception sending a multicast message:Network is unreachable
[gazebo-1] Exception sending a multicast message:Network is unreachable
[gazebo-1] Exception sending a multicast message:Network is unreachable
[gazebo-1] Exception sending a multicast message:Network is unreachable
[gazebo-1] Exception sending a multicast message:Network is unreachable
[gazebo-1] Exception sending a multicast message:Network is unreachable
[gazebo-1] Exception sending a multicast message:Network is unreachable
[gazebo-1] Exception sending a multicast message:Network is unreachable
[gazebo-1] Exception sending a multicast message:Network is unreachable
[gazebo-1] Exception sending a multicast message:Network is unreachable
[gazebo-1] Exception sending a multicast message:Network is unreachable
[gazebo-1] Exception sending a multicast message:Network is unreachable
[gazebo-1] Exception sending a multicast message:Network is unreachable
[gazebo-1] Exception sending a multicast message:Network is unreachable
[gazebo-1] Exception sending a multicast message:Network is unreachable
[gazebo-1] Exception sending a multicast message:Network is unreachable
[gazebo-1] Exception sending a multicast message:Network is unreachable
[gazebo-1] Exception sending a multicast message:Network is unreachable
[gazebo-1] Exception sending a multicast message:Network is unreachable
[gazebo-1] Exception sending a multicast message:Network is unreachable
[gazebo-1] Exception sending a multicast message:Network is unreachable
[gazebo-1] Exception sending a multicast message:Network is unreachable
[gazebo-1] Exception sending a multicast message:Network is unreachable
[parameter_bridge-22] Exception sending a multicast message:Network is unreachable
[parameter_bridge-23] Exception sending a multicast message:Network is unreachable
[parameter_bridge-29] Exception sending a multicast message:Network is unreachable
[parameter_bridge-16] Exception sending a multicast message:Network is unreachable
[parameter_bridge-18] Exception sending a multicast message:Network is unreachable
[parameter_bridge-19] Exception sending a multicast message:Network is unreachable
[parameter_bridge-20] Exception sending a multicast message:Network is unreachable
[parameter_bridge-26] Exception sending a multicast message:Network is unreachable
[parameter_bridge-27] Exception sending a multicast message:Network is unreachable
[parameter_bridge-10] Exception sending a multicast message:Network is unreachable
[parameter_bridge-28] Exception sending a multicast message:Network is unreachable
[parameter_bridge-26] Exception sending a multicast message:Network is unreachable
[gazebo-1] Exception sending a multicast message:网络不可达
[gazebo-1] Exception sending a multicast message:网络不可达
[gazebo-1] Exception sending a multicast message:网络不可达
[gazebo-1] Exception sending a multicast message:网络不可达
[parameter_bridge-28] Exception sending a multicast message:Network is unreachable
[parameter_bridge-2] Exception sending a multicast message:Exception sending a multicast message:Network is unreachable
[parameter_bridge-2] Network is unreachable
[parameter_bridge-9] Exception sending a multicast message:Network is unreachable
[parameter_bridge-9] Exception sending a multicast message:Network is unreachable
[parameter_bridge-9] Exception sending a multicast message:Network is unreachable
[parameter_bridge-10] Exception sending a multicast message:Network is unreachable
[parameter_bridge-13] Exception sending a multicast message:Network is unreachable
[parameter_bridge-13] Exception sending a multicast message:Network is unreachable
[parameter_bridge-11] Exception sending a multicast message:Network is unreachable
[parameter_bridge-11] Exception sending a multicast message:Network is unreachable
[parameter_bridge-14] Exception sending a multicast message:Network is unreachable
[parameter_bridge-12] Exception sending a multicast message:Network is unreachable
[parameter_bridge-12] Exception sending a multicast message:Network is unreachable
[parameter_bridge-20] Exception sending a multicast message:Network is unreachable
[parameter_bridge-17] Exception sending a multicast message:Network is unreachable
[parameter_bridge-17] Exception sending a multicast message:Network is unreachable
[parameter_bridge-25] Exception sending a multicast message:Network is unreachable
[parameter_bridge-25] Exception sending a multicast message:Network is unreachable
[parameter_bridge-25] Exception sending a multicast message:Network is unreachable
[parameter_bridge-25] Exception sending a multicast message:Network is unreachable
[parameter_bridge-15] Exception sending a multicast message:Network is unreachable
[parameter_bridge-15] Exception sending a multicast message:Network is unreachable
[parameter_bridge-21] Exception sending a multicast message:Network is unreachable
[parameter_bridge-16] Exception sending a multicast message:Network is unreachable
[parameter_bridge-23] Exception sending a multicast message:Network is unreachable
[parameter_bridge-19] Exception sending a multicast message:Network is unreachable
[parameter_bridge-18] Exception sending a multicast message:Network is unreachable
[parameter_bridge-27] Exception sending a multicast message:Network is unreachable
[parameter_bridge-27] Exception sending a multicast message:Network is unreachable
[parameter_bridge-27] Exception sending a multicast message:Network is unreachable
[parameter_bridge-27] Exception sending a multicast message:Network is unreachable
[parameter_bridge-27] Exception sending a multicast message:Network is unreachable
[parameter_bridge-27] Exception sending a multicast message:Network is unreachable
[parameter_bridge-27] Exception sending a multicast message:Network is unreachable
[parameter_bridge-27] Exception sending a multicast message:Network is unreachable
[parameter_bridge-24] Exception sending a multicast message:Network is unreachable
[parameter_bridge-21] Exception sending a multicast message:Network is unreachable
[parameter_bridge-29] Exception sending a multicast message:Network is unreachable
[parameter_bridge-24] Exception sending a multicast message:Network is unreachable
[parameter_bridge-14] Exception sending a multicast message:Network is unreachable
[parameter_bridge-22] Exception sending a multicast message:Network is unreachable
[gazebo-1] Exception sending a multicast message:Network is unreachable
[gazebo-1] Exception sending a multicast message:Network is unreachable
[gazebo-1] Exception sending a multicast message:Network is unreachable
[gazebo-1] Exception sending a multicast message:Network is unreachable
[gazebo-1] Exception sending a multicast message:Network is unreachable
[gazebo-1] Exception sending a multicast message:Network is unreachable
[gazebo-1] Exception sending a multicast message:Network is unreachable
[gazebo-1] Exception sending a multicast message:Network is unreachable
[gazebo-1] Exception sending a multicast message:Network is unreachable
[gazebo-1] Exception sending a multicast message:Network is unreachable
[gazebo-1] Exception sending a multicast message:Network is unreachable
[gazebo-1] Exception sending a multicast message:Network is unreachable
[gazebo-1] Exception sending a multicast message:Network is unreachable
[gazebo-1] Exception sending a multicast message:Network is unreachable
[gazebo-1] Exception sending a multicast message:Network is unreachable
[gazebo-1] Exception sending a multicast message:Network is unreachable
[gazebo-1] Exception sending a multicast message:Network is unreachable
[gazebo-1] Exception sending a multicast message:Network is unreachable
[gazebo-1] Exception sending a multicast message:Network is unreachable
[gazebo-1] Exception sending a multicast message:Network is unreachable
[gazebo-1] Exception sending a multicast message:Network is unreachable
[gazebo-1] Exception sending a multicast message:Network is unreachable
[gazebo-1] Exception sending a multicast message:Network is unreachable
[gazebo-1] Exception sending a multicast message:Network is unreachable
[gazebo-1] Exception sending a multicast message:Network is unreachable
[gazebo-1] Exception sending a multicast message:Network is unreachable
[gazebo-1] Exception sending a multicast message:Network is unreachable
[gazebo-1] Exception sending a multicast message:Network is unreachable
[gazebo-1] Exception sending a multicast message:Network is unreachable
[gazebo-1] Exception sending a multicast message:Network is unreachable
[gazebo-1] Exception sending a multicast message:Network is unreachable
[gazebo-1] Exception sending a multicast message:Network is unreachable
[gazebo-1] Exception sending a multicast message:Network is unreachable
[gazebo-1] Exception sending a multicast message:Network is unreachable
[gazebo-1] Exception sending a multicast message:Network is unreachable
[gazebo-1] Exception sending a multicast message:Network is unreachable
[gazebo-1] Exception sending a multicast message:Network is unreachable
[gazebo-1] Exception sending a multicast message:Network is unreachable
[gazebo-1] Exception sending a multicast message:Network is unreachable
[gazebo-1] Exception sending a multicast message:Network is unreachable
[gazebo-1] Exception sending a multicast message:Network is unreachable
[gazebo-1] Exception sending a multicast message:Network is unreachable
[gazebo-1] Exception sending a multicast message:Network is unreachable
[gazebo-1] Exception sending a multicast message:Network is unreachable
[gazebo-1] Exception sending a multicast message:Network is unreachable
[gazebo-1] Exception sending a multicast message:Network is unreachable
[gazebo-1] Exception sending a multicast message:Network is unreachable
[gazebo-1] Exception sending a multicast message:Network is unreachable
[gazebo-1] Exception sending a multicast message:Network is unreachable
[gazebo-1] Exception sending a multicast message:Network is unreachable
[gazebo-1] Exception sending a multicast message:Network is unreachable
[gazebo-1] Exception sending a multicast message:Network is unreachable
[gazebo-1] Exception sending a multicast message:网络不可达
[gazebo-1] Exception sending a multicast message:Network is unreachable
[gazebo-1] Exception sending a multicast message:网络不可达Exception sending a multicast message:
[gazebo-1] Network is unreachable
[gazebo-1] Exception sending a multicast message:Exception sending a multicast message:Network is unreachable
[gazebo-1] 网络不可达
[gazebo-1] Exception sending a multicast message:Network is unreachableException sending a multicast message:
[gazebo-1] 网络不可达
[gazebo-1] Exception sending a multicast message:Network is unreachable
[gazebo-1] Exception sending a multicast message:Network is unreachable
[gazebo-1] Exception sending a multicast message:Network is unreachable
[gazebo-1] Exception sending a multicast message:Network is unreachable
[gazebo-1] Exception sending a multicast message:Network is unreachable
[gazebo-1] Exception sending a multicast message:Network is unreachable
[gazebo-1] Exception sending a multicast message:Network is unreachable
[gazebo-1] Exception sending a multicast message:Network is unreachable
[gazebo-1] Exception sending a multicast message:Network is unreachable
[gazebo-1] Exception sending a multicast message:Network is unreachable
[gazebo-1] Exception sending a multicast message:Network is unreachable
[gazebo-1] Exception sending a multicast message:Network is unreachable
[gazebo-1] Exception sending a multicast message:Network is unreachable
[gazebo-1] Exception sending a multicast message:Network is unreachable
[gazebo-1] Exception sending a multicast message:Network is unreachable
[gazebo-1] Exception sending a multicast message:Network is unreachable
[gazebo-1] Exception sending a multicast message:Network is unreachable
[gazebo-1] Exception sending a multicast message:Network is unreachable
[gazebo-1] Exception sending a multicast message:Network is unreachable
[gazebo-1] Exception sending a multicast message:Network is unreachable
[gazebo-1] Exception sending a multicast message:Network is unreachable
[gazebo-1] Exception sending a multicast message:Network is unreachable
[gazebo-1] Exception sending a multicast message:Network is unreachable
[gazebo-1] Exception sending a multicast message:Network is unreachable
[gazebo-1] Exception sending a multicast message:Network is unreachable
[gazebo-1] Exception sending a multicast message:Network is unreachable
[gazebo-1] Exception sending a multicast message:Network is unreachable
[gazebo-1] Exception sending a multicast message:Network is unreachable
[gazebo-1] Exception sending a multicast message:Network is unreachable
[gazebo-1] Exception sending a multicast message:Network is unreachable
[gazebo-1] Exception sending a multicast message:Network is unreachable
[gazebo-1] Exception sending a multicast message:Network is unreachable
[gazebo-1] Exception sending a multicast message:Network is unreachable
[gazebo-1] Exception sending a multicast message:Network is unreachable
[gazebo-1] Exception sending a multicast message:Network is unreachable
[gazebo-1] Exception sending a multicast message:Network is unreachable
[gazebo-1] Exception sending a multicast message:Network is unreachable
[gazebo-1] Exception sending a multicast message:Network is unreachable
[gazebo-1] Exception sending a multicast message:Network is unreachable
[gazebo-1] Exception sending a multicast message:Network is unreachable
[gazebo-1] Exception sending a multicast message:Network is unreachable
[gazebo-1] Exception sending a multicast message:Network is unreachable
[gazebo-1] Exception sending a multicast message:Network is unreachable
[gazebo-1] Exception sending a multicast message:Network is unreachable
[gazebo-1] Exception sending a multicast message:Network is unreachable
[gazebo-1] Exception sending a multicast message:Network is unreachable
[gazebo-1] Exception sending a multicast message:Network is unreachable
[gazebo-1] Exception sending a multicast message:Network is unreachable
[gazebo-1] Exception sending a multicast message:Network is unreachable
[gazebo-1] Exception sending a multicast message:Network is unreachable
[gazebo-1] Exception sending a multicast message:Network is unreachable
[gazebo-1] Exception sending a multicast message:Network is unreachable
[gazebo-1] Exception sending a multicast message:Network is unreachable
[gazebo-1] Exception sending a multicast message:Network is unreachable
[gazebo-1] Exception sending a multicast message:Network is unreachable
[gazebo-1] Exception sending a multicast message:Network is unreachable
[gazebo-1] Exception sending a multicast message:Network is unreachable
[gazebo-1] Exception sending a multicast message:Network is unreachable
[gazebo-1] Exception sending a multicast message:Network is unreachable
[gazebo-1] Exception sending a multicast message:Network is unreachable
[gazebo-1] Exception sending a multicast message:Network is unreachable
[parameter_bridge-22] Exception sending a multicast message:Network is unreachable
[parameter_bridge-23] Exception sending a multicast message:Network is unreachable
[parameter_bridge-29] Exception sending a multicast message:Network is unreachable
[parameter_bridge-16] Exception sending a multicast message:Network is unreachable
[parameter_bridge-18] Exception sending a multicast message:Network is unreachable
[parameter_bridge-19] Exception sending a multicast message:Network is unreachable
[parameter_bridge-20] Exception sending a multicast message:Network is unreachable
[parameter_bridge-26] Exception sending a multicast message:Network is unreachable
[parameter_bridge-27] Exception sending a multicast message:Network is unreachable
[parameter_bridge-10] Exception sending a multicast message:Network is unreachable
[parameter_bridge-28] Exception sending a multicast message:Network is unreachable
[parameter_bridge-26] Exception sending a multicast message:Network is unreachable
[gazebo-1] Exception sending a multicast message:网络不可达
[gazebo-1] Exception sending a multicast message:网络不可达
[gazebo-1] Exception sending a multicast message:网络不可达
[gazebo-1] Exception sending a multicast message:网络不可达
[parameter_bridge-28] Exception sending a multicast message:Network is unreachable
[parameter_bridge-2] Exception sending a multicast message:Network is unreachable
[parameter_bridge-2] Exception sending a multicast message:Network is unreachable
[parameter_bridge-9] Exception sending a multicast message:Network is unreachable
[parameter_bridge-10] Exception sending a multicast message:Network is unreachable
[parameter_bridge-13] Exception sending a multicast message:Network is unreachable
[parameter_bridge-11] Exception sending a multicast message:Network is unreachable
[parameter_bridge-14] Exception sending a multicast message:Network is unreachable
[parameter_bridge-9] Exception sending a multicast message:Network is unreachable
[parameter_bridge-9] Exception sending a multicast message:Network is unreachable
[parameter_bridge-12] Exception sending a multicast message:Network is unreachable
[parameter_bridge-20] Exception sending a multicast message:Network is unreachable
[parameter_bridge-17] Exception sending a multicast message:Network is unreachable
[parameter_bridge-25] Exception sending a multicast message:Network is unreachable
[parameter_bridge-12] Exception sending a multicast message:Network is unreachable
[parameter_bridge-25] Exception sending a multicast message:Network is unreachable
[parameter_bridge-25] Exception sending a multicast message:Network is unreachable
[parameter_bridge-25] Exception sending a multicast message:Network is unreachable
[parameter_bridge-15] Exception sending a multicast message:Network is unreachable
[parameter_bridge-15] Exception sending a multicast message:Network is unreachable
[parameter_bridge-21] Exception sending a multicast message:Network is unreachable
[parameter_bridge-11] Exception sending a multicast message:Network is unreachable
[parameter_bridge-13] Exception sending a multicast message:Network is unreachable
[parameter_bridge-16] Exception sending a multicast message:Network is unreachable
[parameter_bridge-23] Exception sending a multicast message:Network is unreachable
[parameter_bridge-19] Exception sending a multicast message:Network is unreachable
[parameter_bridge-17] Exception sending a multicast message:Network is unreachable
[parameter_bridge-18] Exception sending a multicast message:Network is unreachable
[parameter_bridge-27] Exception sending a multicast message:Network is unreachable
[parameter_bridge-27] Exception sending a multicast message:Network is unreachable
[parameter_bridge-27] Exception sending a multicast message:Network is unreachable
[parameter_bridge-27] Exception sending a multicast message:Network is unreachable
[parameter_bridge-27] Exception sending a multicast message:Network is unreachable
[parameter_bridge-27] Exception sending a multicast message:Network is unreachable
[parameter_bridge-27] Exception sending a multicast message:Network is unreachable
[parameter_bridge-27] Exception sending a multicast message:Network is unreachable
[parameter_bridge-24] Exception sending a multicast message:Network is unreachable
[parameter_bridge-21] Exception sending a multicast message:Network is unreachable
[parameter_bridge-29] Exception sending a multicast message:Network is unreachable
[parameter_bridge-24] Exception sending a multicast message:Network is unreachable
[parameter_bridge-14] Exception sending a multicast message:Network is unreachable
[parameter_bridge-22] Exception sending a multicast message:Network is unreachable
[gazebo-1] Exception sending a multicast message:Network is unreachable
[gazebo-1] Exception sending a multicast message:Network is unreachable
[gazebo-1] Exception sending a multicast message:Network is unreachable
[gazebo-1] Exception sending a multicast message:Network is unreachable
[gazebo-1] Exception sending a multicast message:Network is unreachable
[gazebo-1] Exception sending a multicast message:Network is unreachable
[gazebo-1] Exception sending a multicast message:Network is unreachable
[gazebo-1] Exception sending a multicast message:Network is unreachable
[gazebo-1] Exception sending a multicast message:Network is unreachable
[gazebo-1] Exception sending a multicast message:Network is unreachable
[gazebo-1] Exception sending a multicast message:Network is unreachable
[gazebo-1] Exception sending a multicast message:Network is unreachable
[gazebo-1] Exception sending a multicast message:Network is unreachable
[gazebo-1] Exception sending a multicast message:Network is unreachable
[gazebo-1] Exception sending a multicast message:Network is unreachable
[gazebo-1] Exception sending a multicast message:Network is unreachable
[gazebo-1] Exception sending a multicast message:Network is unreachable
[gazebo-1] Exception sending a multicast message:Network is unreachable
[gazebo-1] Exception sending a multicast message:Network is unreachable
[gazebo-1] Exception sending a multicast message:Network is unreachable
[gazebo-1] Exception sending a multicast message:Network is unreachable
[gazebo-1] Exception sending a multicast message:Network is unreachable
[gazebo-1] Exception sending a multicast message:Network is unreachable
[gazebo-1] Exception sending a multicast message:Network is unreachable
[gazebo-1] Exception sending a multicast message:Network is unreachable
[gazebo-1] Exception sending a multicast message:Network is unreachable
[gazebo-1] Exception sending a multicast message:Network is unreachable
[gazebo-1] Exception sending a multicast message:Network is unreachable
[gazebo-1] Exception sending a multicast message:Network is unreachable
[gazebo-1] Exception sending a multicast message:Network is unreachable
[gazebo-1] Exception sending a multicast message:Network is unreachable
[gazebo-1] Exception sending a multicast message:Network is unreachable
[gazebo-1] Exception sending a multicast message:Network is unreachable
[gazebo-1] Exception sending a multicast message:Network is unreachable
[gazebo-1] Exception sending a multicast message:Network is unreachable
[gazebo-1] Exception sending a multicast message:Network is unreachable
[gazebo-1] Exception sending a multicast message:Network is unreachable
[gazebo-1] Exception sending a multicast message:Network is unreachable
[gazebo-1] Exception sending a multicast message:Network is unreachable
[gazebo-1] Exception sending a multicast message:Network is unreachable
[gazebo-1] Exception sending a multicast message:Network is unreachable
[gazebo-1] Exception sending a multicast message:Network is unreachable
[gazebo-1] Exception sending a multicast message:Network is unreachable
[gazebo-1] Exception sending a multicast message:Network is unreachable
[gazebo-1] Exception sending a multicast message:Network is unreachable
[gazebo-1] Exception sending a multicast message:Network is unreachable
[gazebo-1] Exception sending a multicast message:Network is unreachable
[gazebo-1] Exception sending a multicast message:Network is unreachable
[gazebo-1] Exception sending a multicast message:Network is unreachable
[gazebo-1] Exception sending a multicast message:Network is unreachable
[gazebo-1] Exception sending a multicast message:Network is unreachable
[gazebo-1] Exception sending a multicast message:网络不可达
[gazebo-1] Exception sending a multicast message:网络不可达
[gazebo-1] Exception sending a multicast message:网络不可达
[gazebo-1] Exception sending a multicast message:网络不可达
[gazebo-1] Exception sending a multicast message:Network is unreachable
[gazebo-1] Exception sending a multicast message:Network is unreachable
[gazebo-1] Exception sending a multicast message:Network is unreachable
[gazebo-1] Exception sending a multicast message:Network is unreachable
[gazebo-1] Exception sending a multicast message:Network is unreachable
[gazebo-1] Exception sending a multicast message:Network is unreachable
[gazebo-1] Exception sending a multicast message:Network is unreachable
[gazebo-1] Exception sending a multicast message:Network is unreachable
[gazebo-1] Exception sending a multicast message:Network is unreachable
[gazebo-1] Exception sending a multicast message:Network is unreachable
[gazebo-1] Exception sending a multicast message:Network is unreachable
[gazebo-1] Exception sending a multicast message:Network is unreachable
[gazebo-1] Exception sending a multicast message:Network is unreachable
[gazebo-1] Exception sending a multicast message:Network is unreachable
[gazebo-1] Exception sending a multicast message:Network is unreachable
[gazebo-1] Exception sending a multicast message:Network is unreachable
[gazebo-1] Exception sending a multicast message:Network is unreachable
[gazebo-1] Exception sending a multicast message:Network is unreachable
[gazebo-1] Exception sending a multicast message:Network is unreachable
[gazebo-1] Exception sending a multicast message:Network is unreachable
[gazebo-1] Exception sending a multicast message:Network is unreachable
[gazebo-1] Exception sending a multicast message:Network is unreachable
[gazebo-1] Exception sending a multicast message:Network is unreachable
[gazebo-1] Exception sending a multicast message:Network is unreachable
[gazebo-1] Exception sending a multicast message:Network is unreachable
[gazebo-1] Exception sending a multicast message:Network is unreachable
[gazebo-1] Exception sending a multicast message:Network is unreachable
[gazebo-1] Exception sending a multicast message:Network is unreachable
[gazebo-1] Exception sending a multicast message:Network is unreachable
[gazebo-1] Exception sending a multicast message:Network is unreachable
[gazebo-1] Exception sending a multicast message:Network is unreachable
[gazebo-1] Exception sending a multicast message:Network is unreachable
[gazebo-1] Exception sending a multicast message:Network is unreachable
[gazebo-1] Exception sending a multicast message:Network is unreachable
[gazebo-1] Exception sending a multicast message:Network is unreachable
[gazebo-1] Exception sending a multicast message:Network is unreachable
[gazebo-1] Exception sending a multicast message:Network is unreachable
[gazebo-1] Exception sending a multicast message:Network is unreachable
[gazebo-1] Exception sending a multicast message:Network is unreachable
[gazebo-1] Exception sending a multicast message:Network is unreachable
[gazebo-1] Exception sending a multicast message:Network is unreachable
[gazebo-1] Exception sending a multicast message:Network is unreachable
[gazebo-1] Exception sending a multicast message:Network is unreachable
[gazebo-1] Exception sending a multicast message:Network is unreachable
[gazebo-1] Exception sending a multicast message:Network is unreachable
[gazebo-1] Exception sending a multicast message:Network is unreachable
[gazebo-1] Exception sending a multicast message:Network is unreachable
[gazebo-1] Exception sending a multicast message:Network is unreachable
[gazebo-1] Exception sending a multicast message:Network is unreachable
[gazebo-1] Exception sending a multicast message:Network is unreachable
[gazebo-1] Exception sending a multicast message:Network is unreachable
[gazebo-1] Exception sending a multicast message:Network is unreachable
[gazebo-1] Exception sending a multicast message:Network is unreachable
[gazebo-1] Exception sending a multicast message:Network is unreachable
[gazebo-1] Exception sending a multicast message:Network is unreachable
[gazebo-1] Exception sending a multicast message:Network is unreachable
[gazebo-1] Exception sending a multicast message:Network is unreachable
[gazebo-1] Exception sending a multicast message:Network is unreachable
[gazebo-1] Exception sending a multicast message:Network is unreachable
[gazebo-1] Exception sending a multicast message:Network is unreachable
[gazebo-1] Exception sending a multicast message:Network is unreachable
[gazebo-1] Exception sending a multicast message:Network is unreachable
[gazebo-1] Exception sending a multicast message:Network is unreachable
[gazebo-1] Exception sending a multicast message:Network is unreachable
[gazebo-1] Exception sending a multicast message:Network is unreachable
[gazebo-1] Exception sending a multicast message:Network is unreachable
[parameter_bridge-22] Exception sending a multicast message:Network is unreachable
[parameter_bridge-23] Exception sending a multicast message:Network is unreachable
[parameter_bridge-29] Exception sending a multicast message:Network is unreachable
[parameter_bridge-16] Exception sending a multicast message:Network is unreachable
[parameter_bridge-19] Exception sending a multicast message:Network is unreachable
[parameter_bridge-18] Exception sending a multicast message:Network is unreachable
[parameter_bridge-20] Exception sending a multicast message:Network is unreachable
[parameter_bridge-26] Exception sending a multicast message:Network is unreachable
[parameter_bridge-27] Exception sending a multicast message:Network is unreachable
[parameter_bridge-10] Exception sending a multicast message:Network is unreachable
[parameter_bridge-28] Exception sending a multicast message:Network is unreachable
[parameter_bridge-26] Exception sending a multicast message:Network is unreachable
[gazebo-1] Exception sending a multicast message:网络不可达
[gazebo-1] Exception sending a multicast message:网络不可达
[gazebo-1] Exception sending a multicast message:网络不可达
[gazebo-1] Exception sending a multicast message:网络不可达
[parameter_bridge-28] Exception sending a multicast message:Network is unreachable
[parameter_bridge-2] Exception sending a multicast message:Network is unreachable
[parameter_bridge-2] Exception sending a multicast message:Network is unreachable
[parameter_bridge-9] Exception sending a multicast message:Network is unreachable
[parameter_bridge-9] Exception sending a multicast message:Network is unreachable
[parameter_bridge-9] Exception sending a multicast message:Network is unreachable
[parameter_bridge-10] Exception sending a multicast message:Network is unreachable
[parameter_bridge-13] Exception sending a multicast message:Network is unreachable
[parameter_bridge-11] Exception sending a multicast message:Network is unreachable
[parameter_bridge-14] Exception sending a multicast message:Network is unreachable
[parameter_bridge-12] Exception sending a multicast message:Network is unreachable
[parameter_bridge-20] Exception sending a multicast message:Network is unreachable
[parameter_bridge-17] Exception sending a multicast message:Network is unreachable
[parameter_bridge-25] Exception sending a multicast message:Network is unreachable
[parameter_bridge-12] Exception sending a multicast message:Network is unreachable
[parameter_bridge-25] Exception sending a multicast message:Network is unreachable
[parameter_bridge-25] Exception sending a multicast message:Network is unreachable
[parameter_bridge-25] Exception sending a multicast message:Network is unreachable
[parameter_bridge-15] Exception sending a multicast message:Network is unreachable
[parameter_bridge-15] Exception sending a multicast message:Network is unreachable
[parameter_bridge-21] Exception sending a multicast message:Network is unreachable
[parameter_bridge-11] Exception sending a multicast message:Network is unreachable
[parameter_bridge-13] Exception sending a multicast message:Network is unreachable
[parameter_bridge-16] Exception sending a multicast message:Network is unreachable
[parameter_bridge-23] Exception sending a multicast message:Network is unreachable
[parameter_bridge-19] Exception sending a multicast message:Network is unreachable
[parameter_bridge-17] Exception sending a multicast message:Network is unreachable
[parameter_bridge-18] Exception sending a multicast message:Network is unreachable
[parameter_bridge-27] Exception sending a multicast message:Network is unreachable
[parameter_bridge-27] Exception sending a multicast message:Network is unreachable
[parameter_bridge-27] Exception sending a multicast message:Network is unreachable
[parameter_bridge-27] Exception sending a multicast message:Network is unreachable
[parameter_bridge-27] Exception sending a multicast message:Network is unreachable
[parameter_bridge-27] Exception sending a multicast message:Network is unreachable
[parameter_bridge-27] Exception sending a multicast message:Network is unreachable
[parameter_bridge-27] Exception sending a multicast message:Network is unreachable
[parameter_bridge-24] Exception sending a multicast message:Network is unreachable
[parameter_bridge-21] Exception sending a multicast message:Network is unreachable
[parameter_bridge-29] Exception sending a multicast message:Network is unreachable
[parameter_bridge-24] Exception sending a multicast message:Network is unreachable
[parameter_bridge-14] Exception sending a multicast message:Network is unreachable
[parameter_bridge-22] Exception sending a multicast message:Network is unreachable
[gazebo-1] Exception sending a multicast message:Network is unreachable
[gazebo-1] Exception sending a multicast message:Network is unreachable
[gazebo-1] Exception sending a multicast message:Network is unreachable
[gazebo-1] Exception sending a multicast message:Network is unreachable
[gazebo-1] Exception sending a multicast message:Network is unreachable
[gazebo-1] Exception sending a multicast message:Network is unreachable
[gazebo-1] Exception sending a multicast message:Network is unreachable
[gazebo-1] Exception sending a multicast message:Network is unreachable
[gazebo-1] Exception sending a multicast message:Network is unreachable
[gazebo-1] Exception sending a multicast message:Network is unreachable
[gazebo-1] Exception sending a multicast message:Network is unreachable
[gazebo-1] Exception sending a multicast message:Network is unreachable
[gazebo-1] Exception sending a multicast message:Network is unreachable
[gazebo-1] Exception sending a multicast message:Network is unreachable
[gazebo-1] Exception sending a multicast message:Network is unreachable
[gazebo-1] Exception sending a multicast message:Network is unreachable
[gazebo-1] Exception sending a multicast message:Network is unreachable
[gazebo-1] Exception sending a multicast message:Network is unreachable
[gazebo-1] Exception sending a multicast message:Network is unreachable
[gazebo-1] Exception sending a multicast message:Network is unreachable
[gazebo-1] Exception sending a multicast message:Network is unreachable
[gazebo-1] Exception sending a multicast message:Network is unreachable
[gazebo-1] Exception sending a multicast message:Network is unreachable
[gazebo-1] Exception sending a multicast message:Network is unreachable
[gazebo-1] Exception sending a multicast message:Network is unreachable
[gazebo-1] Exception sending a multicast message:Network is unreachable
[gazebo-1] Exception sending a multicast message:Network is unreachable
[gazebo-1] Exception sending a multicast message:Network is unreachable
[gazebo-1] Exception sending a multicast message:Network is unreachable
[gazebo-1] Exception sending a multicast message:Network is unreachable
[gazebo-1] Exception sending a multicast message:Network is unreachable
[gazebo-1] Exception sending a multicast message:Network is unreachable
[gazebo-1] Exception sending a multicast message:Network is unreachable
[gazebo-1] Exception sending a multicast message:Network is unreachable
[gazebo-1] Exception sending a multicast message:Network is unreachable
[gazebo-1] Exception sending a multicast message:Network is unreachable
[gazebo-1] Exception sending a multicast message:Network is unreachable
[gazebo-1] Exception sending a multicast message:Network is unreachable
[gazebo-1] Exception sending a multicast message:Network is unreachable
[gazebo-1] Exception sending a multicast message:Network is unreachable
[gazebo-1] Exception sending a multicast message:Network is unreachable
[gazebo-1] Exception sending a multicast message:Network is unreachable
[gazebo-1] Exception sending a multicast message:Network is unreachable
[gazebo-1] Exception sending a multicast message:Network is unreachable
[gazebo-1] Exception sending a multicast message:Network is unreachable
[gazebo-1] Exception sending a multicast message:Network is unreachable
[gazebo-1] Exception sending a multicast message:Network is unreachable
[gazebo-1] Exception sending a multicast message:Network is unreachable
[gazebo-1] Exception sending a multicast message:Network is unreachable
[gazebo-1] Exception sending a multicast message:Network is unreachable
[gazebo-1] Exception sending a multicast message:Network is unreachable
[gazebo-1] Exception sending a multicast message:网络不可达
[gazebo-1] Exception sending a multicast message:网络不可达
[gazebo-1] Exception sending a multicast message:网络不可达
[gazebo-1] Exception sending a multicast message:网络不可达
[gazebo-1] Exception sending a multicast message:Network is unreachable
[gazebo-1] Exception sending a multicast message:Network is unreachable
[gazebo-1] Exception sending a multicast message:Network is unreachable
[gazebo-1] Exception sending a multicast message:Network is unreachable
[gazebo-1] Exception sending a multicast message:Network is unreachable
[gazebo-1] Exception sending a multicast message:Network is unreachable
[gazebo-1] Exception sending a multicast message:Network is unreachable
[gazebo-1] Exception sending a multicast message:Network is unreachable
[gazebo-1] Exception sending a multicast message:Network is unreachable
[gazebo-1] Exception sending a multicast message:Network is unreachable
[gazebo-1] Exception sending a multicast message:Network is unreachable
[gazebo-1] Exception sending a multicast message:Network is unreachable
[gazebo-1] Exception sending a multicast message:Network is unreachable
[gazebo-1] Exception sending a multicast message:Network is unreachable
[gazebo-1] Exception sending a multicast message:Network is unreachable
[gazebo-1] Exception sending a multicast message:Network is unreachable
[gazebo-1] Exception sending a multicast message:Network is unreachable
[gazebo-1] Exception sending a multicast message:Network is unreachable
[gazebo-1] Exception sending a multicast message:Network is unreachable
[gazebo-1] Exception sending a multicast message:Network is unreachable
[gazebo-1] Exception sending a multicast message:Network is unreachable
[gazebo-1] Exception sending a multicast message:Network is unreachable
[gazebo-1] Exception sending a multicast message:Network is unreachable
[gazebo-1] Exception sending a multicast message:Network is unreachable
[gazebo-1] Exception sending a multicast message:Network is unreachable
[gazebo-1] Exception sending a multicast message:Network is unreachable
[gazebo-1] Exception sending a multicast message:Network is unreachable
[gazebo-1] Exception sending a multicast message:Network is unreachable
[gazebo-1] Exception sending a multicast message:Network is unreachable
[gazebo-1] Exception sending a multicast message:Network is unreachable
[gazebo-1] Exception sending a multicast message:Network is unreachable
[gazebo-1] Exception sending a multicast message:Network is unreachable
[gazebo-1] Exception sending a multicast message:Network is unreachable
[gazebo-1] Exception sending a multicast message:Network is unreachable
[gazebo-1] Exception sending a multicast message:Network is unreachable
[gazebo-1] Exception sending a multicast message:Network is unreachable
[gazebo-1] Exception sending a multicast message:Network is unreachable
[gazebo-1] Exception sending a multicast message:Network is unreachable
[gazebo-1] Exception sending a multicast message:Network is unreachable
[gazebo-1] Exception sending a multicast message:Network is unreachable
[gazebo-1] Exception sending a multicast message:Network is unreachable
[gazebo-1] Exception sending a multicast message:Network is unreachable
[gazebo-1] Exception sending a multicast message:Network is unreachable
[gazebo-1] Exception sending a multicast message:Network is unreachable
[gazebo-1] Exception sending a multicast message:Network is unreachable
[gazebo-1] Exception sending a multicast message:Network is unreachable
[gazebo-1] Exception sending a multicast message:Network is unreachable
[gazebo-1] Exception sending a multicast message:Network is unreachable
[gazebo-1] Exception sending a multicast message:Network is unreachable
[gazebo-1] Exception sending a multicast message:Network is unreachable
[gazebo-1] Exception sending a multicast message:Network is unreachable
[gazebo-1] Exception sending a multicast message:Network is unreachable
[gazebo-1] Exception sending a multicast message:Network is unreachable
[gazebo-1] Exception sending a multicast message:Network is unreachable
[gazebo-1] Exception sending a multicast message:Network is unreachable
[gazebo-1] Exception sending a multicast message:Network is unreachable
[gazebo-1] Exception sending a multicast message:Network is unreachable
[gazebo-1] Exception sending a multicast message:Network is unreachable
[gazebo-1] Exception sending a multicast message:Network is unreachable
[gazebo-1] Exception sending a multicast message:Network is unreachable
[gazebo-1] Exception sending a multicast message:Network is unreachable
[gazebo-1] Exception sending a multicast message:Network is unreachable
[gazebo-1] Exception sending a multicast message:Network is unreachable
[gazebo-1] Exception sending a multicast message:Network is unreachable
[gazebo-1] Exception sending a multicast message:Network is unreachable
[gazebo-1] Exception sending a multicast message:Network is unreachable
[parameter_bridge-22] Exception sending a multicast message:Network is unreachable
[parameter_bridge-23] Exception sending a multicast message:Network is unreachable
[parameter_bridge-29] Exception sending a multicast message:Network is unreachable
[parameter_bridge-16] Exception sending a multicast message:Network is unreachable
[parameter_bridge-19] Exception sending a multicast message:Network is unreachable
[parameter_bridge-18] Exception sending a multicast message:Network is unreachable
[parameter_bridge-20] Exception sending a multicast message:Network is unreachable
[parameter_bridge-26] Exception sending a multicast message:Network is unreachable
[parameter_bridge-27] Exception sending a multicast message:Network is unreachable
[parameter_bridge-10] Exception sending a multicast message:Network is unreachable
[parameter_bridge-28] Exception sending a multicast message:Network is unreachable
[parameter_bridge-26] Exception sending a multicast message:Network is unreachable
[gazebo-1] Exception sending a multicast message:网络不可达
[gazebo-1] Exception sending a multicast message:网络不可达
[gazebo-1] Exception sending a multicast message:网络不可达
[gazebo-1] Exception sending a multicast message:网络不可达
[parameter_bridge-28] Exception sending a multicast message:Network is unreachable
[parameter_bridge-2] Exception sending a multicast message:Network is unreachable
[parameter_bridge-2] Exception sending a multicast message:Network is unreachable
[parameter_bridge-9] Exception sending a multicast message:Network is unreachable
[parameter_bridge-10] Exception sending a multicast message:Network is unreachable
[parameter_bridge-13] Exception sending a multicast message:Network is unreachable
[parameter_bridge-11] Exception sending a multicast message:Network is unreachable
[parameter_bridge-14] Exception sending a multicast message:Network is unreachable
[parameter_bridge-9] Exception sending a multicast message:Network is unreachable
[parameter_bridge-9] Exception sending a multicast message:Network is unreachable
[parameter_bridge-12] Exception sending a multicast message:Network is unreachable
[parameter_bridge-17] Exception sending a multicast message:Network is unreachable
[parameter_bridge-12] Exception sending a multicast message:Network is unreachable
[parameter_bridge-25] Exception sending a multicast message:Network is unreachable
[parameter_bridge-25] Exception sending a multicast message:Network is unreachable
[parameter_bridge-25] Exception sending a multicast message:Network is unreachable
[parameter_bridge-25] Exception sending a multicast message:Network is unreachable
[parameter_bridge-15] Exception sending a multicast message:Network is unreachable
[parameter_bridge-15] Exception sending a multicast message:Network is unreachable
[parameter_bridge-21] Exception sending a multicast message:Network is unreachable
[parameter_bridge-11] Exception sending a multicast message:Network is unreachable
[parameter_bridge-16] Exception sending a multicast message:Network is unreachable
[parameter_bridge-23] Exception sending a multicast message:Network is unreachable
[parameter_bridge-19] Exception sending a multicast message:Network is unreachable
[parameter_bridge-18] Exception sending a multicast message:Network is unreachable
[parameter_bridge-24] Exception sending a multicast message:Network is unreachable
[parameter_bridge-24] Exception sending a multicast message:Network is unreachable
[parameter_bridge-27] Exception sending a multicast message:Network is unreachable
[parameter_bridge-27] Exception sending a multicast message:Network is unreachable
[parameter_bridge-27] Exception sending a multicast message:Network is unreachable
[parameter_bridge-27] Exception sending a multicast message:Network is unreachable
[parameter_bridge-27] Exception sending a multicast message:Network is unreachable
[parameter_bridge-27] Exception sending a multicast message:Network is unreachable
[parameter_bridge-27] Exception sending a multicast message:Network is unreachable
[parameter_bridge-27] Exception sending a multicast message:Network is unreachable
[parameter_bridge-20] Exception sending a multicast message:Network is unreachable
[parameter_bridge-21] Exception sending a multicast message:Network is unreachable
[parameter_bridge-13] Exception sending a multicast message:Network is unreachable
[parameter_bridge-17] Exception sending a multicast message:Network is unreachable
[parameter_bridge-29] Exception sending a multicast message:Network is unreachable
[parameter_bridge-14] Exception sending a multicast message:Network is unreachable
[parameter_bridge-22] Exception sending a multicast message:Network is unreachable
[parameter_bridge-22] Exception sending a multicast message:Network is unreachable
[gazebo-1] Exception sending a multicast message:Network is unreachable
[gazebo-1] Exception sending a multicast message:网络不可达
[gazebo-1] Exception sending a multicast message:网络不可达
[gazebo-1] Exception sending a multicast message:网络不可达
[gazebo-1] Exception sending a multicast message:网络不可达
[gazebo-1] Exception sending a multicast message:Network is unreachable
[gazebo-1] Exception sending a multicast message:Network is unreachable
[gazebo-1] Exception sending a multicast message:Network is unreachable
[gazebo-1] Exception sending a multicast message:Network is unreachable
[gazebo-1] Exception sending a multicast message:Network is unreachable
[gazebo-1] Exception sending a multicast message:Network is unreachable
[gazebo-1] Exception sending a multicast message:Network is unreachable
[gazebo-1] Exception sending a multicast message:Network is unreachable
[gazebo-1] Exception sending a multicast message:Network is unreachable
[gazebo-1] Exception sending a multicast message:Network is unreachable
[gazebo-1] Exception sending a multicast message:Network is unreachable
[gazebo-1] Exception sending a multicast message:Network is unreachable
[gazebo-1] Exception sending a multicast message:Network is unreachable
[gazebo-1] Exception sending a multicast message:Network is unreachable
[gazebo-1] Exception sending a multicast message:Network is unreachable
[gazebo-1] Exception sending a multicast message:Network is unreachable
[gazebo-1] Exception sending a multicast message:Network is unreachable
[gazebo-1] Exception sending a multicast message:Network is unreachable
[gazebo-1] Exception sending a multicast message:Network is unreachable
[gazebo-1] Exception sending a multicast message:Network is unreachable
[gazebo-1] Exception sending a multicast message:Network is unreachable
[gazebo-1] Exception sending a multicast message:Network is unreachable
[gazebo-1] Exception sending a multicast message:Network is unreachable
[gazebo-1] Exception sending a multicast message:Network is unreachable
[gazebo-1] Exception sending a multicast message:Network is unreachable
[gazebo-1] Exception sending a multicast message:Network is unreachable
[gazebo-1] Exception sending a multicast message:Network is unreachable
[gazebo-1] Exception sending a multicast message:Network is unreachable
[gazebo-1] Exception sending a multicast message:Network is unreachable
[gazebo-1] Exception sending a multicast message:Network is unreachable
[gazebo-1] Exception sending a multicast message:Network is unreachable
[gazebo-1] Exception sending a multicast message:Network is unreachable
[gazebo-1] Exception sending a multicast message:Network is unreachable
[gazebo-1] Exception sending a multicast message:Network is unreachable
[gazebo-1] Exception sending a multicast message:Network is unreachable
[gazebo-1] Exception sending a multicast message:Network is unreachable
[gazebo-1] Exception sending a multicast message:Network is unreachable
[gazebo-1] Exception sending a multicast message:Network is unreachable
[gazebo-1] Exception sending a multicast message:Network is unreachable
[gazebo-1] Exception sending a multicast message:Network is unreachable
[gazebo-1] Exception sending a multicast message:Network is unreachable
[gazebo-1] Exception sending a multicast message:Network is unreachable
[gazebo-1] Exception sending a multicast message:Network is unreachable
[gazebo-1] Exception sending a multicast message:Network is unreachable
[gazebo-1] Exception sending a multicast message:Network is unreachable
[gazebo-1] Exception sending a multicast message:Network is unreachable
[gazebo-1] Exception sending a multicast message:Network is unreachable
[gazebo-1] Exception sending a multicast message:Network is unreachable
[gazebo-1] Exception sending a multicast message:Network is unreachable
[gazebo-1] Exception sending a multicast message:Network is unreachable
[parameter_bridge-23] Exception sending a multicast message:Network is unreachable
[gazebo-1] Exception sending a multicast message:Network is unreachable
[gazebo-1] Exception sending a multicast message:Network is unreachable
[gazebo-1] Exception sending a multicast message:Network is unreachable
[gazebo-1] Exception sending a multicast message:Network is unreachable
[gazebo-1] Exception sending a multicast message:Network is unreachable
[gazebo-1] Exception sending a multicast message:Network is unreachable
[gazebo-1] Exception sending a multicast message:Network is unreachable
[gazebo-1] Exception sending a multicast message:Network is unreachable
[gazebo-1] Exception sending a multicast message:Network is unreachable
[gazebo-1] Exception sending a multicast message:Network is unreachable
[gazebo-1] Exception sending a multicast message:Network is unreachable
[gazebo-1] Exception sending a multicast message:Network is unreachable
[gazebo-1] Exception sending a multicast message:Network is unreachable
[gazebo-1] Exception sending a multicast message:Network is unreachable
[gazebo-1] Exception sending a multicast message:Network is unreachable
[gazebo-1] Exception sending a multicast message:Network is unreachable
[gazebo-1] Exception sending a multicast message:Network is unreachable
[gazebo-1] Exception sending a multicast message:Network is unreachable
[gazebo-1] Exception sending a multicast message:Network is unreachable
[gazebo-1] Exception sending a multicast message:Network is unreachable
[gazebo-1] Exception sending a multicast message:Network is unreachable
[gazebo-1] Exception sending a multicast message:Network is unreachable
[gazebo-1] Exception sending a multicast message:Network is unreachable
[gazebo-1] Exception sending a multicast message:Network is unreachable
[gazebo-1] Exception sending a multicast message:Network is unreachable
[gazebo-1] Exception sending a multicast message:Network is unreachable
[gazebo-1] Exception sending a multicast message:Network is unreachable
[gazebo-1] Exception sending a multicast message:Network is unreachable
[gazebo-1] Exception sending a multicast message:Network is unreachable
[gazebo-1] Exception sending a multicast message:Network is unreachable
[gazebo-1] Exception sending a multicast message:Network is unreachable
[gazebo-1] Exception sending a multicast message:Network is unreachable
[gazebo-1] Exception sending a multicast message:Network is unreachable
[gazebo-1] Exception sending a multicast message:Network is unreachable
[gazebo-1] Exception sending a multicast message:Network is unreachable
[gazebo-1] Exception sending a multicast message:Network is unreachable
[gazebo-1] Exception sending a multicast message:Network is unreachable
[gazebo-1] Exception sending a multicast message:Network is unreachable
[gazebo-1] Exception sending a multicast message:Network is unreachable
[gazebo-1] Exception sending a multicast message:Network is unreachable
[gazebo-1] Exception sending a multicast message:Network is unreachable
[gazebo-1] Exception sending a multicast message:Network is unreachable
[gazebo-1] Exception sending a multicast message:Network is unreachable
[gazebo-1] Exception sending a multicast message:Network is unreachable
[gazebo-1] Exception sending a multicast message:Network is unreachable
[gazebo-1] Exception sending a multicast message:Network is unreachable
[gazebo-1] Exception sending a multicast message:Network is unreachable
[gazebo-1] Exception sending a multicast message:Network is unreachable
[gazebo-1] Exception sending a multicast message:Network is unreachable
[gazebo-1] Exception sending a multicast message:Network is unreachable
[gazebo-1] Exception sending a multicast message:Network is unreachable
[gazebo-1] Exception sending a multicast message:Network is unreachable
[gazebo-1] Exception sending a multicast message:Network is unreachable
[gazebo-1] Exception sending a multicast message:Network is unreachable
[gazebo-1] Exception sending a multicast message:Network is unreachable
[gazebo-1] Exception sending a multicast message:Network is unreachable
[gazebo-1] Exception sending a multicast message:Network is unreachable
[gazebo-1] Exception sending a multicast message:Network is unreachable
[gazebo-1] Exception sending a multicast message:Network is unreachable
[gazebo-1] Exception sending a multicast message:Network is unreachable
[gazebo-1] Exception sending a multicast message:Network is unreachable
[gazebo-1] Exception sending a multicast message:Network is unreachable
[gazebo-1] Exception sending a multicast message:Network is unreachable
[gazebo-1] Exception sending a multicast message:Network is unreachable
[gazebo-1] Exception sending a multicast message:Network is unreachable
[gazebo-1] Exception sending a multicast message:Network is unreachable
[parameter_bridge-16] Exception sending a multicast message:Network is unreachable
[parameter_bridge-18] Exception sending a multicast message:Network is unreachable
[parameter_bridge-19] Exception sending a multicast message:Network is unreachable
[parameter_bridge-29] Exception sending a multicast message:Network is unreachable
[parameter_bridge-20] Exception sending a multicast message:Network is unreachable
[parameter_bridge-26] Exception sending a multicast message:Network is unreachable
[parameter_bridge-26] Exception sending a multicast message:Network is unreachable
[parameter_bridge-27] Exception sending a multicast message:Network is unreachable
[parameter_bridge-10] Exception sending a multicast message:Network is unreachable
[parameter_bridge-28] Exception sending a multicast message:Network is unreachable
[parameter_bridge-28] Exception sending a multicast message:Network is unreachable
[gazebo-1] Exception sending a multicast message:网络不可达
[gazebo-1] Exception sending a multicast message:网络不可达
[gazebo-1] Exception sending a multicast message:网络不可达
[gazebo-1] Exception sending a multicast message:网络不可达
[gazebo-1] [WARN] [1781988348.199031662] [diffdrive_controller]: Ignoring the received message (timestamp 2948.1120000000) because it is older than the current time by 0.5220000000 seconds, which exceeds the allowed timeout (0.5000)
[gazebo-1] [WARN] [1781988348.259487224] [diffdrive_controller]: Ignoring the received message (timestamp 2948.6550000000) because it is older than the current time by 0.5070000000 seconds, which exceeds the allowed timeout (0.5000)
[gazebo-1] [WARN] [1781988348.444903795] [diffdrive_controller]: Ignoring the received message (timestamp 2949.6780000000) because it is older than the current time by 0.5130000000 seconds, which exceeds the allowed timeout (0.5000)
[gazebo-1] [WARN] [1781988348.763016572] [diffdrive_controller]: Ignoring the received message (timestamp 2951.7030000000) because it is older than the current time by 0.5970000000 seconds, which exceeds the allowed timeout (0.5000)
[gazebo-1] [WARN] [1781988348.798628135] [diffdrive_controller]: Ignoring the received message (timestamp 2952.2670000000) because it is older than the current time by 0.5160000000 seconds, which exceeds the allowed timeout (0.5000)
[gazebo-1] [WARN] [1781988381.180429411] [diffdrive_controller]: Ignoring the received message (timestamp 2984.2770000000) because it is older than the current time by 0.5010000000 seconds, which exceeds the allowed timeout (0.5000)
[gazebo-1] [WARN] [1781988511.663432904] [diffdrive_controller]: Ignoring the received message (timestamp 3113.3520000000) because it is older than the current time by 0.5010000000 seconds, which exceeds the allowed timeout (0.5000)
[motion_control-35] [INFO] [1781989343.491576148] [rclcpp]: signal_handler(SIGINT/SIGTERM)
[wheel_status_publisher-36] [INFO] [1781989343.491597240] [rclcpp]: signal_handler(SIGINT/SIGTERM)
[robot_state_publisher-3] [INFO] [1781989343.491732731] [rclcpp]: signal_handler(SIGINT/SIGTERM)
[sensors_node-42] [INFO] [1781989343.491701233] [rclcpp]: signal_handler(SIGINT/SIGTERM)
[parameter_bridge-15] [INFO] [1781989343.491687614] [rclcpp]: signal_handler(SIGINT/SIGTERM)
[ui_mgr-40] [INFO] [1781989343.491809416] [rclcpp]: signal_handler(SIGINT/SIGTERM)
[parameter_bridge-28] [INFO] [1781989343.491896158] [rclcpp]: signal_handler(SIGINT/SIGTERM)
[parameter_bridge-16] [INFO] [1781989343.491974589] [rclcpp]: signal_handler(SIGINT/SIGTERM)
[parameter_bridge-29] [INFO] [1781989343.492029833] [rclcpp]: signal_handler(SIGINT/SIGTERM)
[robot_state-38] [INFO] [1781989343.492129077] [rclcpp]: signal_handler(SIGINT/SIGTERM)
[kidnap_estimator_publisher-39] [INFO] [1781989343.492248155] [rclcpp]: signal_handler(SIGINT/SIGTERM)
[parameter_bridge-14] [INFO] [1781989343.492295438] [rclcpp]: signal_handler(SIGINT/SIGTERM)
[parameter_bridge-26] [INFO] [1781989343.492426110] [rclcpp]: signal_handler(SIGINT/SIGTERM)
[pose_republisher_node-41] [INFO] [1781989343.492374986] [rclcpp]: signal_handler(SIGINT/SIGTERM)
[parameter_bridge-21] [INFO] [1781989343.492543372] [rclcpp]: signal_handler(SIGINT/SIGTERM)
[parameter_bridge-23] [INFO] [1781989343.492558318] [rclcpp]: signal_handler(SIGINT/SIGTERM)
[parameter_bridge-18] [INFO] [1781989343.492562579] [rclcpp]: signal_handler(SIGINT/SIGTERM)
[interface_buttons_node-43] [INFO] [1781989343.492535341] [rclcpp]: signal_handler(SIGINT/SIGTERM)
[ir_intensity_vector_publisher-34] [INFO] [1781989343.492705612] [rclcpp]: signal_handler(SIGINT/SIGTERM)
[parameter_bridge-25] [INFO] [1781989343.492701771] [rclcpp]: signal_handler(SIGINT/SIGTERM)
[static_transform_publisher-45] [INFO] [1781989343.492741231] [rclcpp]: signal_handler(SIGINT/SIGTERM)
[turtlebot4_gz_hmi_node-31] [INFO] [1781989343.492734527] [rclcpp]: signal_handler(SIGINT/SIGTERM)
[parameter_bridge-20] [INFO] [1781989343.492896906] [rclcpp]: signal_handler(SIGINT/SIGTERM)
[parameter_bridge-12] [INFO] [1781989343.492952639] [rclcpp]: signal_handler(SIGINT/SIGTERM)
[robot_state_publisher-5] [INFO] [1781989343.493005509] [rclcpp]: signal_handler(SIGINT/SIGTERM)
[parameter_bridge-2] [INFO] [1781989343.493178365] [rclcpp]: signal_handler(SIGINT/SIGTERM)
[static_transform_publisher-6] [INFO] [1781989343.493279284] [rclcpp]: signal_handler(SIGINT/SIGTERM)
[gazebo-1] [1;36m[GUI] [Dbg] [SignalHandler.cc:142] [0m[1;36mReceived signal[[0m[1;36m2[0m[1;36m].[0m
[gazebo-1] [1;36m[GUI] [Dbg] [Gui.cc:535] [0m[1;36mShutting down gz-sim-gui[0m[1;36m[0m
[gazebo-1] [1;36m[GUI] [Dbg] [Application.cc:237] [0m[1;36mTerminating application.[0m[1;36m[0m
[parameter_bridge-11] [INFO] [1781989343.493352408] [rclcpp]: signal_handler(SIGINT/SIGTERM)
[parameter_bridge-10] [INFO] [1781989343.493575619] [rclcpp]: signal_handler(SIGINT/SIGTERM)
[hazards_vector_publisher-33] [INFO] [1781989343.493652444] [rclcpp]: signal_handler(SIGINT/SIGTERM)
[parameter_bridge-22] [INFO] [1781989343.494016314] [rclcpp]: signal_handler(SIGINT/SIGTERM)
[static_transform_publisher-44] [INFO] [1781989343.494032517] [rclcpp]: signal_handler(SIGINT/SIGTERM)
[parameter_bridge-27] [INFO] [1781989343.494445974] [rclcpp]: signal_handler(SIGINT/SIGTERM)
[turtlebot4_node-30] [INFO] [1781989343.494627770] [rclcpp]: signal_handler(SIGINT/SIGTERM)
[parameter_bridge-17] [INFO] [1781989343.494943520] [rclcpp]: signal_handler(SIGINT/SIGTERM)
[parameter_bridge-19] [INFO] [1781989343.494946872] [rclcpp]: signal_handler(SIGINT/SIGTERM)
[mock_publisher-37] [INFO] [1781989343.495242718] [rclcpp]: signal_handler(SIGINT/SIGTERM)
[parameter_bridge-9] [INFO] [1781989343.495859691] [rclcpp]: signal_handler(SIGINT/SIGTERM)
[parameter_bridge-13] [INFO] [1781989343.496155816] [rclcpp]: signal_handler(SIGINT/SIGTERM)
[parameter_bridge-24] [INFO] [1781989343.496539311] [rclcpp]: signal_handler(SIGINT/SIGTERM)
[gazebo-1] [1;36m[GUI] [Dbg] [MinimalScene.cc:841] [0m[1;36mDestroy scene [[0m[1;36mscene[0m[1;36m][0m[1;36m[0m
[INFO] [parameter_bridge-27]: process has finished cleanly [pid 3921]
[INFO] [parameter_bridge-17]: process has finished cleanly [pid 3911]
[INFO] [parameter_bridge-9]: process has finished cleanly [pid 3903]
[INFO] [parameter_bridge-21]: process has finished cleanly [pid 3915]
[INFO] [interface_buttons_node-43]: process has finished cleanly [pid 3953]
[INFO] [parameter_bridge-11]: process has finished cleanly [pid 3905]
[INFO] [parameter_bridge-10]: process has finished cleanly [pid 3904]
[INFO] [parameter_bridge-26]: process has finished cleanly [pid 3920]
[INFO] [static_transform_publisher-45]: process has finished cleanly [pid 3959]
[INFO] [parameter_bridge-25]: process has finished cleanly [pid 3919]
[INFO] [robot_state_publisher-5]: process has finished cleanly [pid 3899]
[INFO] [parameter_bridge-28]: process has finished cleanly [pid 3922]
[INFO] [parameter_bridge-16]: process has finished cleanly [pid 3910]
[INFO] [turtlebot4_gz_hmi_node-31]: process has finished cleanly [pid 3927]
[INFO] [parameter_bridge-12]: process has finished cleanly [pid 3906]
[INFO] [parameter_bridge-22]: process has finished cleanly [pid 3916]
[INFO] [ir_intensity_vector_publisher-34]: process has finished cleanly [pid 3932]
[INFO] [parameter_bridge-14]: process has finished cleanly [pid 3908]
[INFO] [wheel_status_publisher-36]: process has finished cleanly [pid 3934]
[INFO] [hazards_vector_publisher-33]: process has finished cleanly [pid 3929]
[INFO] [ui_mgr-40]: process has finished cleanly [pid 3946]
[INFO] [parameter_bridge-29]: process has finished cleanly [pid 3923]
[INFO] [parameter_bridge-15]: process has finished cleanly [pid 3909]
[INFO] [sensors_node-42]: process has finished cleanly [pid 3952]
[INFO] [motion_control-35]: process has finished cleanly [pid 3933]
[INFO] [parameter_bridge-23]: process has finished cleanly [pid 3917]
[INFO] [turtlebot4_node-30]: process has finished cleanly [pid 3924]
[INFO] [parameter_bridge-24]: process has finished cleanly [pid 3918]
[INFO] [parameter_bridge-13]: process has finished cleanly [pid 3907]
[INFO] [parameter_bridge-20]: process has finished cleanly [pid 3914]
[INFO] [parameter_bridge-18]: process has finished cleanly [pid 3912]
[INFO] [parameter_bridge-2]: process has finished cleanly [pid 3895]
[INFO] [parameter_bridge-19]: process has finished cleanly [pid 3913]
[gazebo-1] [1;36m[Dbg] [SignalHandler.cc:142] [0m[1;36mReceived signal[[0m[1;36m2[0m[1;36m].[0m
[gazebo-1] [1;36m[Dbg] [ServerPrivate.cc:122] [0m[1;36mServer received signal[[0m[1;36m2[0m[1;36m][0m
[gazebo-1] [1;36m[Dbg] [Sensors.cc:565] [0m[1;36mSensorsPrivate::Stop[0m[1;36m[0m
[gazebo-1] Stack trace (most recent call last) in thread 4904:
[gazebo-1] #25   Object "[0xffffffffffffffff]", at 0xffffffffffffffff, in 
[gazebo-1] #24   Object "/lib/x86_64-linux-gnu/libc.so.6", at 0x7f02ea729c6b, in 
[gazebo-1] #23   Object "/lib/x86_64-linux-gnu/libc.so.6", at 0x7f02ea69caa3, in 
[gazebo-1] #22   Object "/lib/x86_64-linux-gnu/libstdc++.so.6", at 0x7f02e4eecdb3, in 
[gazebo-1] #21   Object "/opt/ros/jazzy/opt/gz_sim_vendor/lib/gz-sim-8/plugins/libgz-sim-sensors-system.so", at 0x7f0268c5b0e4, in gz::sim::v8::systems::SensorsPrivate::RenderThread()
[gazebo-1] #20   Object "/opt/ros/jazzy/opt/gz_sim_vendor/lib/libgz-sim8-rendering.so.8", at 0x7f0268bb3a2f, in gz::sim::v8::RenderUtil::Destroy()
[gazebo-1] #19   Object "/opt/ros/jazzy/opt/gz_rendering_vendor/lib/libgz-rendering8.so.8", at 0x7f0268a1d5bb, in gz::rendering::v8::BaseRenderEngine::DestroyScene(std::shared_ptr<gz::rendering::v8::Scene>)
[gazebo-1] #18   Object "/opt/ros/jazzy/opt/gz_rendering_vendor/lib/gz-rendering-8/engine-plugins/libgz-rendering-ogre.so", at 0x7f02265a788c, in 
[gazebo-1] #17   Object "/opt/ros/jazzy/opt/gz_rendering_vendor/lib/libgz-rendering8.so.8", at 0x7f0268a2d9e8, in gz::rendering::v8::BaseScene::Destroy()
[gazebo-1] #16   Object "/opt/ros/jazzy/opt/gz_rendering_vendor/lib/libgz-rendering8.so.8", at 0x7f0268a2ea54, in gz::rendering::v8::BaseScene::Clear()
[gazebo-1] #15   Object "/opt/ros/jazzy/opt/gz_rendering_vendor/lib/libgz-rendering8.so.8", at 0x7f0268a1e631, in gz::rendering::v8::BaseScene::DestroyMaterials()
[gazebo-1] #14   Object "/opt/ros/jazzy/opt/gz_rendering_vendor/lib/libgz-rendering8.so.8", at 0x7f0268a09215, in 
[gazebo-1] #13   Object "/opt/ros/jazzy/opt/gz_rendering_vendor/lib/gz-rendering-8/engine-plugins/libgz-rendering-ogre.so", at 0x7f02265cdf80, in 
[gazebo-1] #12   Object "/opt/ros/jazzy/opt/gz_rendering_vendor/lib/gz-rendering-8/engine-plugins/libgz-rendering-ogre.so", at 0x7f022658ecb0, in gz::rendering::v8::OgreMaterial::~OgreMaterial()
[gazebo-1] #11   Object "/opt/ros/jazzy/opt/gz_rendering_vendor/lib/gz-rendering-8/engine-plugins/libgz-rendering-ogre.so", at 0x7f022658e7ed, in gz::rendering::v8::OgreMaterial::Destroy()
[gazebo-1] #10   Object "/opt/ros/jazzy/opt/gz_rendering_vendor/lib/gz-rendering-8/engine-plugins/libgz-rendering-ogre.so", at 0x7f02265a9a2f, in gz::rendering::v8::OgreMeshFactory::ClearMaterialsCache(std::__cxx11::basic_string<char, std::char_traits<char>, std::allocator<char> > const&)
[gazebo-1] #9    Object "/opt/ros/jazzy/opt/gz_rendering_vendor/lib/gz-rendering-8/engine-plugins/libgz-rendering-ogre.so", at 0x7f0226532755, in 
[gazebo-1] #8    Object "/opt/ros/jazzy/opt/gz_rendering_vendor/lib/gz-rendering-8/engine-plugins/libgz-rendering-ogre.so", at 0x7f02265cdf80, in 
[gazebo-1] #7    Object "/opt/ros/jazzy/opt/gz_rendering_vendor/lib/gz-rendering-8/engine-plugins/libgz-rendering-ogre.so", at 0x7f022658ecb0, in gz::rendering::v8::OgreMaterial::~OgreMaterial()
[gazebo-1] #6    Object "/opt/ros/jazzy/opt/gz_rendering_vendor/lib/gz-rendering-8/engine-plugins/libgz-rendering-ogre.so", at 0x7f022658e7ed, in gz::rendering::v8::OgreMaterial::Destroy()
[gazebo-1] #5    Object "/opt/ros/jazzy/opt/gz_rendering_vendor/lib/gz-rendering-8/engine-plugins/libgz-rendering-ogre.so", at 0x7f02265a9a2f, in gz::rendering::v8::OgreMeshFactory::ClearMaterialsCache(std::__cxx11::basic_string<char, std::char_traits<char>, std::allocator<char> > const&)
[gazebo-1] #4    Object "/opt/ros/jazzy/opt/gz_rendering_vendor/lib/gz-rendering-8/engine-plugins/libgz-rendering-ogre.so", at 0x7f0226532755, in 
[gazebo-1] #3    Object "/opt/ros/jazzy/opt/gz_rendering_vendor/lib/gz-rendering-8/engine-plugins/libgz-rendering-ogre.so", at 0x7f02265cdf80, in 
[gazebo-1] #2    Object "/opt/ros/jazzy/opt/gz_rendering_vendor/lib/gz-rendering-8/engine-plugins/libgz-rendering-ogre.so", at 0x7f022658ecb0, in gz::rendering::v8::OgreMaterial::~OgreMaterial()
[gazebo-1] #1    Object "/opt/ros/jazzy/opt/gz_rendering_vendor/lib/gz-rendering-8/engine-plugins/libgz-rendering-ogre.so", at 0x7f022658e7ed, in gz::rendering::v8::OgreMaterial::Destroy()
[gazebo-1] #0    Object "/opt/ros/jazzy/opt/gz_rendering_vendor/lib/gz-rendering-8/engine-plugins/libgz-rendering-ogre.so", at 0x7f02265a97fb, in gz::rendering::v8::OgreMeshFactory::ClearMaterialsCache(std::__cxx11::basic_string<char, std::char_traits<char>, std::allocator<char> > const&)
[gazebo-1] Segmentation fault (Address not mapped to object [(nil)])
[INFO] [static_transform_publisher-44]: process has finished cleanly [pid 3957]
[INFO] [mock_publisher-37]: process has finished cleanly [pid 3937]
[INFO] [static_transform_publisher-6]: process has finished cleanly [pid 3900]
[INFO] [robot_state_publisher-3]: process has finished cleanly [pid 3896]
[INFO] [robot_state-38]: process has finished cleanly [pid 3938]
[INFO] [pose_republisher_node-41]: process has finished cleanly [pid 3951]
[INFO] [kidnap_estimator_publisher-39]: process has finished cleanly [pid 3939]
[INFO] [gazebo-1]: process has finished cleanly [pid 3894]
[joint_state_publisher-4] Traceback (most recent call last):
[joint_state_publisher-4]   File "/opt/ros/jazzy/lib/joint_state_publisher/joint_state_publisher", line 33, in <module>
[joint_state_publisher-4]     sys.exit(load_entry_point('joint-state-publisher==2.4.1', 'console_scripts', 'joint_state_publisher')())
[joint_state_publisher-4]              ^^^^^^^^^^^^^^^^^^^^^^^^^^^^^^^^^^^^^^^^^^^^^^^^^^^^^^^^^^^^^^^^^^^^^^^^^^^^^^^^^^^^^^^^^^^^^^
[joint_state_publisher-4]   File "/opt/ros/jazzy/lib/python3.12/site-packages/joint_state_publisher/joint_state_publisher.py", line 568, in main
[joint_state_publisher-4]     rclpy.spin(jsp)
[joint_state_publisher-4]   File "/opt/ros/jazzy/lib/python3.12/site-packages/rclpy/__init__.py", line 247, in spin
[joint_state_publisher-4]     executor.spin_once()
[joint_state_publisher-4]   File "/opt/ros/jazzy/lib/python3.12/site-packages/rclpy/executors.py", line 926, in spin_once
[joint_state_publisher-4]     self._spin_once_impl(timeout_sec)
[joint_state_publisher-4]   File "/opt/ros/jazzy/lib/python3.12/site-packages/rclpy/executors.py", line 907, in _spin_once_impl
[joint_state_publisher-4]     handler, entity, node = self.wait_for_ready_callbacks(
[joint_state_publisher-4]                             ^^^^^^^^^^^^^^^^^^^^^^^^^^^^^^
[joint_state_publisher-4]   File "/opt/ros/jazzy/lib/python3.12/site-packages/rclpy/executors.py", line 877, in wait_for_ready_callbacks
[joint_state_publisher-4]     return next(self._cb_iter)
[joint_state_publisher-4]            ^^^^^^^^^^^^^^^^^^^
[joint_state_publisher-4]   File "/opt/ros/jazzy/lib/python3.12/site-packages/rclpy/executors.py", line 785, in _wait_for_ready_callbacks
[joint_state_publisher-4]     raise ExternalShutdownException()
[joint_state_publisher-4] rclpy.executors.ExternalShutdownException
[ERROR] [joint_state_publisher-4]: process has died [pid 3898, exit code 1, cmd '/opt/ros/jazzy/lib/joint_state_publisher/joint_state_publisher --ros-args -r __node:=joint_state_publisher -r __ns:=/ --params-file /tmp/launch_params_7e7n09zn -r /tf:=tf -r /tf_static:=tf_static'].
